FacilityName,FacilityNameFull,City,END
1 2 3 You N Me Preschool,1 2 3 You N Me Preschool,Peoria,
1st Holy Zion Center for Learning,1st Holy Zion Center for Learning,Chicago,
21st Century Primary Center,21st Century Primary Center,Park Forest,
7th Grade Academy,7th Grade Academy,Cahokia,
8th Grade Academy,8th Grade Academy,Cahokia,
A B Shepard High Sch (Campus),A B Shepard High Sch (Campus),Palos Heights,
A E R O Spec Educ Coop,A E R O Spec Educ Coop,Burbank,
A E R O Educational Center,A E R O Educational Center,Burbank,
A F Ames Elem School,A F Ames Elem School,Riverside,
A J Katzenmaier Academy,A J Katzenmaier Academy,North Chicago,
A Mothers Touch Creative Learning Center,A Mothers Touch Creative Learning Center,Arlington Heights,
A Mothers Touch Learning Academy,A Mothers Touch Learning Academy,Des Plaines,
A O Marshall Elem School,A O Marshall Elem School,Joliet,
A Place of Hope Christian Ministries,A Place of Hope Christian Ministries,Chicago,
A Step Ahead Academy,A Step Ahead Academy,Chicago,
A Village Green Montessori,A Village Green Montessori,Libertyville,
A Vito Martinez Middle School,A Vito Martinez Middle School,Romeoville,
A.E.R.O. EC Program-Satellite,A.E.R.O. EC Program-Satellite,Burbank,
A.E.R.O.-Comm. Develop.-Satellite,A.E.R.O.-Comm. Develop.-Satellite,Burbank,
A.E.R.O-Connect Prog-Satellite,A.E.R.O-Connect Prog-Satellite,Burbank,
A.E.R.O-Functional Acad Learning-Satellite,A.E.R.O-Functional Acad Learning-Satellite,Burbank,
A.E.R.O-STAR (Autism)-Satellite,A.E.R.O-STAR (Autism)-Satellite,Burbank,
A.S.B. Educational Institute,A.S.B. Educational Institute,Chicago,
AAA Academy,AAA Academy,Blue Island,
AAA Academy II,AAA Academy II,E Hazel Crest,
AAA Academy Intensive,AAA Academy Intensive,Blue Island,
Abbott Middle School,Abbott Middle School,Elgin,
Abe Lincoln Elem School,Abe Lincoln Elem School,Cicero,
Abingdon-Avon CUSD 276,Abingdon-Avon CUSD 276,Abingdon,
Abingdon-Avon High Sch,Abingdon-Avon High Sch,Abingdon,
Abingdon-Avon Middle Sch,Abingdon-Avon Middle Sch,Avon,
ABLE Academy,ABLE Academy,Aurora,
ABLE Academy,ABLE Academy,Warrenville,
ABLE Academy - Intensive,ABLE Academy - Intensive,Warrenville,
Able Program,Able Program,Markham,
Abounding Grace Christian Acad,Abounding Grace Christian Acad,Rockford,
Abraham Lincoln Elem School,Abraham Lincoln Elem School,Oak Park,
Abraham Lincoln Elem School,Abraham Lincoln Elem School,Glen Ellyn,
Abraham Lincoln Elem School,Abraham Lincoln Elem School,Belleville,
Abraham Lincoln Middle School,Abraham Lincoln Middle School,Rockford,
Abraxas Meridian North,Abraxas Meridian North,Woodridge,
Abraxas Naperville Bridge Program,Abraxas Naperville Bridge Program,Woodridge,
Abraxas Naperville Bridge-Int,Abraxas Naperville Bridge-Int,Woodridge,
Abraxas Youth & Family Services,Abraxas Youth & Family Services,Woodridge,
Abundant Grace College Preparatory,Abundant Grace College Preparatory,Hazel Crest,
Abundant Living Christian Academy,Abundant Living Christian Academy,Dolton,
Abundant Model College Preparatory,Abundant Model College Preparatory,Harvey,
A-C Central CUSD 262,A-C Central CUSD 262,Ashland,
A-C Central Elementary School,A-C Central Elementary School,Chandlerville,
A-C Central High School,A-C Central High School,Ashland,
A-C Central Middle School,A-C Central Middle School,Ashland,
Acacia Academy,Acacia Academy,La Grange Highlands,
Acacia Academy - Intensive,Acacia Academy - Intensive,La Grange Highlands,
Acad of St Priscilla at Divine Savior,Acad of St Priscilla at Divine Savior,Norridge,
Academic Behavior&Community Acad,Academic Behavior&Community Acad,Quincy,
Academic Mastery Academy,Academic Mastery Academy,Posen,
Academic Mastery Alt Ed Acad,Academic Mastery Alt Ed Acad,Posen,
Academy for Autism,Academy for Autism,Peoria,
Academy for Autism- Int,Academy for Autism- Int,Peoria,
Academy for Global Citizenship,Academy for Global Citizenship,Chicago,
Academy for Learning,Academy for Learning,Dolton,
Academy for Lifelong Learning (ALL),Academy for Lifelong Learning (ALL),Chicago Heights,
Academy High,Academy High,Champaign,
Academy of Scholastic Achievement,Academy of Scholastic Achievement,Chicago,
Academy of St Benedict,Academy of St Benedict,Chicago,
Academy Sacred Heart/Hardey Prep,Academy Sacred Heart/Hardey Prep,Chicago,
Acadia Arkansas,Acadia Arkansas,Fordyce,
Acadia Behavioral Health,Acadia Behavioral Health,Franklin,
Acadia Health Care,Acadia Health Care,Franklin,
Acadia Montana,Acadia Montana,Butte,
ACDC Penniman,ACDC Penniman,Cahokia,
ACE Technical Charter High School,ACE Technical Charter High School,Chicago,
Acero Chtr Netrk - Major Garcia,Acero Chtr Netrk - Major Garcia,Chicago,
Acero Chtr Sch Network - Jovita Idar,Acero Chtr Sch Network - Jovita Idar,Chicago,
Acero Chtr Sch Network - Major Hector P Garcia MD Campus,Acero Chtr Sch Network - Major Hector P Garcia MD Campus,Chicago,
Acero Chtr Sch Network - Bartolome de las Casas,Acero Chtr Sch Network - Bartolome de las Casas,Chicago,
Acero Chtr Sch Network - Brighton Park Campus,Acero Chtr Sch Network - Brighton Park Campus,Chicago,
Acero Chtr Sch Network - Carlos Fuentes Campus,Acero Chtr Sch Network - Carlos Fuentes Campus,Chicago,
Acero Chtr Sch Network - Esmeralda Santiago Campus,Acero Chtr Sch Network - Esmeralda Santiago Campus,Chicago,
Acero Chtr Sch Network - Octavio Paz Campus,Acero Chtr Sch Network - Octavio Paz Campus,Chicago,
Acero Chtr Sch Network - Officer Donald J Marquez Campus,Acero Chtr Sch Network - Officer Donald J Marquez Campus,Chicago,
Acero Chtr Sch Network - PFC Omar E Torres Campus,Acero Chtr Sch Network - PFC Omar E Torres Campus,Chicago,
Acero Chtr Sch Network - Rufino Tamayo Campus,Acero Chtr Sch Network - Rufino Tamayo Campus,Chicago,
Acero Chtr Sch Network - SPC Daniel Zizumbo Campus,Acero Chtr Sch Network - SPC Daniel Zizumbo Campus,Chicago,
Acero Chtr Sch Network- Sandra Cisneros Campus,Acero Chtr Sch Network- Sandra Cisneros Campus,Chicago,
Acero Chtr Sch Network Victoria Soto Campus,Acero Chtr Sch Network Victoria Soto Campus,Chicago,
Acero Chtr Sch Netwrk- Victoria,Acero Chtr Sch Netwrk- Victoria,Chicago,
Acero Chtr Sch Newtwork - Roberto Clemente Campus,Acero Chtr Sch Newtwork - Roberto Clemente Campus,Chicago,
Acero Chtr Sch Newtwork- Sor Juana Ines de la Cruz,Acero Chtr Sch Newtwork- Sor Juana Ines de la Cruz,Chicago,
Achievement Centers,Achievement Centers,La Grange Highlands,
ACTIONS Program,ACTIONS Program,Champaign,
Ada S McKinley Community Services,Ada S McKinley Community Services,Chicago,
Adam/Brwn/Cass/Morgn/Pik/Sctt ROE,Adam/Brwn/Cass/Morgn/Pik/Sctt ROE,Quincy,
Adams Co Juvenile Detention Cntr,Adams Co Juvenile Detention Cntr,Quincy,
Adams County RSSP,Adams County RSSP,Quincy,
Adams Elem School,Adams Elem School,Lincoln,
Adams School,Adams School,Creal Springs,
Addams Elem School,Addams Elem School,Chicago,
Addison Early Learning Center,Addison Early Learning Center,Addison,
Addison SD 4,Addison SD 4,Addison,
Addison Trail High School,Addison Trail High School,Addison,
Adlai E Stevenson High School,Adlai E Stevenson High School,Lincolnshire,
Adlai E Stevenson HSD 125,Adlai E Stevenson HSD 125,Lincolnshire,
Adlai Stevenson Elem School,Adlai Stevenson Elem School,Elk Grove Village,
Adler Park School,Adler Park School,Libertyville,
Adm Richard E Byrd Elem School,Adm Richard E Byrd Elem School,Elk Grove Village,
Adolescent Adjustment Center,Adolescent Adjustment Center,Centreville,
Adolph Link Elem School,Adolph Link Elem School,Elk Grove Village,
Adult LIFE Academy,Adult LIFE Academy,Mattoon,
Adventist GlenOaks Hospital,Adventist GlenOaks Hospital,Glendale Heights,
Advocate Condell Day Center,Advocate Condell Day Center,Libertyville,
Agape Christian High School,Agape Christian High School,Marion,
Agassiz Elem School,Agassiz Elem School,Chicago,
Air Force Acad High School,Air Force Acad High School,Chicago,
AIS Intelligence Project,AIS Intelligence Project,Chicago,
Akiba-Schechter Day School,Akiba-Schechter Day School,Chicago,
Akin CCSD 91,Akin CCSD 91,Akin,
Akin Comm Cons Elem School,Akin Comm Cons Elem School,Akin,
Al Huda Academy,Al Huda Academy,Hanover Park,
Alan B Shepard Elem School,Alan B Shepard Elem School,Bourbonnais,
Alan B Shepard Middle School,Alan B Shepard Middle School,Deerfield,
Albany Park Multicultural Elem,Albany Park Multicultural Elem,Chicago,
Albers Elem School,Albers Elem School,Albers,
Albers SD 63,Albers SD 63,Albers,
Albert Cassens Elementary,Albert Cassens Elementary,Glen Carbon,
Albert Einstein Elem School,Albert Einstein Elem School,Hanover Park,
Albion Grade School,Albion Grade School,Albion,
Alcott College Prep,Alcott College Prep,Chicago,
Alcott Elem School,Alcott Elem School,Chicago,
Alcott Humanities High School,Alcott Humanities High School,Chicago,
Alcuin Montessori School,Alcuin Montessori School,Oak Park,
Alden Hebron Elem School,Alden Hebron Elem School,Hebron,
Alden Hebron SD 19,Alden Hebron SD 19,Hebron,
Alden-Hebron High School,Alden-Hebron High School,Hebron,
Alden-Hebron Middle School,Alden-Hebron Middle School,Hebron,
Aldridge Elem School,Aldridge Elem School,Chicago,
Alex M Martino Jr High School,Alex M Martino Jr High School,New Lenox,
Alexander Graham Bell Mont. INT,Alexander Graham Bell Mont. INT,Wheeling,
Alexander Graham Bell Montessori,Alexander Graham Bell Montessori,Wheeling,
Alexander Leigh Cntr for Autism,Alexander Leigh Cntr for Autism,McHenry,
Algonquin Lakes Elem Sch,Algonquin Lakes Elem Sch,Algonquin,
Algonquin Middle School,Algonquin Middle School,Des Plaines,
Algonquin Middle School,Algonquin Middle School,Algonquin,
Algonquin Primary Center,Algonquin Primary Center,Park Forest,
Algonquin Road Elem School,Algonquin Road Elem School,Fox River Grove,
Alhambra Primary School,Alhambra Primary School,Alhambra,
Alice Gustafson Elem School,Alice Gustafson Elem School,Batavia,
Alices Discovery Center,Alices Discovery Center,Waukegan,
All About Kids Montessori Sch,All About Kids Montessori Sch,Aurora,
All Day Montessori,All Day Montessori,Chicago,
All Saints Academy,All Saints Academy,Breese,
All Saints Catholic Academy,All Saints Catholic Academy,Rockford,
All Saints Catholic Academy,All Saints Catholic Academy,Naperville,
Alleman High School,Alleman High School,Rock Island,
Allen Junior High School,Allen Junior High School,La Moille,
Allendale - North Chicago,Allendale - North Chicago,North Chicago,
Allendale Association,Allendale Association,Lake Villa,
Allendale CCSD 17,Allendale CCSD 17,Allendale,
Allendale Elementary School,Allendale Elementary School,Allendale,
Allendale Res. Sch. Prg. Int,Allendale Res. Sch. Prg. Int,Lake Villa,
Allendale Residential School Prog,Allendale Residential School Prog,Lake Villa,
Allendale School,Allendale School,Lake Villa,
Allendale Stepping Stone-Day-Int,Allendale Stepping Stone-Day-Int,Lake Villa,
Allendale-Becker House,Allendale-Becker House,Waukegan,
Allendale-Stepping Stone West,Allendale-Stepping Stone West,Woodstock,
Allendale-Stepping Stone-Day,Allendale-Stepping Stone-Day,Lake Villa,
Allendale-Stepping Stone-LINC,Allendale-Stepping Stone-LINC,Woodstock,
Allendale-Stepping Stone-LINC-Int,Allendale-Stepping Stone-LINC-Int,Woodstock,
Allendale-Walter Cherry,Allendale-Walter Cherry,Waukegan,
Allen-Otter Creek CCSD 65,Allen-Otter Creek CCSD 65,Ransom,
ALOP Academic Learning Program,ALOP Academic Learning Program,Oak Park,
Alphonsus Acad & Cntr for Arts,Alphonsus Acad & Cntr for Arts,Chicago,
Alpine Academy,Alpine Academy,Tooele,
Alpine Academy,Alpine Academy,Rockford,
Alpine Academy-Willow Creek Home,Alpine Academy-Willow Creek Home,Erda,
Alpine Christian School,Alpine Christian School,Rockford,
Alsip-Hazlgrn-Oaklwn SD 126,Alsip-Hazlgrn-Oaklwn SD 126,Alsip,
ALSP-Blackhawk MS-Bensenville SD 2,ALSP-Blackhawk MS-Bensenville SD 2,Bensenville,
ALSP-DuJardin Elem Sch-Bloomingdale SD 13,ALSP-DuJardin Elem Sch-Bloomingdale SD 13,Bloomingdale,
ALSP-F.E. Peacock MS-Itasca SD 10,ALSP-F.E. Peacock MS-Itasca SD 10,Itasca,
ALSP-Fenton CHS-Fenton HSD 100,ALSP-Fenton CHS-Fenton HSD 100,Bensenville,
ALSP-Lake Park East HS-Lake Park SD 108,ALSP-Lake Park East HS-Lake Park SD 108,Roselle,
ALSP-Medinah Inter Sch-Medinah SD 11,ALSP-Medinah Inter Sch-Medinah SD 11,Medinah,
ALSP-Westfield MS-Bloomingdale SD 13,ALSP-Westfield MS-Bloomingdale SD 13,Bloomingdale,
Alt Behavior Treatment Centers,Alt Behavior Treatment Centers,Mundelein,
Altamont CUSD 10,Altamont CUSD 10,Altamont,
Altamont Grade School,Altamont Grade School,Altamont,
Altamont High School,Altamont High School,Altamont,
Altamont Lutheran Interparish,Altamont Lutheran Interparish,Altamont,
Alternative Education Center,Alternative Education Center,Decatur,
Althoff Catholic High School,Althoff Catholic High School,Belleville,
Altntve Academic Acheivemnt Acad,Altntve Academic Acheivemnt Acad,Blue Island,
Alton CUSD 11,Alton CUSD 11,Alton,
Alton High School,Alton High School,Alton,
Alton Middle School,Alton Middle School,Alton,
Altus Academy,Altus Academy,Chicago,
AlWood Middle/High School,AlWood Middle/High School,Woodhull,
AlWood CUSD 225,AlWood CUSD 225,Woodhull,
AlWood Elem School,AlWood Elem School,Alpha,
Alxndr/Jcksn/Pulsk/Prry/Union ROE,Alxndr/Jcksn/Pulsk/Prry/Union ROE,Murphysboro,
Amandla Charter School,Amandla Charter School,Chicago,
Amboy Central Elem School,Amboy Central Elem School,Amboy,
Amboy CUSD 272,Amboy CUSD 272,Amboy,
Amboy High School,Amboy High School,Amboy,
Amboy Jr High School,Amboy Jr High School,Amboy,
Amelia V Carriel Jr High,Amelia V Carriel Jr High,O Fallon,
American School,American School,Lansing,
Americana Intermediate School,Americana Intermediate School,Glendale Heights,
Amos Alonzo Stagg High School,Amos Alonzo Stagg High School,Palos Hills,
Amundsen High School,Amundsen High School,Chicago,
Ancona School Society Inc,Ancona School Society Inc,Chicago,
Andalusia Elem School,Andalusia Elem School,Andalusia,
Anderson Elem School,Anderson Elem School,Saint Charles,
Andrew Cooke Magnet Elem School,Andrew Cooke Magnet Elem School,Waukegan,
Angel Outreach Inc,Angel Outreach Inc,North Aurora,
Ann Reid Early Childhood Center,Ann Reid Early Childhood Center,Naperville,
Anna CCSD 37,Anna CCSD 37,Anna,
Anna Jonesboro CHSD 81,Anna Jonesboro CHSD 81,Anna,
Anna Junior High School,Anna Junior High School,Anna,
Anna McDonald Elem School,Anna McDonald Elem School,Manhattan,
Anna-Jonesboro High School,Anna-Jonesboro High School,Anna,
Annawan CUSD 226,Annawan CUSD 226,Annawan,
Annawan Grade School,Annawan Grade School,Annawan,
Annawan High School,Annawan High School,Annawan,
Anne Fox Elem School,Anne Fox Elem School,Hanover Park,
Anne M Jeans Elem School,Anne M Jeans Elem School,Willowbrook,
Anne Sullivan Elem School,Anne Sullivan Elem School,Prospect Heights,
Annette Officer Elementary,Annette Officer Elementary,East Saint Louis,
Annunciata School,Annunciata School,Chicago,
Annunciation,Annunciation,Aurora,
Another Chance Learning Center,Another Chance Learning Center,Chicago,
Antioch CCSD 34,Antioch CCSD 34,Antioch,
Antioch Christian Academy,Antioch Christian Academy,Decatur,
Antioch Comm High School,Antioch Comm High School,Antioch,
Antioch Upper Grade School,Antioch Upper Grade School,Antioch,
Aplington Middle School,Aplington Middle School,Polo,
Apollo Elem School,Apollo Elem School,Des Plaines,
Apollo Elem School,Apollo Elem School,Aledo,
Apostolic Kingdom,Apostolic Kingdom,South Holland,
Apostolic Learning Academy,Apostolic Learning Academy,Dupo,
Aptakisic Junior High School,Aptakisic Junior High School,Buffalo Grove,
Aptakisic-Tripp CCSD 102,Aptakisic-Tripp CCSD 102,Buffalo Grove,
Aqsa School,Aqsa School,Bridgeview,
Aquin Catholic Jr-Sr High School,Aquin Catholic Jr-Sr High School,Freeport,
Aquin Elementary Campus,Aquin Elementary Campus,Freeport,
Aquinas Academy,Aquinas Academy,Hometown,
Arbor Academy,Arbor Academy,Highland Park,
Arbor Park Middle School,Arbor Park Middle School,Oak Forest,
Arbor Park SD 145,Arbor Park SD 145,Oak Forest,
Arbor View Elem School,Arbor View Elem School,Glen Ellyn,
Arbury Hills Elem School,Arbury Hills Elem School,Mokena,
ARC,ARC,Jacksonville,
Arcadia Elem School,Arcadia Elem School,Olympia Fields,
Arcola CUSD 306,Arcola CUSD 306,Arcola,
Arcola Elementary School,Arcola Elementary School,Arcola,
Arcola High School,Arcola High School,Arcola,
Ardmore Elem School,Ardmore Elem School,Addison,
Ardmore Elem School,Ardmore Elem School,Villa Park,
Argenta-Oreana CUSD 1,Argenta-Oreana CUSD 1,Argenta,
Argenta-Oreana Elementary School,Argenta-Oreana Elementary School,Oreana,
Argenta-Oreana High School,Argenta-Oreana High School,Argenta,
Argenta-Oreana Middle School,Argenta-Oreana Middle School,Argenta,
Argo CHSD 217,Argo CHSD 217,Summit,
Argo Community High School,Argo Community High School,Summit,
Arie Crown Hebrew Day School,Arie Crown Hebrew Day School,Skokie,
Ariel Elem Community Academy,Ariel Elem Community Academy,Chicago,
Arland D Williams Jr Elem Sch,Arland D Williams Jr Elem Sch,Mattoon,
Arlene Welch Elementary School,Arlene Welch Elementary School,Naperville,
Arlington Heights SD 25,Arlington Heights SD 25,Arlington Heights,
Arlington Montessori Sch,Arlington Montessori Sch,Arlington Heights,
Arlyn Day School,Arlyn Day School,Highland Park,
Arlyn Day School - Extended,Arlyn Day School - Extended,Highland Park,
Arlyn Transition Program,Arlyn Transition Program,Highland Park,
Arlyn Transition Program Int,Arlyn Transition Program Int,Highland Park,
Armour Elem School,Armour Elem School,Chicago,
Armstrong G Elem IntL Studies,Armstrong G Elem IntL Studies,Chicago,
Armstrong High School,Armstrong High School,Armstrong,
Armstrong Twp HSD 225,Armstrong Twp HSD 225,Armstrong,
Armstrong-Ellis Cons SD 61,Armstrong-Ellis Cons SD 61,Armstrong,
Armstrong-Ellis Elem School,Armstrong-Ellis Elem School,Armstrong,
Armstrong-Oakview Elem School,Armstrong-Oakview Elem School,East Peoria,
Army Trail Elem School,Army Trail Elem School,Addison,
Arnett C Lines Elem School,Arnett C Lines Elem School,Barrington,
Arnold J Tyler School,Arnold J Tyler School,New Lenox,
Arnold W Kruse Ed Center,Arnold W Kruse Ed Center,Orland Park,
Aroma Park Primary School,Aroma Park Primary School,Aroma Park,
Arrowhead Academy,Arrowhead Academy,Coal Valley,
Arrowhead Ranch,Arrowhead Ranch,Coal Valley,
Art in Motion Charter School,Art in Motion Charter School,Chicago,
Arthur Christian School,Arthur Christian School,Arthur,
Arthur CUSD 305,Arthur CUSD 305,Arthur,
Arthur E Welby Hall,Arthur E Welby Hall,Park Ridge,
Arthur Froberg Elem School,Arthur Froberg Elem School,Rockford,
Arthur Grade School,Arthur Grade School,Arthur,
Arthur-Lovington-Atwood-Hammond,Arthur-Lovington-Atwood-Hammond,Arthur,
Arthur-Lovington-Atwood-Hammond High School,Arthur-Lovington-Atwood-Hammond High School,Arthur,
Ascension,Ascension,Oak Park,
Ashburn Community Elem School,Ashburn Community Elem School,Chicago,
Ashe Elem School,Ashe Elem School,Chicago,
Ashkum Early Literacy Center,Ashkum Early Literacy Center,Ashkum,
Ashley CCSD 15,Ashley CCSD 15,Ashley,
Ashley Com Consolidated School,Ashley Com Consolidated School,Ashley,
Ashmore Elem School,Ashmore Elem School,Ashmore,
Ashton-Franklin Center CUSD 275,Ashton-Franklin Center CUSD 275,Ashton,
Ashton-Franklin Center Elem Sch,Ashton-Franklin Center Elem Sch,Franklin Grove,
Ashton-Franklin Center HS,Ashton-Franklin Center HS,Ashton,
Asian Human Services -Passage Chrtr,Asian Human Services -Passage Chrtr,Chicago,
ASP2 STEAM Academy Inc,ASP2 STEAM Academy Inc,Belleville,
ASPIRA Antonia Pantoja Alt H S,ASPIRA Antonia Pantoja Alt H S,Chicago,
Aspira Charter - Bus and Fin,Aspira Charter - Bus and Fin,Chicago,
Aspira Charter - Business and Finance HS,Aspira Charter - Business and Finance HS,Chicago,
ASPIRA Charter - Early College Pr,ASPIRA Charter - Early College Pr,Chicago,
ASPIRA Charter - Early College Prep HS,ASPIRA Charter - Early College Prep HS,Chicago,
ASPIRA Charter - Haugan Campus,ASPIRA Charter - Haugan Campus,Chicago,
Aspire Alternative High School,Aspire Alternative High School,Effingham,
ASSIST RSSP 12,ASSIST RSSP 12,Willow Hill,
ASSIST TAOEP 12,ASSIST TAOEP 12,Willow Hill,
Associated Talmud Torahs,Associated Talmud Torahs,Skokie,
Association for Individual Dev.,Association for Individual Dev.,Aurora,
Astoria CUSD 1,Astoria CUSD 1,Astoria,
Astoria Elem School,Astoria Elem School,Astoria,
Astoria High School,Astoria High School,Astoria,
Astoria Junior High School,Astoria Junior High School,Astoria,
Athens CUSD 213,Athens CUSD 213,Athens,
Athens Junior High School,Athens Junior High School,Athens,
Athens Sr High School,Athens Sr High School,Athens,
Attea Middle School,Attea Middle School,Glenview,
ATT-P Tach Special Education Prog,ATT-P Tach Special Education Prog,Skokie,
Atwood Heights SD 125,Atwood Heights SD 125,Alsip,
Atwood-Hammond Grade School,Atwood-Hammond Grade School,Atwood,
Auburn CUSD 10,Auburn CUSD 10,Auburn,
Auburn Elem School,Auburn Elem School,Auburn,
Auburn High School,Auburn High School,Rockford,
Auburn High School,Auburn High School,Auburn,
Auburn Jr High at Divernon,Auburn Jr High at Divernon,Divernon,
Auburn Middle School,Auburn Middle School,Auburn,
Audubon Elem School,Audubon Elem School,Chicago,
Augustus Tolton Catholic Academy,Augustus Tolton Catholic Academy,Chicago,
Aurora Central Catholic High Sch,Aurora Central Catholic High Sch,Aurora,
AURORA CENTRAL CATHOLIC HIGH SCHOOL,AURORA CENTRAL CATHOLIC HIGH SCHOOL,AURORA,
Aurora Christian Schools - Cornerstone Campus,Aurora Christian Schools - Cornerstone Campus,Sycamore,
Aurora Christian Schools Inc,Aurora Christian Schools Inc,Aurora,
Aurora East USD 131,Aurora East USD 131,Aurora,
Aurora Montessori School,Aurora Montessori School,Aurora,
Aurora Seventh-Day Adventist Sch,Aurora Seventh-Day Adventist Sch,North Aurora,
Aurora West USD 129,Aurora West USD 129,Aurora,
Ausome Foundation & Circles BCS,Ausome Foundation & Circles BCS,Normal,
Austin Career Education Center,Austin Career Education Center,Chicago,
Austin College and Career Acad HS,Austin College and Career Acad HS,Chicago,
Austin College and Career Academy High School,Austin College and Career Academy High School,Chicago,
Autumn Creek Elem Sch,Autumn Creek Elem Sch,Yorkville,
Aux Sable,Aux Sable,Minooka,
Aux Sable Middle Sch,Aux Sable Middle Sch,Joliet,
Avalon Park Elem School,Avalon Park Elem School,Chicago,
Avery Coonley School,Avery Coonley School,Downers Grove,
Avis Huff Student Support Services Center,Avis Huff Student Support Services Center,Kankakee,
Aviston Elem School,Aviston Elem School,Aviston,
Aviston SD 21,Aviston SD 21,Aviston,
Avoca SD 37,Avoca SD 37,Wilmette,
Avoca West Elem School,Avoca West Elem School,Glenview,
Avon Center Elem School,Avon Center Elem School,Round Lake Beach,
Avon Elem Sch,Avon Elem Sch,Avon,
Avondale - Logandale Elementary School,Avondale - Logandale Elementary School,Chicago,
Azuela Elem School,Azuela Elem School,Chicago,
B H R A Cooperative HS,B H R A Cooperative HS,Bismarck,
B J Hooper Elem School,B J Hooper Elem School,Lindenhurst,
Baby Fold,Baby Fold,Normal,
Back of The Yards IB HS,Back of The Yards IB HS,Chicago,
Bais Yaakov High Sch of Chicago,Bais Yaakov High Sch of Chicago,Chicago,
Baker Demonstration School,Baker Demonstration School,Wilmette,
Ball Chatham CUSD 5,Ball Chatham CUSD 5,Chatham,
Ball Elementary School,Ball Elementary School,Chatham,
Balmoral Elem Sch,Balmoral Elem Sch,Crete,
Bancroft Schools & Communities,Bancroft Schools & Communities,Haddonfield,
Banner Elementary School,Banner Elementary School,Dunlap,
Banner Learning Corp.,Banner Learning Corp.,Boca Raton,
Bannockburn School,Bannockburn School,Bannockburn,
Bannockburn SD 106,Bannockburn SD 106,Bannockburn,
Barack H Obama Learning Academy,Barack H Obama Learning Academy,Markham,
Barack Obama Sch of Leadership and STEM,Barack Obama Sch of Leadership and STEM,Chicago Heights,
Barbara A Sizemore Campus,Barbara A Sizemore Campus,Chicago,
Barbara B Rose Elem School,Barbara B Rose Elem School,South Barrington,
Barbereux School,Barbereux School,Evanston,
Barbour Two-Way Lang Immersion,Barbour Two-Way Lang Immersion,Rockford,
Barnard Elem Comp Math & Sci Ctr,Barnard Elem Comp Math & Sci Ctr,Chicago,
Barnsdale Road School,Barnsdale Road School,La Grange Park,
Barrington CUSD 220,Barrington CUSD 220,Barrington,
Barrington Early Learning Center,Barrington Early Learning Center,Barrington,
Barrington High School,Barrington High School,Barrington,
Barrington Mdle Sch- Prairie Cmps,Barrington Mdle Sch- Prairie Cmps,Barrington,
Barrington Middle Sch Station,Barrington Middle Sch Station,Barrington,
Barry Elem School,Barry Elem School,Chicago,
Bartelso Elem School,Bartelso Elem School,Bartelso,
Bartelso SD 57,Bartelso SD 57,Bartelso,
Bartlett Elem School,Bartlett Elem School,Bartlett,
Bartlett High School,Bartlett High School,Bartlett,
Barton Elem School,Barton Elem School,Chicago,
Bartonville Elem School,Bartonville Elem School,Bartonville,
Bartonville SD 66,Bartonville SD 66,Bartonville,
Bass Elem School,Bass Elem School,Chicago,
Batavia Sr High School,Batavia Sr High School,Batavia,
Batavia USD 101,Batavia USD 101,Batavia,
Bateman Elem School,Bateman Elem School,Chicago,
Bayes Achievement Center Inc,Bayes Achievement Center Inc,Huntsville,
Beach Park CCSD 3,Beach Park CCSD 3,Beach Park,
Beach Park Middle School,Beach Park Middle School,Beach Park,
Beacon Academy,Beacon Academy,Evanston,
Beacon Therapeutic School,Beacon Therapeutic School,Chicago,
Beard Elem School,Beard Elem School,Chicago,
Beardstown Christian Academy,Beardstown Christian Academy,Beardstown,
Beardstown CUSD 15,Beardstown CUSD 15,Beardstown,
Beardstown Jr/Sr High School,Beardstown Jr/Sr High School,Beardstown,
Beasley Elem Magnet Academic Ctr,Beasley Elem Magnet Academic Ctr,Chicago,
Beaubien Elem School,Beaubien Elem School,Chicago,
Beautiful Beginnings,Beautiful Beginnings,Rockford,
Beckemeyer Elem School,Beckemeyer Elem School,Hillsboro,
Beckemeyer Elem School,Beckemeyer Elem School,Beckemeyer,
Bednarcik Junior High School,Bednarcik Junior High School,Aurora,
Beebe Elem School,Beebe Elem School,Naperville,
Beecher City CUSD 20,Beecher City CUSD 20,Beecher City,
Beecher City Grade School,Beecher City Grade School,Beecher City,
Beecher City Jr-Sr High School,Beecher City Jr-Sr High School,Beecher City,
Beecher CUSD 200U,Beecher CUSD 200U,Beecher,
Beecher Elem School,Beecher Elem School,Beecher,
Beecher High School,Beecher High School,Beecher,
Beecher Junior High School,Beecher Junior High School,Beecher,
Beethoven Elem School,Beethoven Elem School,Chicago,
Beginners Enrichment Academy,Beginners Enrichment Academy,Chicago,
Behavior Disorder Program Coop,Behavior Disorder Program Coop,Tiskilwa,
Beidler Elem School,Beidler Elem School,Chicago,
Belding Elem School,Belding Elem School,Chicago,
Bell Elem School,Bell Elem School,Chicago,
Belle Aire Elem School,Belle Aire Elem School,Downers Grove,
Belle Alexander Elem School,Belle Alexander Elem School,Kewanee,
Belle Valley School,Belle Valley School,Belleville,
Belle Valley SD 119,Belle Valley SD 119,Belleville,
Bellefaire,Bellefaire,Shaker Heights,
Bellefaire-Intensive,Bellefaire-Intensive,Shaker Heights,
Bellefaire-Monarch Boarding Academy,Bellefaire-Monarch Boarding Academy,Shaker Heights,
Bellefaire-Monarch School,Bellefaire-Monarch School,Shaker Heights,
Bellefaire-Transitional,Bellefaire-Transitional,Shaker Heights,
Belleville Area Special Services,Belleville Area Special Services,Belleville,
Belleville High School-East,Belleville High School-East,Belleville,
Belleville High School-West,Belleville High School-West,Belleville,
Belleville SD 118,Belleville SD 118,Belleville,
Belleville Twp HSD 201,Belleville Twp HSD 201,Belleville,
Belleville Twp HS-Night/Alt Sch,Belleville Twp HS-Night/Alt Sch,Belleville,
Bell-Graham Elementary School,Bell-Graham Elementary School,Saint Charles,
Bellwood SD 88,Bellwood SD 88,Bellwood,
Belmont-Cragin Elem School,Belmont-Cragin Elem School,Chicago,
Belvidere Central Middle School,Belvidere Central Middle School,Belvidere,
Belvidere CUSD 100,Belvidere CUSD 100,Belvidere,
Belvidere High School,Belvidere High School,Belvidere,
Belvidere North High Sch,Belvidere North High Sch,Belvidere,
Belvidere South Middle School,Belvidere South Middle School,Belvidere,
Bement CUSD 5,Bement CUSD 5,Bement,
Bement Elementary School,Bement Elementary School,Bement,
Bement High School,Bement High School,Bement,
Bement Middle School,Bement Middle School,Bement,
Benavides Steam Academy,Benavides Steam Academy,Aurora,
Benet Academy,Benet Academy,Lisle,
Ben-Gil Elementary School,Ben-Gil Elementary School,Gillespie,
Benjamin Elem School,Benjamin Elem School,Bloomington,
Benjamin Franklin Elem School,Benjamin Franklin Elem School,Glen Ellyn,
Benjamin Franklin Elem School,Benjamin Franklin Elem School,Decatur,
Benjamin Franklin Elem School,Benjamin Franklin Elem School,Moline,
Benjamin Franklin Middle School,Benjamin Franklin Middle School,Springfield,
Benjamin Middle School,Benjamin Middle School,West Chicago,
Benjamin SD 25,Benjamin SD 25,West Chicago,
Bennett Day School,Bennett Day School,Chicago,
Bennett Elem School,Bennett Elem School,Chicago,
Bensenville SD 2,Bensenville SD 2,Bensenville,
Bent Elem School,Bent Elem School,Bloomington,
Bentley Elem School,Bentley Elem School,New Lenox,
Benton CCSD 47,Benton CCSD 47,Benton,
Benton Cons High School,Benton Cons High School,Benton,
Benton Cons HSD 103,Benton Cons HSD 103,Benton,
Benton Grade Sch 5-8,Benton Grade Sch 5-8,Benton,
Benton Grade Sch K-4,Benton Grade Sch K-4,Benton,
Berean Baptist Christian School,Berean Baptist Christian School,Rockford,
Berean Christian School,Berean Christian School,Fairview Heights,
Berger-Vandenberg Elem School,Berger-Vandenberg Elem School,Dolton,
Berkeley SD 87,Berkeley SD 87,Berkeley,
Bernard J Ward Elem School,Bernard J Ward Elem School,Bolingbrook,
Bernard Long Elem School,Bernard Long Elem School,Madison,
Bernard W Flinn Middle School,Bernard W Flinn Middle School,Rockford,
Bernard Zell Anshe Emet Day Sch,Bernard Zell Anshe Emet Day Sch,Chicago,
Bert H Fulton School,Bert H Fulton School,Tinley Park,
Berwyn North SD 98,Berwyn North SD 98,Berwyn,
Berwyn South SD 100,Berwyn South SD 100,Berwyn,
Betel Christian School,Betel Christian School,Bartlett,
Bethalto CUSD 8,Bethalto CUSD 8,Bethalto,
Bethalto East Primary School,Bethalto East Primary School,Bethalto,
Bethany Lutheran School,Bethany Lutheran School,Naperville,
Bethel Christian School,Bethel Christian School,Chicago,
Bethel Grade School,Bethel Grade School,Mount Vernon,
Bethel Lutheran School,Bethel Lutheran School,Morton,
Bethel SD 82,Bethel SD 82,Mount Vernon,
Bethesda International Academy,Bethesda International Academy,Chicago,
Betsy Ross Elem School,Betsy Ross Elem School,Prospect Heights,
Betsy Ross Elem School,Betsy Ross Elem School,Forest Park,
Betty Shabazz International Charter School,Betty Shabazz International Charter School,Chicago,
Betty Shabazz International Charter School,Betty Shabazz International Charter School,Chicago,
Beulah Park Elem School,Beulah Park Elem School,Zion,
Beverly Hills S D A School,Beverly Hills S D A School,Chicago,
Beverly Manor Elementary School,Beverly Manor Elementary School,Washington,
Beverly Montessori School,Beverly Montessori School,Chicago,
Beyer Early Childhood Center,Beyer Early Childhood Center,Rockford,
Bicentennial Elem School,Bicentennial Elem School,Coal Valley,
Bi-County Sp Ed HI HS,Bi-County Sp Ed HI HS,Sterling,
Bi-County Sp Ed Preschool Program,Bi-County Sp Ed Preschool Program,Sterling,
Bi-County Sp Ed-3-5 Life Skills-Morrison,Bi-County Sp Ed-3-5 Life Skills-Morrison,Morrison,
Bi-County Sp Ed-3-5 LIfe Skills-Sterling,Bi-County Sp Ed-3-5 LIfe Skills-Sterling,Sterling,
Bi-County Sp Ed-ECSE Montmorency,Bi-County Sp Ed-ECSE Montmorency,Rock Falls,
Bi-County Sp Ed-ECSE Prophetstown,Bi-County Sp Ed-ECSE Prophetstown,Prophetstown,
Bi-County Sp Ed-ECSE Tampico,Bi-County Sp Ed-ECSE Tampico,Tampico,
Bi-County Sp Ed-HI Elem,Bi-County Sp Ed-HI Elem,Rock Falls,
Bi-County Sp Ed-HI MS,Bi-County Sp Ed-HI MS,Sterling,
Bi-County Sp Ed-HS LIfe Skills-Sterling,Bi-County Sp Ed-HS LIfe Skills-Sterling,Sterling,
Bi-County Sp Ed-Jr HS LIfe Skills-Sterling,Bi-County Sp Ed-Jr HS LIfe Skills-Sterling,Sterling,
Bi-County Sp Ed-K-2 Life Skills-Morrison,Bi-County Sp Ed-K-2 Life Skills-Morrison,Morrison,
Bi-County Sp Ed-K-2 LIfe Skills-Sterling,Bi-County Sp Ed-K-2 LIfe Skills-Sterling,Sterling,
Bi-County Sp Ed-Life Skill Jr Hgh-Morrison,Bi-County Sp Ed-Life Skill Jr Hgh-Morrison,Morrison,
Bi-County Sp Ed-Life Skills HS-Morrison,Bi-County Sp Ed-Life Skills HS-Morrison,Morrison,
Bi-County Sp Ed-Transition Life Skills-Sterling,Bi-County Sp Ed-Transition Life Skills-Sterling,Sterling,
Bi-County Special Educ Coop,Bi-County Special Educ Coop,Sterling,
Big Hollow Elem School,Big Hollow Elem School,Ingleside,
Big Hollow Middle School,Big Hollow Middle School,Ingleside,
Big Hollow Primary School,Big Hollow Primary School,Ingleside,
Big Hollow SD 38,Big Hollow SD 38,Ingleside,
Bishop McNamara Catholic School,Bishop McNamara Catholic School,Kankakee,
Bismarck Henning CUSD,Bismarck Henning CUSD,Bismarck,
Bismarck Henning Rossville Alvin Cooperative High School,Bismarck Henning Rossville Alvin Cooperative High School,Bismarck,
Bismarck-Henning Elem School,Bismarck-Henning Elem School,Bismarck,
Bismarck-Henning Jr High School,Bismarck-Henning Jr High School,Bismarck,
Bismarck-Henning Rossville-Alvin Cooperative HS 7,Bismarck-Henning Rossville-Alvin Cooperative HS 7,Rossville,
Bismarck-Henning Rossville-Alvin Cooperative HS 1,Bismarck-Henning Rossville-Alvin Cooperative HS 1,Bismarck,
Black Hawk Area DHH Program,Black Hawk Area DHH Program,East Moline,
Black Hawk Area Sp Ed District,Black Hawk Area Sp Ed District,East Moline,
Black Hawk Area Special Education Center,Black Hawk Area Special Education Center,East Moline,
Black Hawk Elem School,Black Hawk Elem School,Glendale Heights,
Black Hawk Elem School,Black Hawk Elem School,Springfield,
Black Magnet Elem School,Black Magnet Elem School,Chicago,
Blackhawk Elem School,Blackhawk Elem School,Freeport,
Blackhawk Elementary School,Blackhawk Elementary School,South Beloit,
Blackhawk Middle School,Blackhawk Middle School,Bensenville,
Blackhawk Primary Center,Blackhawk Primary Center,Park Forest,
Blackstone Elem School,Blackstone Elem School,Mendota,
Blaine Elem School,Blaine Elem School,Chicago,
Blair Early Childhood Center,Blair Early Childhood Center,Chicago,
Blessed Sacrament,Blessed Sacrament,Belleville,
Blessed Sacrament,Blessed Sacrament,Springfield,
Blessed Sacrament,Blessed Sacrament,Morton,
Blessed Sacrament Catholic School,Blessed Sacrament Catholic School,Quincy,
Bloom High School,Bloom High School,Chicago Heights,
Bloom Trail High School,Bloom Trail High School,Chicago Heights,
Bloom Twp HSD 206,Bloom Twp HSD 206,Chicago Heights,
Bloomingdale SD 13,Bloomingdale SD 13,Bloomingdale,
Bloomington Area Career Center,Bloomington Area Career Center,Bloomington,
Bloomington High School,Bloomington High School,Bloomington,
Bloomington Jr High School,Bloomington Jr High School,Bloomington,
Bloomington SD 87,Bloomington SD 87,Bloomington,
Blue Island Ctz for Pers W/DD,Blue Island Ctz for Pers W/DD,Blue Island,
Blue Ridge CUSD 18,Blue Ridge CUSD 18,Farmer City,
Blue Ridge High School,Blue Ridge High School,Farmer City,
Blue Ridge Intermediate-Jr High Sch,Blue Ridge Intermediate-Jr High Sch,Mansfield,
Bluffs Elementary School,Bluffs Elementary School,Bluffs,
Bluffs High School,Bluffs High School,Bluffs,
Bluffs Junior High School,Bluffs Junior High School,Bluffs,
Bluffview Elem School,Bluffview Elem School,Dupo,
Bluford Grade School,Bluford Grade School,Bluford,
Bluford Unit School District 318,Bluford Unit School District 318,Bluford,
Blythe Park Elem School,Blythe Park Elem School,Riverside,
BMP Tri County Special Ed Coop,BMP Tri County Special Ed Coop,Tiskilwa,
Bnos Rabbeinu High School,Bnos Rabbeinu High School,Chicago,
Bobbie Noonans Child Care,Bobbie Noonans Child Care,Lockport,
Bobbie Noonans Child Care,Bobbie Noonans Child Care,Joliet,
Bobbie Noonans Child Care,Bobbie Noonans Child Care,Homer Glen,
Bogan High School,Bogan High School,Chicago,
Bolingbrook High School,Bolingbrook High School,Bolingbrook,
Bond County CUSD 2,Bond County CUSD 2,Greenville,
Bond County CUSD 2 Early Childhood Center,Bond County CUSD 2 Early Childhood Center,Greenville,
Bond Cty Comm Unit 2 High School,Bond Cty Comm Unit 2 High School,Greenville,
Bond Elem School,Bond Elem School,Chicago,
Bond Fayette Effingham EFE 410,Bond Fayette Effingham EFE 410,Vandalia,
Bond Primary,Bond Primary,Assumption,
Bond/Christian/Effingham/Fayette/Montgomery ROE,Bond/Christian/Effingham/Fayette/Montgomery ROE,Vandalia,
Bonfield Grade School,Bonfield Grade School,Bonfield,
Bonnie McBeth Learning Ctr,Bonnie McBeth Learning Ctr,Plainfield,
Boone Elem School,Boone Elem School,Chicago,
Boone/Winnebago ROE,Boone/Winnebago ROE,Loves Park,
Booth Elementary School,Booth Elementary School,Enfield,
Booth Tarkington Elem School,Booth Tarkington Elem School,Wheeling,
Boston Higashi - Extended,Boston Higashi - Extended,Randolph,
Boston Higashi School,Boston Higashi School,Randolph,
Bottenfield Elem School,Bottenfield Elem School,Champaign,
Bouchet Elem Math & Science Acad,Bouchet Elem Math & Science Acad,Chicago,
Boulder Hill Elem School,Boulder Hill Elem School,Montgomery,
Bourbonnais SD 53,Bourbonnais SD 53,Bourbonnais,
Bourbonnais Upper Grade Center,Bourbonnais Upper Grade Center,Bourbonnais,
Bowen High School,Bowen High School,Chicago,
Bower Elem School,Bower Elem School,Warrenville,
Bowlesburg Elem School,Bowlesburg Elem School,Silvis,
Boylan Central Catholic High Sch,Boylan Central Catholic High Sch,Rockford,
Boys Town Interim Program Schools,Boys Town Interim Program Schools,Omaha,
Boys Town Schools,Boys Town Schools,Boys Town,
BR RICE HIGH SCHOOL,BR RICE HIGH SCHOOL,CHICAGO,
Braceville Elem School,Braceville Elem School,Braceville,
Braceville SD 75,Braceville SD 75,Braceville,
Bradford CUSD 1,Bradford CUSD 1,Bradford,
Bradford Grade School,Bradford Grade School,Bradford,
Bradford Jr High School,Bradford Jr High School,Bradford,
Bradley Bourbonnais CHSD 307,Bradley Bourbonnais CHSD 307,Bradley,
Bradley Central Middle School,Bradley Central Middle School,Bradley,
Bradley East Elem School,Bradley East Elem School,Bradley,
Bradley SD 61,Bradley SD 61,Bradley,
Bradley West Elem School,Bradley West Elem School,Bradley,
Bradley-Bourbonnais C High School,Bradley-Bourbonnais C High School,Bradley,
Bradwell Comm Arts & Sci Elem Sch,Bradwell Comm Arts & Sci Elem Sch,Chicago,
Braeside Elem School,Braeside Elem School,Highland Park,
Branches of Montessori,Branches of Montessori,Homewood,
Braun Educational Center,Braun Educational Center,Oak Forest,
Breese Elem School,Breese Elem School,Breese,
Breese ESD 12,Breese ESD 12,Breese,
Brehm Preparatory School,Brehm Preparatory School,Carbondale,
Brehm Preparatory School-Day,Brehm Preparatory School-Day,Carbondale,
Bremen CHSD 228,Bremen CHSD 228,Midlothian,
Bremen High School,Bremen High School,Midlothian,
Brennemann Elem School,Brennemann Elem School,Chicago,
Brentano Elem Math & Science Acad,Brentano Elem Math & Science Acad,Chicago,
Brentwood Baptist Christian Acad,Brentwood Baptist Christian Acad,Des Plaines,
Brentwood Elem School,Brentwood Elem School,Des Plaines,
Bret Harte Elem School,Bret Harte Elem School,Chicago,
Briar Glen Elem School,Briar Glen Elem School,Wheaton,
Briargate Elem School,Briargate Elem School,Cary,
Brickton Montessori School,Brickton Montessori School,Chicago,
Bridge Elem School,Bridge Elem School,Chicago,
Bridgepoint Acad of Orland Park,Bridgepoint Acad of Orland Park,Orland Park,
Bridgeport Catholic - S Campus,Bridgeport Catholic - S Campus,Chicago,
Bridgeport Grade School,Bridgeport Grade School,Bridgeport,
Bridges Acad of McHenry Cty,Bridges Acad of McHenry Cty,Algonquin,
Bridges Acad of McHenry Cty INT,Bridges Acad of McHenry Cty INT,Algonquin,
Bridges Learning Center,Bridges Learning Center,Centralia,
Bridges Montessori Academy,Bridges Montessori Academy,St Charles,
Bridgescape Academy Brainerd,Bridgescape Academy Brainerd,Chicago,
Bridgescape Academy Humboldt Park,Bridgescape Academy Humboldt Park,Chicago,
Bridgescape Academy North Lawndal,Bridgescape Academy North Lawndal,Chicago,
Bridgescape Academy Roseland,Bridgescape Academy Roseland,Chicago,
Bridgeview Elem School,Bridgeview Elem School,Bridgeview,
Brigham Elementary,Brigham Elementary,Bloomington,
Bright Elem School,Bright Elem School,Chicago,
Bright Futures Pre-K Prog,Bright Futures Pre-K Prog,Galesburg,
Bright Minds Educational Program,Bright Minds Educational Program,Charleston,
Brighton North Primary School,Brighton North Primary School,Brighton,
Brighton Park Elem School,Brighton Park Elem School,Chicago,
Brimfield CUSD 309,Brimfield CUSD 309,Brimfield,
Brimfield Grade School,Brimfield Grade School,Brimfield,
Brimfield High School,Brimfield High School,Brimfield,
Brisk Academy-Yeshivas Brisk,Brisk Academy-Yeshivas Brisk,Chicago,
Bristol Bay Elem Sch,Bristol Bay Elem Sch,Yorkville,
Bristol Grade School,Bristol Grade School,Bristol,
British School of Chicago,British School of Chicago,Chicago,
Britten School,Britten School,Westchester,
Broadmeadow Elem School,Broadmeadow Elem School,Rantoul,
Broadmoor Junior High School,Broadmoor Junior High School,Pekin,
Brokaw Early Learning Center,Brokaw Early Learning Center,Oswego,
Broken But Not Shattered Academy,Broken But Not Shattered Academy,Pontoon Beach,
Bronzeville Academy Charter School,Bronzeville Academy Charter School,Chicago,
Bronzeville Academy Chtr School,Bronzeville Academy Chtr School,Chicago,
Bronzeville Classical Elementary School,Bronzeville Classical Elementary School,Chicago,
Bronzeville Scholastic HS,Bronzeville Scholastic HS,Chicago,
Brook Forest Elem School,Brook Forest Elem School,Oak Brook,
Brook Park Elem School,Brook Park Elem School,La Grange Park,
Brookdale Elementary School,Brookdale Elementary School,Naperville,
Brookfield Lagrange Park SD 95,Brookfield Lagrange Park SD 95,Brookfield,
Brooklyn UD 188,Brooklyn UD 188,Lovejoy,
Brookport Elementary School,Brookport Elementary School,Brookport,
Brooks College Prep Academy HS,Brooks College Prep Academy HS,Chicago,
Brooks Middle School,Brooks Middle School,Harvey,
Brooks Middle School,Brooks Middle School,Bolingbrook,
Brookview Elem School,Brookview Elem School,Rockford,
Brookwood Jr High School,Brookwood Jr High School,Glenwood,
Brookwood Middle School,Brookwood Middle School,Glenwood,
Brookwood SD 167,Brookwood SD 167,Glenwood,
Brother Rice High School,Brother Rice High School,Chicago,
Brown W Elem School,Brown W Elem School,Chicago,
Brown County CUSD 1,Brown County CUSD 1,Mount Sterling,
Brown County Elementary School,Brown County Elementary School,Mount Sterling,
Brown County High School,Brown County High School,Mount Sterling,
Brown County Middle School,Brown County Middle School,Mount Sterling,
Brown R Elem Community Acad,Brown R Elem Community Acad,Chicago,
Brownell Elem School,Brownell Elem School,Chicago,
Brownstown CUSD 201,Brownstown CUSD 201,Brownstown,
Brownstown Elem School,Brownstown Elem School,Brownstown,
Brownstown High School,Brownstown High School,Brownstown,
Brownstown Jr High School,Brownstown Jr High School,Brownstown,
Brownsville Attendance Center,Brownsville Attendance Center,Carmi,
Bruning Elem School,Bruning Elem School,Wilmington,
Brunson Math & Sci Specialty Elem,Brunson Math & Sci Specialty Elem,Chicago,
Brussels CUSD 42,Brussels CUSD 42,Brussels,
Brussels Grade School,Brussels Grade School,Brussels,
Brussels High School,Brussels High School,Brussels,
Bryan Middle School,Bryan Middle School,Elmhurst,
Bryant Elem School,Bryant Elem School,Harvey,
Bryce Ash Grove Ed Ctr,Bryce Ash Grove Ed Ctr,Milford,
Budlong Elem School,Budlong Elem School,Chicago,
Buffalo Grove High School,Buffalo Grove High School,Buffalo Grove,
Buffalo Grove Montessori,Buffalo Grove Montessori,Buffalo Grove,
Buncombe Cons School,Buncombe Cons School,Buncombe,
Buncombe Cons SD 43,Buncombe Cons SD 43,Buncombe,
Bunker Hill CUSD 8,Bunker Hill CUSD 8,Bunker Hill,
Bunker Hill High School,Bunker Hill High School,Bunker Hill,
Burbank Elem School,Burbank Elem School,Chicago,
Burbank SD 111,Burbank SD 111,Burbank,
Bureau Valley CUSD 340,Bureau Valley CUSD 340,Manlius,
Bureau Valley Elementary and Junior High,Bureau Valley Elementary and Junior High,Manlius,
Bureau Valley Elemntry-Wyanet,Bureau Valley Elemntry-Wyanet,Wyanet,
Bureau Valley High School,Bureau Valley High School,Manlius,
Bureau Valley North,Bureau Valley North,Walnut,
Bureau/Henry/Stark ROE,Bureau/Henry/Stark ROE,Atkinson,
Burke Elem School,Burke Elem School,Chicago,
Burley Elem School,Burley Elem School,Chicago,
Burnham Elem Inclusive Academy,Burnham Elem Inclusive Academy,Chicago,
Burnham Elem School,Burnham Elem School,Burnham,
Burnham SD 154-5,Burnham SD 154-5,Burnham,
Burnside Elem Scholastic Academy,Burnside Elem Scholastic Academy,Chicago,
Burr Elem School,Burr Elem School,Chicago,
Burr Oak Academy,Burr Oak Academy,Calumet Park,
Burr Oak Elem School,Burr Oak Elem School,Calumet Park,
Burr Ridge Middle School,Burr Ridge Middle School,Burr Ridge,
Burroughs Elem School,Burroughs Elem School,Chicago,
Bushnell Prairie City CUSD 170,Bushnell Prairie City CUSD 170,Bushnell,
Bushnell-Prairie City Elem Sch,Bushnell-Prairie City Elem Sch,Bushnell,
Bushnell-Prairie City High Sch,Bushnell-Prairie City High Sch,Bushnell,
Bushnell-Prairie City Jr High Sch,Bushnell-Prairie City Jr High Sch,Bushnell,
Butler Elem School,Butler Elem School,Springfield,
Butler Junior High School,Butler Junior High School,Oak Brook,
Butler SD 53,Butler SD 53,Oak Brook,
Butterfield Elem School,Butterfield Elem School,Lombard,
Butterfield School,Butterfield School,Libertyville,
Butterworth Elem School,Butterworth Elem School,Moline,
Buzz Aldrin Elem School,Buzz Aldrin Elem School,Schaumburg,
Byrne Elem School,Byrne Elem School,Chicago,
Byron CUSD 226,Byron CUSD 226,Byron,
Byron High School 9-12,Byron High School 9-12,Byron,
Byron Middle School,Byron Middle School,Byron,
C A Henning School,C A Henning School,Troy,
C B Smith Elem School,C B Smith Elem School,Pekin,
C E Miller Elem School,C E Miller Elem School,Westmont,
C F Simmons Middle School,C F Simmons Middle School,Aurora,
C Henry Bloom Elem School,C Henry Bloom Elem School,Rockford,
C I Johnson Elem School,C I Johnson Elem School,Aurora,
C M Bardwell Elem School,C M Bardwell Elem School,Aurora,
C R Hanna Elem School,C R Hanna Elem School,Orion,
Caboose Club Too,Caboose Club Too,Rolling Meadows,
Cahokia CUSD 187,Cahokia CUSD 187,Cahokia,
Cahokia High School,Cahokia High School,Cahokia,
Cairo Elementary School,Cairo Elementary School,Cairo,
Cairo Jr/Sr High School,Cairo Jr/Sr High School,Cairo,
Cairo USD 1,Cairo USD 1,Cairo,
Caldwell Elem Acad of Math & Sci,Caldwell Elem Acad of Math & Sci,Chicago,
Caledonia Christian Academy,Caledonia Christian Academy,Olmsted,
Caledonia Elem School,Caledonia Elem School,Caledonia,
Calhoun CUSD 40,Calhoun CUSD 40,Hardin,
Calhoun Elementary/ Jr High Sch,Calhoun Elementary/ Jr High Sch,Hardin,
Calhoun High School,Calhoun High School,Hardin,
Calhoun/Greene/Jersy/Macoupin ROE,Calhoun/Greene/Jersy/Macoupin ROE,Carlinville,
Calmeca Acad Elem School,Calmeca Acad Elem School,Chicago,
Calumet City SD 155,Calumet City SD 155,Calumet City,
Calumet Elem School,Calumet Elem School,Calumet Park,
Calumet Public SD 132,Calumet Public SD 132,Calumet Park,
Calvary Academy,Calvary Academy,South Holland,
Calvary Academy,Calvary Academy,Springfield,
Calvary Baptist Academy,Calvary Baptist Academy,Canton,
Calvary Baptist Academy,Calvary Baptist Academy,Chillicothe,
Calvary Baptist Christian Academy,Calvary Baptist Christian Academy,Urbana,
Calvary Christian Academy,Calvary Christian Academy,Normal,
Calvary Christian School,Calvary Christian School,Naperville,
Calvin Christian School,Calvin Christian School,South Holland,
Calvin Coolidge Middle School,Calvin Coolidge Middle School,West Peoria,
Cambridge Classical Academy,Cambridge Classical Academy,Chicago,
Cambridge Comm Grade School,Cambridge Comm Grade School,Cambridge,
Cambridge CUSD 227,Cambridge CUSD 227,Cambridge,
Cambridge Jr/Sr High School,Cambridge Jr/Sr High School,Cambridge,
Cambridge Lakes Charter School,Cambridge Lakes Charter School,Pingree Grove,
Camelot - South Suburban Center for Exceptional Learners,Camelot - South Suburban Center for Exceptional Learners,Custer Park,
Camelot Education,Camelot Education,Austin,
Camelot Northwest Cntr for Autism,Camelot Northwest Cntr for Autism,Genoa,
Camelot Northwest Cntr forAutism,Camelot Northwest Cntr forAutism,Genoa,
Camelot of Belvidere,Camelot of Belvidere,Garden Prairie,
Camelot of Belvidere-Int,Camelot of Belvidere-Int,Garden Prairie,
Camelot of the Quad Cities,Camelot of the Quad Cities,Moline,
Camelot of the Quad Cities Int,Camelot of the Quad Cities Int,Moline,
Camelot Safe Academy School,Camelot Safe Academy School,Chicago,
Camelot South Suburban Center for Exceptional Learners-INT,Camelot South Suburban Center for Exceptional Learners-INT,Custer Park,
Camelot Therapeutic-Mt. Prospect,Camelot Therapeutic-Mt. Prospect,Mt Prospect,
Camelot Therapeutic-Naperville,Camelot Therapeutic-Naperville,Naperville,
Camelot Therap-Mt. Prospect-Int,Camelot Therap-Mt. Prospect-Int,Mt Prospect,
Camelot Ther-Hoffman Estates,Camelot Ther-Hoffman Estates,Hoffman Estates,
Camelot Ther-Hoffman Estates Int,Camelot Ther-Hoffman Estates Int,Hoffman Estates,
Camelot Ther-Naperville Int,Camelot Ther-Naperville Int,Naperville,
Cameron Elem School,Cameron Elem School,Chicago,
Campanelli Elem School,Campanelli Elem School,Schaumburg,
Campus Middle Sch for Girls,Campus Middle Sch for Girls,Urbana,
Camras Elem School,Camras Elem School,Chicago,
Canaan Academy,Canaan Academy,Urbana,
Canterbury Elem School,Canterbury Elem School,Crystal Lake,
Canton High School,Canton High School,Canton,
Canton Middle School,Canton Middle School,Streamwood,
Canton Union SD 66,Canton Union SD 66,Canton,
Cantrall Elem School,Cantrall Elem School,Cantrall,
Cantrall Intermediate School,Cantrall Intermediate School,Cantrall,
Canty Elem School,Canty Elem School,Chicago,
Capital Area Career Center,Capital Area Career Center,Springfield,
Capron Elem School,Capron Elem School,Capron,
Carbon Cliff-Barstow SD 36,Carbon Cliff-Barstow SD 36,Silvis,
Carbondale CHSD 165,Carbondale CHSD 165,Carbondale,
Carbondale Comm H S,Carbondale Comm H S,Carbondale,
Carbondale ESD 95,Carbondale ESD 95,Carbondale,
Carbondale Middle School,Carbondale Middle School,Carbondale,
Carbondale New School,Carbondale New School,Carbondale,
Cardenas Elem School,Cardenas Elem School,Chicago,
Cardinal Bernardin Montessori Academy,Cardinal Bernardin Montessori Academy,Chicago,
Cardinal Cushing School - 315,Cardinal Cushing School - 315,Hanover,
Cardinal Cushing School - 366,Cardinal Cushing School - 366,Hanover,
Cardinal J Bernardin Catholic Sch,Cardinal J Bernardin Catholic Sch,Orland Hills,
CARE,CARE,Lake Villa,
CARE Day School,CARE Day School,Lake Villa,
Care Program,Care Program,Crestwood,
Career & Tech Educ Consortium,Career & Tech Educ Consortium,Freeport,
Career Center of Southern IL,Career Center of Southern IL,Red Bud,
Career Development System,Career Development System,Oak Forest,
Career Educ Assoc of N Central IL,Career Educ Assoc of N Central IL,Loves Park,
Career Preparation Network,Career Preparation Network,Chicago Heights,
Carl Sandburg Elem School,Carl Sandburg Elem School,Charleston,
Carl Sandburg Elem School,Carl Sandburg Elem School,Wheaton,
Carl Sandburg Elementary,Carl Sandburg Elementary,Joliet,
Carl Sandburg High School,Carl Sandburg High School,Orland Park,
Carl Sandburg Jr High School,Carl Sandburg Jr High School,Rolling Meadows,
Carl Sandburg Middle Sch,Carl Sandburg Middle Sch,Freeport,
Carl Sandburg Middle School,Carl Sandburg Middle School,Mundelein,
Carle Auditory Oral School,Carle Auditory Oral School,Urbana,
Carle Foundation,Carle Foundation,Urbana,
Carleton W Washburne School,Carleton W Washburne School,Winnetka,
Carlinville CUSD 1,Carlinville CUSD 1,Carlinville,
Carlinville High School,Carlinville High School,Carlinville,
Carlinville Intermediate School,Carlinville Intermediate School,Carlinville,
Carlinville Middle School,Carlinville Middle School,Carlinville,
Carlinville Primary School,Carlinville Primary School,Carlinville,
Carlock Elem School,Carlock Elem School,Carlock,
Carlyle CUSD 1,Carlyle CUSD 1,Carlyle,
Carlyle Elementary School,Carlyle Elementary School,Carlyle,
Carlyle High School,Carlyle High School,Carlyle,
Carlyle Junior High School,Carlyle Junior High School,Carlyle,
Carman-Buckner Elem School,Carman-Buckner Elem School,Waukegan,
Carmel Catholic High School,Carmel Catholic High School,Mundelein,
Carmel Montessori Academy,Carmel Montessori Academy,Warrenville,
Carmi White Cnty Jr High Sch,Carmi White Cnty Jr High Sch,Carmi,
Carmi-White County CUSD 5,Carmi-White County CUSD 5,Carmi,
Carmi-White County High School,Carmi-White County High School,Carmi,
Carnegie Elem School,Carnegie Elem School,Chicago,
Carol Moseley Braun School,Carol Moseley Braun School,Calumet City,
Carol Stream Christian Acad,Carol Stream Christian Acad,Carol Stream,
Carol Stream Elem School,Carol Stream Elem School,Carol Stream,
Caroline Sibley Elem School,Caroline Sibley Elem School,Calumet City,
Carolyn Wenz Elem School,Carolyn Wenz Elem School,Paris,
Carpentersville Middle School,Carpentersville Middle School,Carpentersville,
Carra Academy,Carra Academy,Matteson,
Carrie Busey Elem School,Carrie Busey Elem School,Savoy,
Carrier Mills-Stonefort CUSD 2,Carrier Mills-Stonefort CUSD 2,Carrier Mills,
Carrier Mills-Stonefort Elem Sch,Carrier Mills-Stonefort Elem Sch,Carrier Mills,
Carrier Mills-Stonefort H S,Carrier Mills-Stonefort H S,Carrier Mills,
Carriers of Light,Carriers of Light,Wheaton,
Carroll Catholic School,Carroll Catholic School,Lincoln,
Carroll Elem School,Carroll Elem School,Chicago,
Carroll/Jo Daviess/Stephenson ROE,Carroll/Jo Daviess/Stephenson ROE,Freeport,
Carrollton CUSD 1,Carrollton CUSD 1,Carrollton,
Carrollton Grade School,Carrollton Grade School,Carrollton,
Carrollton High School,Carrollton High School,Carrollton,
Carruthers Elementary School,Carruthers Elementary School,Murphysboro,
Carson Elem School,Carson Elem School,Chicago,
Carter Elem School,Carter Elem School,Chicago,
Carterville CUSD 5,Carterville CUSD 5,Carterville,
Carterville High School,Carterville High School,Carterville,
Carterville Intermediate Sch,Carterville Intermediate Sch,Carterville,
Carterville Jr High Sch,Carterville Jr High Sch,Carterville,
Carthage ESD 317,Carthage ESD 317,Carthage,
Carthage Middle School,Carthage Middle School,Carthage,
Carthage Primary School,Carthage Primary School,Carthage,
Carver Military Academy HS,Carver Military Academy HS,Chicago,
Carver Primary School,Carver Primary School,Chicago,
Cary CCSD 26,Cary CCSD 26,Cary,
Cary Jr High School,Cary Jr High School,Cary,
Cary-Grove Community High School,Cary-Grove Community High School,Cary,
Casals Elem School,Casals Elem School,Chicago,
Caseyville Elementary School,Caseyville Elementary School,Caseyville,
Casey-Westfield CUSD 4C,Casey-Westfield CUSD 4C,Casey,
Casey-Westfield Jr/Sr HS,Casey-Westfield Jr/Sr HS,Casey,
Cass Jr High School,Cass Jr High School,Darien,
Cass SD 63,Cass SD 63,Darien,
Cassell Elem School,Cassell Elem School,Chicago,
Catalyst Charter - Maria ES,Catalyst Charter - Maria ES,Chicago,
Catalyst Charter-Circle Rock ES,Catalyst Charter-Circle Rock ES,Chicago,
Catapult Learning Schools Group,Catapult Learning Schools Group,Camden,
Cathedral Baptist School,Cathedral Baptist School,Rockford,
Cathedral of St Raymond School,Cathedral of St Raymond School,Joliet,
Cather Elem School,Cather Elem School,Chicago,
Catherine Cook School,Catherine Cook School,Chicago,
Catholic Childrens Home,Catholic Childrens Home,Alton,
CCSD 146,CCSD 146,Tinley Park,
CCSD 168,CCSD 168,Sauk Village,
CCSD 180,CCSD 180,Burr Ridge,
CCSD 204,CCSD 204,Pinckneyville,
CCSD 62,CCSD 62,Des Plaines,
CCSD 89,CCSD 89,Glen Ellyn,
CCSD 93,CCSD 93,Bloomingdale,
CCSD 93 Early Childhood Cntr,CCSD 93 Early Childhood Cntr,Bloomingdale,
CCSI Alternative School,CCSI Alternative School,Red Bud,
CDH Educational Center,CDH Educational Center,Dixon,
CDH Educational Center - INT,CDH Educational Center - INT,Dixon,
Cedar Ridge Elem School,Cedar Ridge Elem School,Bloomington,
Cedi,Cedi,University Park,
Centennial Elem School,Centennial Elem School,Plano,
Centennial Elem School,Centennial Elem School,Streator,
Centennial Elem School,Centennial Elem School,Polo,
Centennial High School,Centennial High School,Champaign,
Centennial School,Centennial School,Orland Park,
Centennial School,Centennial School,Bartlett,
Centennial School,Centennial School,El Paso,
Center Cass SD 66,Center Cass SD 66,Downers Grove,
Center Elem School,Center Elem School,Freeport,
Center for Academics and Technology,Center for Academics and Technology,Calumet City,
Center for Alternative Learning,Center for Alternative Learning,Calumet City,
Center for Disability Serv. INT,Center for Disability Serv. INT,Joliet,
Center for Disability Services,Center for Disability Services,Joliet,
Center for Educ Opp,Center for Educ Opp,Troy,
Center on Deafness,Center on Deafness,Northbrook,
Center Street Elem School,Center Street Elem School,Fairfield,
Centerview Therapeutic,Centerview Therapeutic,Northbrook,
Centerview Therapeutic-Day,Centerview Therapeutic-Day,Northbrook,
Centerview Therapeutic-Day-Int,Centerview Therapeutic-Day-Int,Northbrook,
Centerview Therapeutic-Res-Int,Centerview Therapeutic-Res-Int,Northbrook,
Central 3-4 Middle School,Central 3-4 Middle School,Golden,
Central A & M CUD 21,Central A & M CUD 21,Assumption,
Central A & M High School,Central A & M High School,Moweaqua,
Central A & M Middle School,Central A & M Middle School,Assumption,
Central Baptist School,Central Baptist School,Granite City,
Central Catholic High School,Central Catholic High School,Bloomington,
Central CHSD 71,Central CHSD 71,Breese,
Central City Elem School,Central City Elem School,Centralia,
Central City SD 133,Central City SD 133,Centralia,
Central Comm High School,Central Comm High School,Breese,
Central CUSD 3,Central CUSD 3,Camp Point,
Central CUSD 301,Central CUSD 301,Burlington,
Central CUSD 4,Central CUSD 4,Ashkum,
Central Elem,Central Elem,Kewanee,
Central Elem School,Central Elem School,Wilmette,
Central Elem School,Central Elem School,Des Plaines,
Central Elem School,Central Elem School,Riverside,
Central Elem School,Central Elem School,Pontiac,
Central Elem School,Central Elem School,Lincoln,
Central Elem School,Central Elem School,Lewistown,
Central Elem School,Central Elem School,Rochelle,
Central Elem School,Central Elem School,O Fallon,
Central Elem School,Central Elem School,Plainfield,
Central Elementary Grade School,Central Elementary Grade School,Camp Point,
Central Grade School,Central Grade School,Effingham,
Central High School,Central High School,Camp Point,
Central High School,Central High School,Champaign,
Central High School,Central High School,Burlington,
Central High School,Central High School,Clifton,
Central IL Voc Ed Coop,Central IL Voc Ed Coop,Metamora,
Central Ill Rural Region,Central Ill Rural Region,Jerseyville,
Central Inst f/t Deaf-Day,Central Inst f/t Deaf-Day,Saint Louis,
Central Institute f/t Deaf,Central Institute f/t Deaf,Saint Louis,
Central Intermediate Sch,Central Intermediate Sch,Washington,
Central Intermediate School,Central Intermediate School,Monmouth,
Central Intermediate School,Central Intermediate School,Ottawa,
Central Intermediate School,Central Intermediate School,Roxana,
Central Jr High School,Central Jr High School,West Frankfort,
Central Jr High School,Central Jr High School,Belleville,
Central Jr High School,Central Jr High School,East Peoria,
Central Junior High,Central Junior High,Kewanee,
Central Junior High School,Central Junior High School,Camp Point,
Central Middle School,Central Middle School,Evergreen Park,
Central Middle School,Central Middle School,Tinley Park,
Central Middle School,Central Middle School,Burlington,
Central Park Elem School,Central Park Elem School,Midlothian,
Central Primary Sch,Central Primary Sch,Washington,
Central Road Elem School,Central Road Elem School,Rolling Meadows,
Central School,Central School,Glencoe,
Central School Program,Central School Program,Elgin,
Central SD 104,Central SD 104,O Fallon,
Central SD 51,Central SD 51,Washington,
Central Stickney SD 110,Central Stickney SD 110,Chicago,
Centralia Alternative School,Centralia Alternative School,Centralia,
Centralia High School,Centralia High School,Centralia,
Centralia HSD 200,Centralia HSD 200,Centralia,
Centralia Jr High School,Centralia Jr High School,Centralia,
Centralia Pre-Kindergarten Ctr,Centralia Pre-Kindergarten Ctr,Centralia,
Centralia SD 135,Centralia SD 135,Centralia,
Century CUSD 100,Century CUSD 100,Ullin,
Century Elementary School,Century Elementary School,Ullin,
Century Jr/Sr High School,Century Jr/Sr High School,Ullin,
Century Junior High School,Century Junior High School,Orland Park,
Century Oaks Elem School,Century Oaks Elem School,Elgin,
CEO Ascend,CEO Ascend,Chicago,
Cerro Gordo CUSD 100,Cerro Gordo CUSD 100,Cerro Gordo,
Cerro Gordo Elem School,Cerro Gordo Elem School,Cerro Gordo,
Cerro Gordo Jr and Sr High School,Cerro Gordo Jr and Sr High School,Cerro Gordo,
Chaddock,Chaddock,Quincy,
Chaddock- Extended,Chaddock- Extended,Quincy,
Chaddock-Group Home,Chaddock-Group Home,Quincy,
Chaddock-Independent Living,Chaddock-Independent Living,Quincy,
Chaddock-Integrated Attachment,Chaddock-Integrated Attachment,Quincy,
Chadwick Elem School,Chadwick Elem School,Chadwick,
Chadwick Junior High School,Chadwick Junior High School,Chadwick,
Chadwick-Milledgeville CUSD 399,Chadwick-Milledgeville CUSD 399,Chadwick,
Challand Middle School,Challand Middle School,Sterling,
Chalmers Elem Specialty School,Chalmers Elem Specialty School,Chicago,
Champaign Co Detention Center,Champaign Co Detention Center,Urbana,
Champaign CUSD 4,Champaign CUSD 4,Champaign,
Champaign Early Chldhd Cntr,Champaign Early Chldhd Cntr,Champaign,
Champaign/Ford ROE,Champaign/Ford ROE,Champaign,
Chana Educ Center/Rock River,Chana Educ Center/Rock River,Chana,
Chance after Chance College Preparatory,Chance after Chance College Preparatory,Chicago,
Chancelight Education Center Waterman,Chancelight Education Center Waterman,Waterman,
Chancelight Education Center Waterman - INT,Chancelight Education Center Waterman - INT,Waterman,
Chancelight Educational Center - Rockford Plus,Chancelight Educational Center - Rockford Plus,Rockford,
Chaney-Monge School,Chaney-Monge School,Crest Hill,
Chaney-Monge SD 88,Chaney-Monge SD 88,Crest Hill,
Change Academy Lake o/t Ozarks,Change Academy Lake o/t Ozarks,Lake Ozark,
Changing Oasis,Changing Oasis,Chicago,
Channahon Junior High School,Channahon Junior High School,Channahon,
Channahon SD 17,Channahon SD 17,Channahon,
Channing Memorial Elem School,Channing Memorial Elem School,Elgin,
Chappell Elem School,Chappell Elem School,Chicago,
Charis Christian Academy of Ilinois,Charis Christian Academy of Ilinois,Charleston,
Charles A Lindbergh Middle School,Charles A Lindbergh Middle School,Peoria,
Charles J Caruso Middle School,Charles J Caruso Middle School,Deerfield,
Charles J Sahs Elem School,Charles J Sahs Elem School,Chicago,
Charles Reed Elementary Sch,Charles Reed Elementary Sch,Plainfield,
Charleston CUSD 1,Charleston CUSD 1,Charleston,
Charleston High School,Charleston High School,Charleston,
Charleston Middle School,Charleston Middle School,Charleston,
Charter Oak Primary School,Charter Oak Primary School,Peoria,
Chase Elem School,Chase Elem School,Chicago,
Chateaux School,Chateaux School,Hazel Crest,
Chatham Elem School,Chatham Elem School,Chatham,
Chauncey H Duker School,Chauncey H Duker School,McHenry,
Chavez Elem Multicultural Acad Ct,Chavez Elem Multicultural Acad Ct,Chicago,
Chebanse Elem School,Chebanse Elem School,Chebanse,
Cheder Lubavitch,Cheder Lubavitch,Skokie,
Cheder Lubavitch Hebrew Day Sch,Cheder Lubavitch Hebrew Day Sch,Chicago,
Chelsea Elem School,Chelsea Elem School,Frankfort,
Cherokee Elem School,Cherokee Elem School,Lake Forest,
Cherry Hill Elem and EC Center,Cherry Hill Elem and EC Center,New Lenox,
Cherry Valley Elementary School,Cherry Valley Elementary School,Rockford,
Chesak Elementary School,Chesak Elementary School,Lake in the Hills,
Chester CUSD 139,Chester CUSD 139,Chester,
Chester Elem School,Chester Elem School,Chester,
Chester High School,Chester High School,Chester,
Chester N HSD 122,Chester N HSD 122,Waterloo,
Chester-East Lincoln CCSD 61,Chester-East Lincoln CCSD 61,Lincoln,
Chester-East Lincoln Elem School,Chester-East Lincoln Elem School,Lincoln,
CHESTERTON ACADEMY OF HOLY FAMILY,CHESTERTON ACADEMY OF HOLY FAMILY,LISLE,
Chesterton Academy of The Holy Family,Chesterton Academy of The Holy Family,Lombard,
Chesterton Academy of the Sacred Heart,Chesterton Academy of the Sacred Heart,Peoria,
Chiaravalle Montessori School,Chiaravalle Montessori School,Evanston,
Chicago Academy Elem School,Chicago Academy Elem School,Chicago,
Chicago Academy for the Arts,Chicago Academy for the Arts,Chicago,
Chicago Academy High School,Chicago Academy High School,Chicago,
Chicago Autism Academy,Chicago Autism Academy,Frankfort,
Chicago Bulls College Prep,Chicago Bulls College Prep,Chicago,
Chicago Christian High,Chicago Christian High,Palos Heights,
Chicago City Day School,Chicago City Day School,Chicago,
Chicago Collegiate Charter School,Chicago Collegiate Charter School,Chicago,
Chicago Excel Academy HS,Chicago Excel Academy HS,Chicago,
Chicago Free School,Chicago Free School,Chicago,
Chicago Friends School,Chicago Friends School,Chicago,
Chicago Futabakai Japanese School,Chicago Futabakai Japanese School,Arlington Heights,
Chicago Grammar School,Chicago Grammar School,Chicago,
Chicago Heights SD 170,Chicago Heights SD 170,Chicago Heights,
Chicago Hope Academy,Chicago Hope Academy,Chicago,
Chicago HS for Agricult Sciences,Chicago HS for Agricult Sciences,Chicago,
Chicago HS for the Arts,Chicago HS for the Arts,Chicago,
Chicago Jesuit Academy,Chicago Jesuit Academy,Chicago,
Chicago Jewish Day School,Chicago Jewish Day School,Chicago,
Chicago Lighthouse,Chicago Lighthouse,Chicago,
Chicago Lighthouse Childrens Development Center,Chicago Lighthouse Childrens Development Center,Chicago,
Chicago Math & Sci Elem Charter,Chicago Math & Sci Elem Charter,Chicago,
Chicago Military Academy HS,Chicago Military Academy HS,Chicago,
Chicago Montessori,Chicago Montessori,Chicago,
Chicago Ridge SD 127-5,Chicago Ridge SD 127-5,Chicago Ridge,
Chicago S D A Academy,Chicago S D A Academy,Chicago,
Chicago Technology Academy HS,Chicago Technology Academy HS,Chicago,
Chicago Virtual Charter School,Chicago Virtual Charter School,Chicago,
Chicago Vocational Career Acad HS,Chicago Vocational Career Acad HS,Chicago,
Chicago Waldorf School,Chicago Waldorf School,Chicago,
Chicago West Side Christian Sch,Chicago West Side Christian Sch,Chicago,
Chicago-Catholic Charities,Chicago-Catholic Charities,Chicago,
Chicagoland Montessori Academy,Chicagoland Montessori Academy,Chicago,
Chiddix Jr High School,Chiddix Jr High School,Normal,
Child Service Center Preschool,Child Service Center Preschool,Aurora,
ChildBridge Center for Ed-Int,ChildBridge Center for Ed-Int,Palatine,
ChildBridge Center for Education,ChildBridge Center for Education,Palatine,
Children and Youth Services,Children and Youth Services,West Jordan,
Children of Peace School,Children of Peace School,Chicago,
Childrens Center for BD,Childrens Center for BD,Centreville,
Childrens Center Outreach,Childrens Center Outreach,Chicago,
Childrens Christian Learning Ctr,Childrens Christian Learning Ctr,Elk Grove Village,
Childrens Habilitation Center,Childrens Habilitation Center,Harvey,
Childrens Home - Challenger,Childrens Home - Challenger,Peoria,
Childrens Home - Sommer,Childrens Home - Sommer,Peoria,
Childrens Home - Weaver,Childrens Home - Weaver,Peoria,
Childrens Home and Aid Society,Childrens Home and Aid Society,Chicago,
Childrens Home Assn-Youth Farm,Childrens Home Assn-Youth Farm,Peoria,
Childrens Home Assoc Atl Unit,Childrens Home Assoc Atl Unit,Peoria,
Childrens Home Assoc Ent Unit,Childrens Home Assoc Ent Unit,Peoria,
Childrens Home Assoc of IL,Childrens Home Assoc of IL,Peoria,
Childrens Home-Columbia,Childrens Home-Columbia,Peoria,
Childrens House,Childrens House,Libertyville,
Childrens House of Miss Tammie,Childrens House of Miss Tammie,Chicago,
Childrens Learning World,Childrens Learning World,Niles,
Childrens Lrning Path Montessori,Childrens Lrning Path Montessori,Northbrook,
Childrens Road to Success Christian Academy,Childrens Road to Success Christian Academy,Oswego,
Childrens Tribe - A Montessori Academy,Childrens Tribe - A Montessori Academy,Godfrey,
Childs Elem School,Childs Elem School,Robbins,
Childs Voice,Childs Voice,Wood Dale,
Childs Voice School,Childs Voice School,Wood Dale,
Chileda Institute,Chileda Institute,La Crosse,
Chileda Institute - Intensive,Chileda Institute - Intensive,La Crosse,
Chillicothe Elementary Center,Chillicothe Elementary Center,Chillicothe,
Chillicothe Jr High,Chillicothe Jr High,Chillicothe,
Chippewa Elem School,Chippewa Elem School,Palos Heights,
Chippewa Middle School,Chippewa Middle School,Des Plaines,
Chopin Elem School,Chopin Elem School,Chicago,
Chrisman Elem School,Chrisman Elem School,Chrisman,
Chrisman High School,Chrisman High School,Chrisman,
Chrisman-Scottland Jr High School,Chrisman-Scottland Jr High School,Chrisman,
ChrisMont School,ChrisMont School,Nokomis,
Christ Lutheran High School,Christ Lutheran High School,Buckley,
Christ Lutheran School,Christ Lutheran School,Jacob,
Christ Lutheran School,Christ Lutheran School,Sterling,
Christ Lutheran School,Christ Lutheran School,Peoria,
CHRIST OUR ROCK LUTHERAN HIGH SCHOOL,CHRIST OUR ROCK LUTHERAN HIGH SCHOOL,CENTRALIA,
Christ Our Rock Lutheran HS,Christ Our Rock Lutheran HS,Centralia,
Christ Our Savior Catholic School,Christ Our Savior Catholic School,South Holland,
Christ Our Savior Lutheran H S,Christ Our Savior Lutheran H S,Evansville,
CHRIST OUR SAVIOR LUTHERAN HIGH SCHOOL,CHRIST OUR SAVIOR LUTHERAN HIGH SCHOOL,EVANSVILLE,
Christ the King,Christ the King,Chicago,
Christ the King Jesuit College Preparatory School,Christ the King Jesuit College Preparatory School,Chicago,
Christ the King Lutheran School,Christ the King Lutheran School,Chicago,
Christa McAuliffe School,Christa McAuliffe School,Tinley Park,
Christian Fellowship Church Sch,Christian Fellowship Church Sch,Du Quoin,
Christian Heritage Academy,Christian Heritage Academy,Northfield,
Christian Hills Church School,Christian Hills Church School,Orland Hills,
Christian Liberty Academy,Christian Liberty Academy,Arlington Heights,
Christian Life Acad-133 S Highlnd,Christian Life Acad-133 S Highlnd,Creve Coeur,
Christian Life Academy,Christian Life Academy,Hopedale,
Christian Life Center School,Christian Life Center School,Rockford,
Christian S.T.E.M. Scholars Academy,Christian S.T.E.M. Scholars Academy,Chicago,
Christopher Elem School,Christopher Elem School,Chicago,
Christopher Elem School,Christopher Elem School,Christopher,
Christopher High,Christopher High,Christopher,
Christopher House Chrt ES,Christopher House Chrt ES,Chicago,
Christopher USD 99,Christopher USD 99,Christopher,
Christs Academy,Christs Academy,Manhattan,
CHSD 117,CHSD 117,Lake Villa,
CHSD 128,CHSD 128,Vernon Hills,
CHSD 155,CHSD 155,Crystal Lake,
CHSD 218,CHSD 218,Oak Lawn,
CHSD 94,CHSD 94,West Chicago,
CHSD 99,CHSD 99,Downers Grove,
Churchill Elem School,Churchill Elem School,Glen Ellyn,
Churchill Elem School,Churchill Elem School,Oswego,
Churchill Jr High School,Churchill Jr High School,Galesburg,
Churchville Middle School,Churchville Middle School,Elmhurst,
Chute Middle School,Chute Middle School,Evanston,
Cicero East Elem School,Cicero East Elem School,Cicero,
Cicero SD 99,Cicero SD 99,Cicero,
Cicero West Elementary School,Cicero West Elementary School,Cicero,
CICS - Avalon/South Shore,CICS - Avalon/South Shore,Chicago,
CICS - Basil Campus,CICS - Basil Campus,Chicago,
CICS - Bond Campus,CICS - Bond Campus,Chicago,
CICS - Bucktown Campus,CICS - Bucktown Campus,Chicago,
CICS - Irving Park Campus,CICS - Irving Park Campus,Chicago,
CICS - Longwood Campus,CICS - Longwood Campus,Chicago,
CICS - Loomis Primary Campus,CICS - Loomis Primary Campus,Chicago,
CICS - Northtown Campus,CICS - Northtown Campus,Chicago,
CICS - Northtown Campus,CICS - Northtown Campus,Chicago,
CICS - Prairie Campus,CICS - Prairie Campus,Chicago,
CICS - Quest North Campus,CICS - Quest North Campus,Chicago,
CICS - Ralph Ellison Campus,CICS - Ralph Ellison Campus,Chicago,
CICS - Washington Pk Campus,CICS - Washington Pk Campus,Chicago,
CICS - West Belden Campus,CICS - West Belden Campus,Chicago,
CICS - Wrightwood,CICS - Wrightwood,Chicago,
Circle Academy-Vermilion,Circle Academy-Vermilion,Rossville,
Circle Acad-Vermilion-INT,Circle Acad-Vermilion-INT,Rossville,
Circle Center Grade School,Circle Center Grade School,Yorkville,
Circle/Rock Preparatory School,Circle/Rock Preparatory School,Chicago,
Circuit Breaker School,Circuit Breaker School,Peru,
Cisne High School,Cisne High School,Cisne,
Cisne Middle School,Cisne Middle School,Cisne,
Cissna Park CUSD 6,Cissna Park CUSD 6,Cissna Park,
Cissna Park Elementary School,Cissna Park Elementary School,Cissna Park,
Cissna Park Jr High School,Cissna Park Jr High School,Cissna Park,
Cissna Park Sr High School,Cissna Park Sr High School,Cissna Park,
City Elementary,City Elementary,Chicago,
City Garden Waldorf School,City Garden Waldorf School,Chicago,
City of Chicago SD 299,City of Chicago SD 299,Chicago,
Civic Memorial High School,Civic Memorial High School,Bethalto,
Clapham School,Clapham School,Wheaton,
Clara Peterson Elem School,Clara Peterson Elem School,Paxton,
Clare Woods Academy,Clare Woods Academy,Wheaton,
Clare Woods Academy-Intensive,Clare Woods Academy-Intensive,Wheaton,
Claremont Academy Elem School,Claremont Academy Elem School,Chicago,
Clarence E Culver School,Clarence E Culver School,Niles,
Clarendon Hills Middle School,Clarendon Hills Middle School,Clarendon Hills,
Clarewoods Academy,Clarewoods Academy,Wheaton,
Clarinda Academy,Clarinda Academy,Clarinda,
Clarinda Academy - Residential,Clarinda Academy - Residential,Clarinda,
Clarinda Youth Corporation,Clarinda Youth Corporation,Clarinda,
Clark G R Elem School,Clark G R Elem School,Chicago,
Clark Acad Prep Magnet High Schl,Clark Acad Prep Magnet High Schl,Chicago,
Clark Elementary School,Clark Elementary School,South Beloit,
Classroom Connection Day School,Classroom Connection Day School,Bannockburn,
Clay Academy,Clay Academy,Woodstock,
Clay City CUSD 10,Clay City CUSD 10,Clay City,
Clay City Elem School,Clay City Elem School,Clay City,
Clay City High School,Clay City High School,Clay City,
Clay City Jr High School,Clay City Jr High School,Clay City,
Clay Elem School,Clay Elem School,Chicago,
Clay/Cwford/Jsper/Lwrnce/Rhland,Clay/Cwford/Jsper/Lwrnce/Rhland,Olney,
Clay/Jasper/Richland/N Wayne RDS,Clay/Jasper/Richland/N Wayne RDS,Flora,
Clearmont Elem School,Clearmont Elem School,Elk Grove Village,
Clearview Elem School,Clearview Elem School,Waukegan,
Clemente Community Academy HS,Clemente Community Academy HS,Chicago,
Cleveland Elem School,Cleveland Elem School,Chicago,
Clifford Crone Middle School,Clifford Crone Middle School,Naperville,
Clifford Johnson School,Clifford Johnson School,Warrenville,
Clifford P Carlson Elem School,Clifford P Carlson Elem School,Rockford,
Clinicare Corp,Clinicare Corp,West Allis,
Clintn/Jeffrsn/Marin/Washngtn ROE,Clintn/Jeffrsn/Marin/Washngtn ROE,Mount Vernon,
Clinton CUSD 15,Clinton CUSD 15,Clinton,
Clinton Elem School,Clinton Elem School,Chicago,
Clinton Elem School,Clinton Elem School,Clinton,
Clinton Elem School,Clinton Elem School,South Elgin,
Clinton High School,Clinton High School,Clinton,
Clinton Jr High School,Clinton Jr High School,Clinton,
Clinton Rosette Middle School,Clinton Rosette Middle School,DeKalb,
Clissold Elem School,Clissold Elem School,Chicago,
Clk/Cls/Cmbn/Dglas/Edgr/Mltr/Shlb,Clk/Cls/Cmbn/Dglas/Edgr/Mltr/Shlb,Charleston,
Clnton/Mrn/Wshngtn Pre-Kind Prog,Clnton/Mrn/Wshngtn Pre-Kind Prog,Mount Vernon,
Cloverdale Elem School,Cloverdale Elem School,Carol Stream,
CMECCA School,CMECCA School,South Holland,
CNTR for Children to Heal & Achieve (CCHA),CNTR for Children to Heal & Achieve (CCHA),Alton,
Coal City CUSD 1,Coal City CUSD 1,Coal City,
Coal City Early Childhood Center,Coal City Early Childhood Center,Coal City,
Coal City Elem School,Coal City Elem School,Coal City,
Coal City High School,Coal City High School,Coal City,
Coal City Intermediate School,Coal City Intermediate School,Coal City,
Coal City Middle School,Coal City Middle School,Coal City,
Cobden Elem School,Cobden Elem School,Cobden,
Cobden High School,Cobden High School,Cobden,
Cobden Jr High School,Cobden Jr High School,Cobden,
Cobden SUD 17,Cobden SUD 17,Cobden,
Coffeen Elem School,Coffeen Elem School,Coffeen,
Coleman Elem School,Coleman Elem School,Elgin,
Colemon J Elem Academy,Colemon J Elem Academy,Chicago,
Colene Hoose Elem School,Colene Hoose Elem School,Normal,
Coles Elem Language Academy,Coles Elem Language Academy,Chicago,
Colin Powell Middle Sch,Colin Powell Middle Sch,Matteson,
College Preparatry Sch of America,College Preparatry Sch of America,Lombard,
Collins Academy High School,Collins Academy High School,Chicago,
Collinsville Area Career Ctr,Collinsville Area Career Ctr,Collinsville,
Collinsville CUSD 10,Collinsville CUSD 10,Collinsville,
Collinsville High School,Collinsville High School,Collinsville,
Collinsville Middle School,Collinsville Middle School,Collinsville,
Colona Grade School,Colona Grade School,Colona,
Colona SD 190,Colona SD 190,Colona,
Colonel George Iles Elementary School,Colonel George Iles Elementary School,Quincy,
Columbia Central School,Columbia Central School,Steger,
Columbia CUSD 4,Columbia CUSD 4,Columbia,
Columbia Explorers Elem Academy,Columbia Explorers Elem Academy,Chicago,
Columbia High School,Columbia High School,Columbia,
Columbia Middle School,Columbia Middle School,Columbia,
Columbus East Elem School,Columbus East Elem School,Cicero,
Columbus Elem School,Columbus Elem School,Chicago,
Columbus Elem School,Columbus Elem School,Edwardsville,
Columbus Manor Elem School,Columbus Manor Elem School,Oak Lawn,
Columbus West Elementary School,Columbus West Elementary School,Cicero,
Comm Alternative Renewal,Comm Alternative Renewal,Lake Villa,
Comm Cons SD 59,Comm Cons SD 59,Elk Grove Vlg,
Comm H S Dist 99 - North H S,Comm H S Dist 99 - North H S,Downers Grove,
Comm H S Dist 99 - South High Sch,Comm H S Dist 99 - South High Sch,Downers Grove,
Comm Youth Development Institute,Comm Youth Development Institute,Chicago,
Communication Dev Program,Communication Dev Program,Oak Forest,
Communication Development (CD),Communication Development (CD),South Holland,
Community Christian Academy,Community Christian Academy,Johnston City,
Community Christian School,Community Christian School,Manhattan,
Community Cons School,Community Cons School,Pinckneyville,
Community High School,Community High School,West Chicago,
Concord Elem School,Concord Elem School,Darien,
Concord Lutheran School,Concord Lutheran School,Bensenville,
Concordia Little Lambs,Concordia Little Lambs,Berwyn,
Concordia Lutheran,Concordia Lutheran,Springfield,
Concordia Lutheran School,Concordia Lutheran School,Machesney Park,
Concordia Lutheran School,Concordia Lutheran School,Peoria,
Concordia Lutheran School St Paul Campus,Concordia Lutheran School St Paul Campus,Rockford,
Concordia Univ E C Educ Center,Concordia Univ E C Educ Center,River Forest,
Congerville Elem School,Congerville Elem School,Congerville,
Congregation Tzemach Tzedek,Congregation Tzemach Tzedek,Skokie,
Congress Park Elem School,Congress Park Elem School,Brookfield,
Conklin Elem School,Conklin Elem School,Rockford,
Conley Elementary School,Conley Elementary School,Algonquin,
Connect Christian School,Connect Christian School,South Roxana,
Connections Academy East,Connections Academy East,Lake Forest,
Connections Day School,Connections Day School,Libertyville,
Connections Day School Int,Connections Day School Int,Libertyville,
Connor Shaw Center,Connor Shaw Center,Peotone,
Conrad Fischer Elem School,Conrad Fischer Elem School,Elmhurst,
Cons HSD 230,Cons HSD 230,Orland Park,
Constance Lane Elementary School,Constance Lane Elementary School,Rockford,
Cook Co Juvenile Det -York Alt HS,Cook Co Juvenile Det -York Alt HS,Chicago,
Cook Co Juvenile Detention Ctr - Jefferson Alt HS,Cook Co Juvenile Detention Ctr - Jefferson Alt HS,Chicago,
Cook Co Juvenile Detention Ctr - York Alternative HS,Cook Co Juvenile Detention Ctr - York Alternative HS,Chicago,
Cook County SD 130,Cook County SD 130,Blue Island,
Cook Elem School,Cook Elem School,Chicago,
Coolidge Elementary School,Coolidge Elementary School,Lansing,
Coolidge Junior High Sch,Coolidge Junior High Sch,Granite City,
Coolidge Middle School,Coolidge Middle School,Phoenix,
Coolidge RSSP,Coolidge RSSP,Moline,
Coonley Elem School,Coonley Elem School,Chicago,
Coop Assoc for Spec Educ,Coop Assoc for Spec Educ,Glen Ellyn,
Coop HS 1,Coop HS 1,Bismarck,
COOP HS 7,COOP HS 7,Rossville,
Cooper Elem Dual Language Academy,Cooper Elem Dual Language Academy,Chicago,
Cooper Middle School,Cooper Middle School,Buffalo Grove,
Coordinated Youth & Human Service,Coordinated Youth & Human Service,Granite City,
Coordinated Yth & Human Serv. Int,Coordinated Yth & Human Serv. Int,Granite City,
Cope Alternative School,Cope Alternative School,Murphysboro,
Copeland Manor Elem School,Copeland Manor Elem School,Libertyville,
Coras Career Academy,Coras Career Academy,Calumet City,
Corcoran Elementary,Corcoran Elementary,Chicago,
CORE Academy,CORE Academy,Aurora,
CORE Supported,CORE Supported,Aurora,
CORE Supported-Intensive,CORE Supported-Intensive,Aurora,
Coretta Scott King Magnet Sch,Coretta Scott King Magnet Sch,University Park,
Corkery Elem School,Corkery Elem School,Chicago,
Corliss High School,Corliss High School,Chicago,
Cornell CCSD 426,Cornell CCSD 426,Cornell,
Cornell Corrections of CA Inc,Cornell Corrections of CA Inc,Canon City,
Cornell Elem School,Cornell Elem School,Cornell,
Cornerstone Academy,Cornerstone Academy,Chicago,
Cornerstone Christian Academy,Cornerstone Christian Academy,Downs,
Cornerstone Christian School,Cornerstone Christian School,Chicago Heights,
Corpus Christi Catholic School,Corpus Christi Catholic School,Bloomington,
Corron Elementary School,Corron Elementary School,South Elgin,
Cortland Elementary School,Cortland Elementary School,Cortland,
Cossitt Ave Elem School,Cossitt Ave Elem School,La Grange,
Costa Catholic School,Costa Catholic School,Galesburg,
Costello School,Costello School,Lyons,
Cottage Grove Upper Grade Center,Cottage Grove Upper Grade Center,Ford Heights,
Cotton Creek School,Cotton Creek School,Island Lake,
Coulterville Elementary School,Coulterville Elementary School,Coulterville,
Coulterville High School,Coulterville High School,Coulterville,
Coulterville Junior High School,Coulterville Junior High School,Coulterville,
Coulterville USD 1,Coulterville USD 1,Coulterville,
Council Oak Montessori School,Council Oak Montessori School,Blue Island,
Country Club Hills SD 160,Country Club Hills SD 160,Country Club Hills,
Country Club Hills Tech & Trade,Country Club Hills Tech & Trade,Cntry Clb Hls,
Country Club Hills Transition,Country Club Hills Transition,Cntry Clb Hls,
Country Meadows Elem School,Country Meadows Elem School,Long Grove,
Country Meadows Montessori Sch,Country Meadows Montessori Sch,Gurnee,
Country Trails Elem,Country Trails Elem,Elgin,
Countryside Elem School,Countryside Elem School,Barrington,
Countryside Montessori School,Countryside Montessori School,Northbrook,
Countryside Private Sch,Countryside Private Sch,Eureka,
Countryside School,Countryside School,Champaign,
County of Union Sch Dist No43,County of Union Sch Dist No43,Jonesboro,
County of Winnebago SD 320,County of Winnebago SD 320,South Beloit,
County of Woodford School,County of Woodford School,Metamora,
Courtenay Elem Language Arts Ctr,Courtenay Elem Language Arts Ctr,Chicago,
Cove School,Cove School,Northbrook,
Cove School - Intensive,Cove School - Intensive,Northbrook,
Covenant Christian School,Covenant Christian School,Aurora,
Covenant Classical School,Covenant Classical School,Naperville,
Coventry Elem School,Coventry Elem School,Crystal Lake,
Cowden-Herrick CUSD 3A,Cowden-Herrick CUSD 3A,Cowden,
Cowden-Herrick Grade School,Cowden-Herrick Grade School,Herrick,
Cowden-Herrick Jr/Sr High School,Cowden-Herrick Jr/Sr High School,Cowden,
Crab Orchard CUSD 3,Crab Orchard CUSD 3,Marion,
Crab Orchard Elementary School,Crab Orchard Elementary School,Marion,
Crab Orchard High School,Crab Orchard High School,Marion,
Crane Medical Prep HS,Crane Medical Prep HS,Chicago,
Creative Care Childrens Ctr Inc,Creative Care Childrens Ctr Inc,Barrington,
Creative Center for Children,Creative Center for Children,Paris,
Creative Childrens Academy,Creative Childrens Academy,Palatine,
Creative Communications Acad,Creative Communications Acad,Calumet City,
Creative Montessori Learning Ctr,Creative Montessori Learning Ctr,Lombard,
Creative World Montessori School,Creative World Montessori School,La Grange,
Creekside Elem,Creekside Elem,Elgin,
Creekside Elementary School,Creekside Elementary School,Plainfield,
Creekside Middle School,Creekside Middle School,Woodstock,
Creme de la Creme,Creme de la Creme,Chicago,
Creme De La Creme,Creme De La Creme,Warrenville,
Crescent City Grade School,Crescent City Grade School,Crescent City,
Crescent Iroquois CUSD 249,Crescent Iroquois CUSD 249,Crescent City,
Creston CCSD 161,Creston CCSD 161,Creston,
Creston Elem School,Creston Elem School,Creston,
Crestwood Elem School,Crestwood Elem School,Paris,
Crestwood Jr High School,Crestwood Jr High School,Paris,
Crete Elementary School,Crete Elementary School,Crete,
Crete Monee CUSD 201U,Crete Monee CUSD 201U,Crete,
Crete-Monee Early Childhood Cntr,Crete-Monee Early Childhood Cntr,Crete,
Crete-Monee High School,Crete-Monee High School,Crete,
Crete-Monee Middle School,Crete-Monee Middle School,University Park,
Creve Coeur SD 76,Creve Coeur SD 76,Creve Coeur,
Cristo Rey Jesuit High School,Cristo Rey Jesuit High School,Chicago,
Cristo Rey St Martin,Cristo Rey St Martin,Waukegan,
Crosby Elem Sch,Crosby Elem Sch,Harvard,
Cross Lutheran School,Cross Lutheran School,Yorkville,
Crossroad Learning Center,Crossroad Learning Center,Jacksonville,
Crossroads Academy,Crossroads Academy,Big Rock,
Crotched Mountain Rehab Center,Crotched Mountain Rehab Center,Greenfield,
Crotched Mountain School,Crotched Mountain School,Greenfield,
Crow Island Elem School,Crow Island Elem School,Winnetka,
Crown Elem Comm Acd Fine Arts Ctr,Crown Elem Comm Acd Fine Arts Ctr,Chicago,
Crystal Lake CCSD 47,Crystal Lake CCSD 47,Crystal Lake,
Crystal Lake Central High School,Crystal Lake Central High School,Crystal Lake,
Crystal Lake Montessori,Crystal Lake Montessori,Woodstock,
Crystal Lake South High School,Crystal Lake South High School,Crystal Lake,
Crystal Lawns Elem School,Crystal Lawns Elem School,Joliet,
CS Academy,CS Academy,Chicago,
CS Academy II,CS Academy II,Chicago,
Cuba Elem School,Cuba Elem School,Cuba,
Cuba Middle School,Cuba Middle School,Cuba,
Cuba Sr High School,Cuba Sr High School,Cuba,
Cuffe Math-Sci Tech Elem Academy,Cuffe Math-Sci Tech Elem Academy,Chicago,
Cullen Elem School,Cullen Elem School,Chicago,
Cumberland CUSD 77,Cumberland CUSD 77,Toledo,
Cumberland Elem School,Cumberland Elem School,Des Plaines,
Cumberland Elem School,Cumberland Elem School,Toledo,
Cumberland High School,Cumberland High School,Toledo,
Cumberland Middle School,Cumberland Middle School,Toledo,
Cunningham Childrens Home,Cunningham Childrens Home,Urbana,
Cunningham-Circle Academy,Cunningham-Circle Academy,Urbana,
Cunningham-Circle Academy (Int),Cunningham-Circle Academy (Int),Urbana,
Cunningham-Girls,Cunningham-Girls,Urbana,
Cunningham-Kendall Gill,Cunningham-Kendall Gill,Urbana,
Curie Metropolitan High School,Curie Metropolitan High School,Chicago,
Currier Elementary School,Currier Elementary School,West Chicago,
Curtis Elem School,Curtis Elem School,Chicago,
CUSD 200,CUSD 200,Wheaton,
CUSD 201,CUSD 201,Westmont,
CUSD 3 Fulton County,CUSD 3 Fulton County,Cuba,
CUSD 300,CUSD 300,Algonquin,
CUSD 308,CUSD 308,Oswego,
CUSD 4,CUSD 4,Mendon,
Cyd Lash Academy,Cyd Lash Academy,Gages Lake,
Cypress Elem School,Cypress Elem School,Cypress,
Cypress SD 64,Cypress SD 64,Cypress,
Da Vinci Waldorf School,Da Vinci Waldorf School,Wauconda,
Daarul Uloom Islamic School,Daarul Uloom Islamic School,Peoria,
Dahlgren Elem School,Dahlgren Elem School,Dahlgren,
Daisys Resource Optional School,Daisys Resource Optional School,North Chicago,
Dakota CUSD 201,Dakota CUSD 201,Dakota,
Dakota Elementary School,Dakota Elementary School,Dakota,
Dakota Jr Sr High School,Dakota Jr Sr High School,Dakota,
Daley Elem Academy,Daley Elem Academy,Chicago,
Dallas City Elem School,Dallas City Elem School,Dallas City,
Dallas ESD 327,Dallas ESD 327,Dallas City,
Dalzell Grade School,Dalzell Grade School,Dalzell,
Dalzell SD 98,Dalzell SD 98,Dalzell,
Damar Services Inc,Damar Services Inc,Indianapolis,
Damar Services Inc - Autism Treatment Units,Damar Services Inc - Autism Treatment Units,Indianapolis,
Damar Services Inc - Base Right & Left Field Units,Damar Services Inc - Base Right & Left Field Units,Indianapolis,
Damar Services Inc - Girls Treatment Unit,Damar Services Inc - Girls Treatment Unit,Indianapolis,
Damar Services Inc - Intensive,Damar Services Inc - Intensive,Indianapolis,
Damar Services Inc - Longwell Home,Damar Services Inc - Longwell Home,Indianapolis,
Damar Services Inc - Orchard Grove Home,Damar Services Inc - Orchard Grove Home,Camby,
Damar Services Inc - Pass Home,Damar Services Inc - Pass Home,Indianapolis,
Damar Services Inc - Sweet River Home,Damar Services Inc - Sweet River Home,Camby,
Damar Services Inc - Young Boys Base,Damar Services Inc - Young Boys Base,Indianapolis,
Damiansville Elem School,Damiansville Elem School,Damiansville,
Damiansville SD 62,Damiansville SD 62,Damiansville,
Dan H Pietrini Elem School,Dan H Pietrini Elem School,Franklin Park,
Daniel Burnham Elem School,Daniel Burnham Elem School,Cicero,
Daniel Webster Middle School,Daniel Webster Middle School,Waukegan,
Daniel Wright Jr High School,Daniel Wright Jr High School,Lincolnshire,
Danielle-Joy Peterson Elem Sch,Danielle-Joy Peterson Elem Sch,Naperville,
Danville CCSD 118,Danville CCSD 118,Danville,
Danville Christian Academy,Danville Christian Academy,Danville,
Danville High School,Danville High School,Danville,
Darien SD 61,Darien SD 61,Darien,
Darwin Elem School,Darwin Elem School,Chicago,
Davenport Elem School,Davenport Elem School,Eureka,
David L Rahn Jr High School,David L Rahn Jr High School,Mount Morris,
Davie Elem School,Davie Elem School,Anna,
Davis M Magnet Elem School,Davis M Magnet Elem School,Chicago,
Davis N Elem School,Davis N Elem School,Chicago,
Davis Primary School,Davis Primary School,Saint Charles,
Dawes Elem School,Dawes Elem School,Chicago,
Dawes Elementary School,Dawes Elementary School,Evanston,
Day Treatment,Day Treatment,Peoria,
Dayspring Montessori Sch,Dayspring Montessori Sch,Northbrook,
Daystar Academy,Daystar Academy,Chicago,
DCN Christian Academy,DCN Christian Academy,Cicero,
DD Eisenhower High Sch (Campus),DD Eisenhower High Sch (Campus),Blue Island,
De Diego Elem Community Academy,De Diego Elem Community Academy,Chicago,
De Kalb ROE,De Kalb ROE,Dekalb,
De La Salle Institute,De La Salle Institute,Chicago,
DE LA SALLE INSTITUTE - INSTITUTE CAMPUS,DE LA SALLE INSTITUTE - INSTITUTE CAMPUS,CHICAGO,
Deaf & Hard of Hearing (DHH),Deaf & Hard of Hearing (DHH),South Holland,
Deaf/Hard of Hearing Program,Deaf/Hard of Hearing Program,Oak Forest,
Deaf/Hard of Hearing Programs,Deaf/Hard of Hearing Programs,Lisle,
Dean Street Elem School,Dean Street Elem School,Woodstock,
Decatur Christian School,Decatur Christian School,Forsyth,
Decatur Classical Elem School,Decatur Classical Elem School,Chicago,
Decatur SD 61,Decatur SD 61,Decatur,
Dee-Mack High School,Dee-Mack High School,Mackinaw,
Dee-Mack Intermediate School,Dee-Mack Intermediate School,Deer Creek,
Dee-Mack Primary/Jr High,Dee-Mack Primary/Jr High,Mackinaw,
Deer Creek Christian School,Deer Creek Christian School,Chicago Heights,
Deer Creek-Mackinaw CUSD 701,Deer Creek-Mackinaw CUSD 701,Mackinaw,
Deer Park C C Elem School,Deer Park C C Elem School,Ottawa,
Deer Park CCSD 82,Deer Park CCSD 82,Ottawa,
Deer Path Elem School,Deer Path Elem School,Cary,
Deer Path Middle Sch East,Deer Path Middle Sch East,Lake Forest,
Deer Path Middle Sch West,Deer Path Middle Sch West,Lake Forest,
Deerfield High School,Deerfield High School,Deerfield,
Deerfield Montessori School,Deerfield Montessori School,Deerfield,
Deerfield SD 109,Deerfield SD 109,Deerfield,
DeKalb CUSD 428,DeKalb CUSD 428,DeKalb,
DeKalb Early Learning and Development Center,DeKalb Early Learning and Development Center,Dekalb,
DeKalb High School,DeKalb High School,Dekalb,
Delabar CTE System,Delabar CTE System,Monmouth,
Delacey Family Educ Ctr,Delacey Family Educ Ctr,Carpentersville,
Deland-Weldon CUSD 57,Deland-Weldon CUSD 57,De Land,
Deland-Weldon Elem School,Deland-Weldon Elem School,Weldon,
Deland-Weldon High School,Deland-Weldon High School,De Land,
Deland-Weldon Middle School,Deland-Weldon Middle School,Weldon,
Delavan CUSD 703,Delavan CUSD 703,Delavan,
Delavan Elementary School,Delavan Elementary School,Delavan,
Delavan High School,Delavan High School,Delavan,
Delavan Jr High School,Delavan Jr High School,Delavan,
Delores Moye Elem School,Delores Moye Elem School,O Fallon,
Delta Learning Center,Delta Learning Center,Robbins,
Deneen Elem School,Deneen Elem School,Chicago,
Denkmann Elem School,Denkmann Elem School,Rock Island,
Denning Elementary School,Denning Elementary School,West Frankfort,
Dennis Elem School,Dennis Elem School,Decatur,
DePaul College Prep,DePaul College Prep,Chicago,
Depriest Elem School,Depriest Elem School,Chicago,
Dept of Human Services,Dept of Human Services,Springfield,
DePue Elem School,DePue Elem School,DePue,
DePue High School,DePue High School,DePue,
DePue USD 103,DePue USD 103,DePue,
Des Plaines Valley EFE,Des Plaines Valley EFE,River Grove,
DeSoto Cons SD 86,DeSoto Cons SD 86,De Soto,
DeSoto Elementary School,DeSoto Elementary School,De Soto,
Destiny Christian Elementary School,Destiny Christian Elementary School,Chicago,
DESTINY Program,DESTINY Program,Oak Forest,
Dett Elem School,Dett Elem School,Chicago,
Developmental Learning Pgm DLP,Developmental Learning Pgm DLP,Midlothian,
Dever Elem School,Dever Elem School,Chicago,
Devereux Foundation,Devereux Foundation,Villanova,
Devereux Glenholme School,Devereux Glenholme School,Washington,
Devereux School of Viera,Devereux School of Viera,Viera,
Devereux Texas Treatment Network,Devereux Texas Treatment Network,League City,
Devereux Victoria - Young Adult,Devereux Victoria - Young Adult,Victoria,
Devereux-Units #4 & #5,Devereux-Units #4 & #5,League City,
Devereux-Victoria,Devereux-Victoria,Victoria,
Devonshire Elem School,Devonshire Elem School,Skokie,
Devonshire School,Devonshire School,Des Plaines,
Devry Advantage Academy High Schl,Devry Advantage Academy High Schl,Chicago,
Dewey Elem Academy of Fine Arts,Dewey Elem Academy of Fine Arts,Chicago,
Dewey Elem School,Dewey Elem School,Evanston,
DeWitt/Livingstn/Logan/McLean ROE,DeWitt/Livingstn/Logan/McLean ROE,Bloomington,
Dfld Montessori Childrens House,Dfld Montessori Childrens House,Deerfield,
Diamante Montessori,Diamante Montessori,Glen Ellyn,
Diamond Lake School,Diamond Lake School,Mundelein,
Diamond Lake SD 76,Diamond Lake SD 76,Mundelein,
Diamond Ranch Academy,Diamond Ranch Academy,Hurricane,
Diekman Elem School,Diekman Elem School,Dolton,
Dieterich CUSD 30,Dieterich CUSD 30,Dieterich,
Dieterich Elem School,Dieterich Elem School,Dieterich,
Dieterich Jr/Sr High School,Dieterich Jr/Sr High School,Dieterich,
Dillon Elementary School,Dillon Elementary School,Rock Falls,
Dimmick Comm Cons SD 175,Dimmick Comm Cons SD 175,La Salle,
Dimmick Community Consolidated SD #175,Dimmick Community Consolidated SD #175,La Salle,
Diploma Degree North Campus,Diploma Degree North Campus,Peoria,
Directions Program,Directions Program,Naperville,
Dirksen Elem School,Dirksen Elem School,Chicago,
Dirksen Elementary School,Dirksen Elementary School,Pekin,
Dirksen Junior High School,Dirksen Junior High School,Joliet,
Discovery Academy,Discovery Academy,Provo,
Discovery School of Virginia,Discovery School of Virginia,Dillwyn,
Disney Elem Magnet School,Disney Elem Magnet School,Chicago,
Disney II Elem School,Disney II Elem School,Chicago,
Disney II Magnet HS,Disney II Magnet HS,Chicago,
Dist 206 Alternative High School,Dist 206 Alternative High School,Chicago Heights,
District 126 Early Childhood Center,District 126 Early Childhood Center,Alsip,
District 50 Schools,District 50 Schools,Washington,
District 7 Alternative School,District 7 Alternative School,Edwardsville,
District 99 Early Childhood Center,District 99 Early Childhood Center,Cicero,
Divine Providence,Divine Providence,Westchester,
Dixon Elem School,Dixon Elem School,Chicago,
Dixon High School,Dixon High School,Dixon,
Dixon USD 170,Dixon USD 170,Dixon,
Dolan Ctr Maryville Farm Campus,Dolan Ctr Maryville Farm Campus,Durand,
Dolores C Johnson Academy,Dolores C Johnson Academy,Chicago,
Dolton SD 148,Dolton SD 148,Riverdale,
Dolton SD 149,Dolton SD 149,Calumet City,
Don D Shute Elem School,Don D Shute Elem School,East Peoria,
Donald C Parker Early Educ Center,Donald C Parker Early Educ Center,Machesney Park,
Dongola Elementary School,Dongola Elementary School,Dongola,
Dongola High School,Dongola High School,Dongola,
Dongola Jr High School,Dongola Jr High School,Dongola,
Dongola USD 66,Dongola USD 66,Dongola,
Donnas House,Donnas House,Crete,
Donovan CUSD 3,Donovan CUSD 3,Donovan,
Donovan Elem School,Donovan Elem School,Donovan,
Donovan Jr High School,Donovan Jr High School,Donovan,
Donovan Sr High School,Donovan Sr High School,Donovan,
Dore Elem School,Dore Elem School,Chicago,
Dorn Primary Center,Dorn Primary Center,Hickory Hills,
Dorothy Simon Elem School,Dorothy Simon Elem School,Winnebago,
Dorris Intermediate Sch,Dorris Intermediate Sch,Collinsville,
Douglas Elem School,Douglas Elem School,Clinton,
Douglas Elem School,Douglas Elem School,Belleville,
Douglas Elementary School,Douglas Elementary School,Princeton,
Douglas School,Douglas School,Springfield,
Douglass Academy High School,Douglass Academy High School,Chicago,
Downers Grove Adventist,Downers Grove Adventist,Downers Grove,
Downers Grove Christian School,Downers Grove Christian School,Downers Grove,
Downers Grove GSD 58,Downers Grove GSD 58,Downers Grove,
Dr Andy Hall Early Educ Ctr,Dr Andy Hall Early Educ Ctr,Mount Vernon,
Dr Bessie Rhodes Magnet Sch,Dr Bessie Rhodes Magnet Sch,Skokie,
Dr Bessie Rhodes Sch Global Studies,Dr Bessie Rhodes Sch Global Studies,Skokie,
Dr Donald Wharton Elem School,Dr Donald Wharton Elem School,Summit,
Dr Howard Elem School,Dr Howard Elem School,Champaign,
Dr Julian Rogus School,Dr Julian Rogus School,Frankfort,
Dr Kenneth M Sorrick School,Dr Kenneth M Sorrick School,Palos Hills,
Dr Maude A Sanders Primary School,Dr Maude A Sanders Primary School,Peoria,
Dr ML King Jr Literary & Fine Arts Sch,Dr ML King Jr Literary & Fine Arts Sch,Evanston,
Dr Nick Osborne Primary Center,Dr Nick Osborne Primary Center,Mount Vernon,
Dr Preston L Williams Jr Elementary School,Dr Preston L Williams Jr Elementary School,Urbana,
Dr. Abby Fox Rooney Elementary School,Dr. Abby Fox Rooney Elementary School,Quincy,
Dr. Chaim Cember Shaarei Chinuch Day School,Dr. Chaim Cember Shaarei Chinuch Day School,Chicago,
Dr. Wolfes Montessori School,Dr. Wolfes Montessori School,Frankfort,
Drake Elem School,Drake Elem School,Chicago,
Drauden Point Middle School,Drauden Point Middle School,Plainfield,
DREAM Academy,DREAM Academy,Elgin,
DREAM Academy,DREAM Academy,Carpentersville,
Drexel Elem School,Drexel Elem School,Cicero,
Drummond Elem School,Drummond Elem School,Chicago,
Dryden Elem School,Dryden Elem School,Arlington Heights,
Du Quoin Elementary School,Du Quoin Elementary School,Du Quoin,
Du Quoin Middle School,Du Quoin Middle School,Du Quoin,
Du Quoin CUSD 300,Du Quoin CUSD 300,Du Quoin,
Du Quoin High School,Du Quoin High School,Du Quoin,
Dubois Elem School,Dubois Elem School,Chicago,
Dubois Elem School,Dubois Elem School,Springfield,
Dujardin Elementary School,Dujardin Elementary School,Bloomingdale,
Dulles Elem School,Dulles Elem School,Chicago,
Dunbar Elem School,Dunbar Elem School,East Saint Louis,
Dunbar Vocational Career Acad HS,Dunbar Vocational Career Acad HS,Chicago,
Dundee Highlands Elem School,Dundee Highlands Elem School,West Dundee,
Dundee Middle School,Dundee Middle School,Dundee,
Dundee-Crown High School,Dundee-Crown High School,Carpentersville,
Dunlap CUSD 323,Dunlap CUSD 323,Peoria,
Dunlap Grade School,Dunlap Grade School,Dunlap,
Dunlap High School,Dunlap High School,Dunlap,
Dunlap Middle School,Dunlap Middle School,Dunlap,
Dunlap Valley Middle School,Dunlap Valley Middle School,Dunlap,
Dunne Technology Acad Elem Sch,Dunne Technology Acad Elem Sch,Chicago,
DuPage Alop,DuPage Alop,Wheaton,
DuPage Area Occup Educ Sys,DuPage Area Occup Educ Sys,Addison,
DuPage Glenbard Plus,DuPage Glenbard Plus,Addison,
DuPage HSD 88,DuPage HSD 88,Addison,
DuPage Montessori in Wheaton,DuPage Montessori in Wheaton,Wheaton,
DuPage Montessori School,DuPage Montessori School,Naperville,
DuPage ROE,DuPage ROE,Wheaton,
Dupo CUSD 196,Dupo CUSD 196,Dupo,
Dupo High School,Dupo High School,Dupo,
Dupo Jr High School,Dupo Jr High School,Dupo,
Durand CUSD 322,Durand CUSD 322,Durand,
Durand Elem School,Durand Elem School,Durand,
Durand High School,Durand High School,Durand,
Durand Jr High School,Durand Jr High School,Durand,
Durfee Elem School,Durfee Elem School,Decatur,
Durfee Magnet Elementary,Durfee Magnet Elementary,Decatur,
Durkin Park Elem School,Durkin Park Elem School,Chicago,
Dvorak Technology Acad Elem Sch,Dvorak Technology Acad Elem Sch,Chicago,
Dwight Common School,Dwight Common School,Dwight,
Dwight Common SD 232,Dwight Common SD 232,Dwight,
Dwight D Eisenhower Elem School,Dwight D Eisenhower Elem School,Prospect Heights,
Dwight D Eisenhower JHS,Dwight D Eisenhower JHS,Hoffman Estates,
Dwight High School,Dwight High School,Dwight,
Dwight Twp HSD 230,Dwight Twp HSD 230,Dwight,
E St Louis Area Joint Agreement,E St Louis Area Joint Agreement,East Saint Louis,
E St Louis Area Joint Agreement,E St Louis Area Joint Agreement,East St Louis,
Eagle Academy Christian School,Eagle Academy Christian School,Lansing,
Eagle Pointe Elementary School,Eagle Pointe Elementary School,Plainfield,
Eagle Ridge School,Eagle Ridge School,Silvis,
Eagle Ridge Vocational Del Sys,Eagle Ridge Vocational Del Sys,Elizabeth,
Eagles Vision Academy,Eagles Vision Academy,Maywood,
Eagleview Elementary School,Eagleview Elementary School,Columbia,
Earhart Elem Opt for Knowl School,Earhart Elem Opt for Knowl School,Chicago,
Earl H Hanson Elem School,Earl H Hanson Elem School,Rock Island,
Earl Pritchett School,Earl Pritchett School,Buffalo Grove,
Earle Elem School,Earle Elem School,Chicago,
Earlville CUSD 9,Earlville CUSD 9,Earlville,
Earlville Elem School,Earlville Elem School,Earlville,
Earlville Jr/Sr High School,Earlville Jr/Sr High School,Earlville,
Early Childhood,Early Childhood,Jacksonville,
Early Childhood,Early Childhood,Quincy,
Early Childhood,Early Childhood,Elmhurst,
Early Childhood Center,Early Childhood Center,Elmwood Park,
Early Childhood Cntr,Early Childhood Cntr,Dolton,
Early Childhood Cntr/Lincoln Primary,Early Childhood Cntr/Lincoln Primary,Bellwood,
Early Childhood Dev Cntr,Early Childhood Dev Cntr,Aurora,
Early Childhood Education Center,Early Childhood Education Center,Wood Dale,
Early Childhood Facility,Early Childhood Facility,Round Lake,
Early Learning Center,Early Learning Center,Effingham,
Early Learning Center,Early Learning Center,West Chicago,
Early Learning Center,Early Learning Center,Waukegan,
Early Learning Center,Early Learning Center,Springfield,
Early Step Pre-School,Early Step Pre-School,Fulton,
EASE Program,EASE Program,South Holland,
East Alton Middle School,East Alton Middle School,East Alton,
East Alton SD 13,East Alton SD 13,East Alton,
East Alton-Wood River CHSD 14,East Alton-Wood River CHSD 14,Wood River,
East Alton-Wood River High Sch,East Alton-Wood River High Sch,Wood River,
East Aurora HS RSSP,East Aurora HS RSSP,Aurora,
East Coloma - Nelson CESD 20,East Coloma - Nelson CESD 20,Rock Falls,
East Coloma - Nelson Elem Sch,East Coloma - Nelson Elem Sch,Rock Falls,
East Dubuque Elem School,East Dubuque Elem School,East Dubuque,
East Dubuque High School,East Dubuque High School,East Dubuque,
East Dubuque Jr High,East Dubuque Jr High,East Dubuque,
East Dubuque USD 119,East Dubuque USD 119,East Dubuque,
East Elementary School,East Elementary School,Zion,
East Elementary School,East Elementary School,Alton,
East High School,East High School,Aurora,
East Lake Academy,East Lake Academy,Lake Forest,
East Leyden High School,East Leyden High School,Franklin Park,
East Maine SD 63,East Maine SD 63,Des Plaines,
East Moline Christian School,East Moline Christian School,East Moline,
East Moline Education Center,East Moline Education Center,East Moline,
East Moline SD 37,East Moline SD 37,East Moline,
East Peoria CHSD 309,East Peoria CHSD 309,East Peoria,
East Peoria High School,East Peoria High School,East Peoria,
East Peoria SD 86,East Peoria SD 86,East Peoria,
East Prairie Elem School,East Prairie Elem School,Skokie,
East Prairie Middle School,East Prairie Middle School,Tuscola,
East Prairie SD 73,East Prairie SD 73,Skokie,
East Side Elementary School,East Side Elementary School,Mc Leansboro,
East Side Intermediate School,East Side Intermediate School,Harrisburg,
East St Louis SD 189,East St Louis SD 189,East Saint Louis,
East St Louis Senior High School,East St Louis Senior High School,East Saint Louis,
East St Louis-Lincoln Middle School,East St Louis-Lincoln Middle School,East Saint Louis,
East View Academy School,East View Academy School,Oswego,
Easter Seals Metropolitan Chicago,Easter Seals Metropolitan Chicago,Chicago,
Easter Seals South - Intensive,Easter Seals South - Intensive,Tinley Park,
Easter Seals Therapeutic,Easter Seals Therapeutic,Chicago,
Easter Seals Therapeutic - Int,Easter Seals Therapeutic - Int,Chicago,
Easter Seals Therapeutic-South,Easter Seals Therapeutic-South,Tinley Park,
Eastern IL Area of Spec Educ,Eastern IL Area of Spec Educ,Charleston,
Eastern IL EFE System,Eastern IL EFE System,Mattoon,
Easterseals Acad - Machesney Park,Easterseals Acad - Machesney Park,Machesney Park,
Easterseals Acad-Machesney Pk-Int,Easterseals Acad-Machesney Pk-Int,Machesney Park,
Easterseals Central IL Learn Acad-INT,Easterseals Central IL Learn Acad-INT,Peoria,
Easterseals Central IL Learning Acad,Easterseals Central IL Learning Acad,Peoria,
Easterseals Central Illinois,Easterseals Central Illinois,Peoria,
Eastland CUSD 308,Eastland CUSD 308,Shannon,
Eastland Elementary School,Eastland Elementary School,Shannon,
Eastland Jr/Sr High School,Eastland Jr/Sr High School,Lanark,
Eastlawn Elem School,Eastlawn Elem School,Rantoul,
Eastview Elem School,Eastview Elem School,Algonquin,
Eastview Elementary School,Eastview Elementary School,Canton,
Eastview Middle School,Eastview Middle School,Bartlett,
Eastwood Elem School,Eastwood Elem School,East Alton,
Eau Claire Academy,Eau Claire Academy,Eau Claire,
Eberhart Elem School,Eberhart Elem School,Chicago,
Ebinger Elem School,Ebinger Elem School,Chicago,
ECH Every Childs Hope,ECH Every Childs Hope,Saint Louis,
ECHO Juvenile Detention Ctr Program,ECHO Juvenile Detention Ctr Program,Benton,
Echo School,Echo School,South Holland,
ECSE AM/PM-Wood Dale Dist 7,ECSE AM/PM-Wood Dale Dist 7,Wood Dale,
Ed & Life Skills Transition,Ed & Life Skills Transition,Northbrook,
Edgar A Poe Elem School,Edgar A Poe Elem School,Arlington Heights,
Edgar County CUD 6,Edgar County CUD 6,Chrisman,
Edgebrook Elem School,Edgebrook Elem School,Chicago,
Edgebrook Elem School,Edgebrook Elem School,Mchenry,
Edgewood Elem School,Edgewood Elem School,Woodridge,
Edgewood Middle School,Edgewood Middle School,Highland Park,
Edinburg CUSD 4,Edinburg CUSD 4,Edinburg,
Edinburg Elem School,Edinburg Elem School,Edinburg,
Edinburg High School,Edinburg High School,Edinburg,
Edinburg Jr High School,Edinburg Jr High School,Edinburg,
Edison Elem Regional Gifted Cntr,Edison Elem Regional Gifted Cntr,Chicago,
Edison Elem School,Edison Elem School,Stickney,
Edison Elem School,Edison Elem School,Elmhurst,
Edison Elem School,Edison Elem School,Danville,
Edison Elementary School,Edison Elementary School,Macomb,
Edison Jr High School,Edison Jr High School,Rock Island,
Edison Junior High School,Edison Junior High School,Pekin,
Edison Middle School,Edison Middle School,Champaign,
Edison Middle School,Edison Middle School,Wheaton,
Edison Park Elem School,Edison Park Elem School,Chicago,
Edison Primary School,Edison Primary School,Kankakee,
Edna Keith Elem School,Edna Keith Elem School,Joliet,
Edna Rollins Elem School,Edna Rollins Elem School,Aurora,
Educ for Employment Sys 330,Educ for Employment Sys 330,Champaign,
Educare of West DuPage,Educare of West DuPage,West Chicago,
Educate Empower Academy,Educate Empower Academy,Chicago,
Educational Daycare,Educational Daycare,Jacksonville,
Edw/Glt/Hlt/Hdn/Pop/Sln/Wbh/Wn/Wh ROE,Edw/Glt/Hlt/Hdn/Pop/Sln/Wbh/Wn/Wh ROE,Harrisburg,
Edward J Tobin Elem School,Edward J Tobin Elem School,Burbank,
Edwards County CUSD 1,Edwards County CUSD 1,Albion,
Edwards County High School,Edwards County High School,Albion,
Edwards Elem School,Edwards Elem School,Chicago,
Edwardsville CUSD 7,Edwardsville CUSD 7,Edwardsville,
Edwardsville High School,Edwardsville High School,Edwardsville,
Edwin A Lee Elementary School,Edwin A Lee Elementary School,Springfield,
Effingham CUSD 40,Effingham CUSD 40,Effingham,
Effingham High School,Effingham High School,Effingham,
Effingham Junior High School,Effingham Junior High School,Effingham,
Egyptian CUSD 5,Egyptian CUSD 5,Tamms,
Egyptian Elem School,Egyptian Elem School,Tamms,
Egyptian Jr High School,Egyptian Jr High School,Tamms,
Egyptian Sr High School,Egyptian Sr High School,Tamms,
Einstein Academy,Einstein Academy,Elgin,
Eisenhower Academy,Eisenhower Academy,Joliet,
Eisenhower Coop-DHH Program,Eisenhower Coop-DHH Program,Crestwood,
Eisenhower Cooperative,Eisenhower Cooperative,Crestwood,
Eisenhower Elem School,Eisenhower Elem School,Jacksonville,
Eisenhower High School,Eisenhower High School,Decatur,
Eisenhower Jr High School,Eisenhower Jr High School,Darien,
Eisenhower Middle School,Eisenhower Middle School,Rockford,
Eisenhower School,Eisenhower School,South Holland,
El Paso-Gridley CUSD 11,El Paso-Gridley CUSD 11,El Paso,
El Paso-Gridley High School,El Paso-Gridley High School,El Paso,
El Paso-Gridley Jr High School,El Paso-Gridley Jr High School,Gridley,
El Sierra Elem School,El Sierra Elem School,Downers Grove,
Elden D Finley Jr High School,Elden D Finley Jr High School,Chicago Ridge,
Eldorado Christian Academy,Eldorado Christian Academy,Eldorado,
Eldorado CUSD 4,Eldorado CUSD 4,Eldorado,
Eldorado Elem School,Eldorado Elem School,Eldorado,
Eldorado High School,Eldorado High School,Eldorado,
Eldorado Middle School,Eldorado Middle School,Eldorado,
Elgin Academy,Elgin Academy,Elgin,
Elgin High School,Elgin High School,Elgin,
Elgin Math and Science Academy Charter School,Elgin Math and Science Academy Charter School,Elgin,
Elim Christian School,Elim Christian School,Crestwood,
Elim Christian School-Day,Elim Christian School-Day,Crestwood,
Elim Christian School-Intensive,Elim Christian School-Intensive,Crestwood,
Elim Pathways,Elim Pathways,Palos Heights,
Elite Childrens Academy,Elite Childrens Academy,Plainfield,
Elite Scholars STEAM Academy,Elite Scholars STEAM Academy,Belleville,
Elizabeth Blackwell Elem School,Elizabeth Blackwell Elem School,Schaumburg,
Elizabeth Eichelberger Elem Sch,Elizabeth Eichelberger Elem Sch,Plainfield,
Elizabeth Graham Elem School,Elizabeth Graham Elem School,Springfield,
Elizabeth Ide Elem School,Elizabeth Ide Elem School,Darien,
Elizabeth Meyer School,Elizabeth Meyer School,Skokie,
Elizabeth Morris Elem School,Elizabeth Morris Elem School,Cahokia,
Elk Grove High School,Elk Grove High School,Elk Grove Village,
Ellington Elem School,Ellington Elem School,Chicago,
Ellis Arts Academy,Ellis Arts Academy,Rockford,
Ellis Elem School,Ellis Elem School,Belleville,
Ellis Elementary School,Ellis Elementary School,Rockford,
Ellis Middle School,Ellis Middle School,Elgin,
Ellsworth Elem School,Ellsworth Elem School,Naperville,
Elm Elem School,Elm Elem School,Burr Ridge,
Elm Middle School,Elm Middle School,Elmwood Park,
Elmer H Franzen Intermediate Sch,Elmer H Franzen Intermediate Sch,Itasca,
Elmhurst Acad Early Learning,Elmhurst Acad Early Learning,Elmhurst,
Elmhurst SD 205,Elmhurst SD 205,Elmhurst,
Elmwood CUSD 322,Elmwood CUSD 322,Elmwood,
Elmwood Elem School,Elmwood Elem School,Elmwood Park,
Elmwood Elem School,Elmwood Elem School,Naperville,
Elmwood Elem School,Elmwood Elem School,Zion,
Elmwood Elem School,Elmwood Elem School,Elmwood,
Elmwood High School,Elmwood High School,Elmwood,
Elmwood Junior High School,Elmwood Junior High School,Elmwood,
Elmwood Park CUSD 401,Elmwood Park CUSD 401,Elmwood Park,
Elmwood Park High School,Elmwood Park High School,Elmwood Park,
Elsie C Johnson Elem Sch,Elsie C Johnson Elem Sch,Hanover Park,
Elverado CUSD 196,Elverado CUSD 196,Elkville,
Elverado High School,Elverado High School,Elkville,
Elverado Intermediate School,Elverado Intermediate School,Vergennes,
Elverado Junior High School,Elverado Junior High School,Vergennes,
Elverado Primary School,Elverado Primary School,Elkville,
Elwood C C School,Elwood C C School,Elwood,
Elwood CCSD 203,Elwood CCSD 203,Elwood,
Embers Academy,Embers Academy,Niles,
Emden Elementary School,Emden Elementary School,Emden,
Emerson Elem School,Emerson Elem School,Maywood,
Emerson Elem School,Emerson Elem School,Berwyn,
Emerson Elem School,Emerson Elem School,Wheaton,
Emerson Elem School,Emerson Elem School,Elmhurst,
Emerson Middle School,Emerson Middle School,Niles,
Emge Junior High School,Emge Junior High School,Belleville,
Emily G Johns School,Emily G Johns School,Plano,
Emiracle Academy,Emiracle Academy,Alorton,
Emmons Grade School,Emmons Grade School,Antioch,
Emmons SD 33,Emmons SD 33,Antioch,
Empire Elem School,Empire Elem School,Freeport,
Enders-Salk Elem School,Enders-Salk Elem School,Schaumburg,
Enger School,Enger School,Franklin Park,
Englewood STEM High School,Englewood STEM High School,Chicago,
Enliven Christian Academy,Enliven Christian Academy,Chicago,
Enos Elem School,Enos Elem School,Springfield,
Enterprise Elem School,Enterprise Elem School,Decatur,
EPIC Academy High School,EPIC Academy High School,Chicago,
Epiphany School,Epiphany School,Chicago,
Epiphany School,Epiphany School,Normal,
Epitome of Excellence,Epitome of Excellence,Olympia Fields,
Equality Christian Center,Equality Christian Center,Equality,
Erickson Elementary School,Erickson Elementary School,Bloomingdale,
Ericson Elem Scholastic Academy,Ericson Elem Scholastic Academy,Chicago,
Erie CUSD 1,Erie CUSD 1,Erie,
Erie Elem Charter School,Erie Elem Charter School,Chicago,
Erie Elem School,Erie Elem School,Erie,
Erie High School,Erie High School,Erie,
Erie Middle School,Erie Middle School,Erie,
Ernest F Kolb Elem School,Ernest F Kolb Elem School,Oak Lawn,
ESD 159,ESD 159,Matteson,
ESL Regional Vocational System,ESL Regional Vocational System,East Saint Louis,
Eslup Rapid Learning Center,Eslup Rapid Learning Center,Chicago,
Esmond Elem School,Esmond Elem School,Chicago,
Esperanza Community Services,Esperanza Community Services,Chicago,
Esperanza Learning Center,Esperanza Learning Center,Chicago,
Esperanza School,Esperanza School,Chicago,
Esperanza School - Intensive,Esperanza School - Intensive,Chicago,
Estelle Kampmeyer Elem School,Estelle Kampmeyer Elem School,O Fallon,
Estelle Sauget School of Choice,Estelle Sauget School of Choice,Cahokia,
Eswood C C Grade School,Eswood C C Grade School,Lindenwood,
Eswood CCSD 269,Eswood CCSD 269,Lindenwood,
ETHS Day School,ETHS Day School,Evanston,
Euclid Elem School,Euclid Elem School,Mount Prospect,
Eugene Field Elem School,Eugene Field Elem School,Wheeling,
Eugene Field Elem School,Eugene Field Elem School,Park Ridge,
Eugene Field Elem School,Eugene Field Elem School,Rock Island,
Eugene Field School,Eugene Field School,Normal,
Eunice Smith Elem School,Eunice Smith Elem School,Alton,
Eureka CUD 140,Eureka CUD 140,Eureka,
Eureka High School,Eureka High School,Eureka,
Eureka Middle School,Eureka Middle School,Eureka,
Evangelical School,Evangelical School,Godfrey,
Evans Junior High School,Evans Junior High School,Bloomington,
Evanston CCSD 65,Evanston CCSD 65,Evanston,
EVANSTON DAY SCHOOL,EVANSTON DAY SCHOOL,GLENVIEW,
Evanston Dists 65/202 Jnt Agr,Evanston Dists 65/202 Jnt Agr,Evanston,
Evanston Twp High School,Evanston Twp High School,Evanston,
Evanston Twp HSD 202,Evanston Twp HSD 202,Evanston,
Evansville Attendance Center,Evansville Attendance Center,Evansville,
Evelyn Alexander School,Evelyn Alexander School,North Chicago,
Everest Academy of Lemont,Everest Academy of Lemont,Lemont,
Everett Dirksen Elementary Sch,Everett Dirksen Elementary Sch,Schaumburg,
Everett Elem School,Everett Elem School,Chicago,
Everett Elem School,Everett Elem School,Lake Forest,
Everett F Kerr Middle School,Everett F Kerr Middle School,Blue Island,
Evergreen Academy,Evergreen Academy,Union,
Evergreen Academy Elem School,Evergreen Academy Elem School,Chicago,
Evergreen Elementary School,Evergreen Elementary School,Carol Stream,
Evergreen Park CHSD 231,Evergreen Park CHSD 231,Evergreen Park,
Evergreen Park ESD 124,Evergreen Park ESD 124,Evergreen Park,
Evergreen Park High School,Evergreen Park High School,Evergreen Park,
Everlasting Love Academy,Everlasting Love Academy,Chicago,
Evers Elem School,Evers Elem School,Chicago,
Every Childs Hope (ECH),Every Childs Hope (ECH),Saint Louis,
Every Childs Hope-Intensive,Every Childs Hope-Intensive,Saint Louis,
Ewing Mennonite School,Ewing Mennonite School,Ewing,
Ewing Northern CCSD 115,Ewing Northern CCSD 115,Ewing,
Ewing-Northern Elem School,Ewing-Northern Elem School,Ewing,
Exc Children Have Opportunities,Exc Children Have Opportunities,South Holland,
Excel Academy - Englewood HS,Excel Academy - Englewood HS,Chicago,
Excel Academy - Southwest HS,Excel Academy - Southwest HS,Chicago,
Excel Academy - Woodlawn HS,Excel Academy - Woodlawn HS,Chicago,
Excel Alternative Program,Excel Alternative Program,Atkinson,
Excel Institute,Excel Institute,Chicago,
Excellence in Academic Achievement Academy,Excellence in Academic Achievement Academy,Chicago,
Exceptional Learners,Exceptional Learners,Buffalo Grove,
Ezra Christian School,Ezra Christian School,West Frankfort,
Ezzard Charles School,Ezzard Charles School,Chicago,
F B Mccord Elem School,F B Mccord Elem School,Burbank,
F E Peacock Middle School,F E Peacock Middle School,Itasca,
Fabyan Elementary School,Fabyan Elementary School,Geneva,
Fairfield Comm H S Dist 225,Fairfield Comm H S Dist 225,Fairfield,
Fairfield Comm High School,Fairfield Comm High School,Fairfield,
Fairfield Elem Academy,Fairfield Elem Academy,Chicago,
Fairfield PSD 112,Fairfield PSD 112,Fairfield,
Fairmont School,Fairmont School,Lockport,
Fairmont SD 89,Fairmont SD 89,Lockport,
Fairmount Elem School,Fairmount Elem School,Downers Grove,
Fairview Early Childhood Center,Fairview Early Childhood Center,Rockford,
Fairview Elem School,Fairview Elem School,Hoffman Estates,
Fairview Elem School,Fairview Elem School,Mt Prospect,
Fairview Elem School,Fairview Elem School,Normal,
Fairview Elem School,Fairview Elem School,Springfield,
Fairview SD 72,Fairview SD 72,Skokie,
Fairview South Elementary School,Fairview South Elementary School,Skokie,
Faith Baptist Academy,Faith Baptist Academy,Glen Carbon,
Faith Baptist Christian School,Faith Baptist Christian School,Pekin,
Faith Baptist School,Faith Baptist School,Belleville,
Faith Bible Christian Academy,Faith Bible Christian Academy,Rosamond,
Faith Christian Academy,Faith Christian Academy,Evanston,
Faith Christian Academy,Faith Christian Academy,Sidell,
Faith Christian Elem/Jr Hi Sch,Faith Christian Elem/Jr Hi Sch,Geneva,
Faith Christian School,Faith Christian School,Monticello,
Faith Christian School,Faith Christian School,Chester,
Faith Christian School,Faith Christian School,Dixon,
Faith Evangelical Lutheran,Faith Evangelical Lutheran,Antioch,
FAITH LUTHERAN HIGH SCHOOL,FAITH LUTHERAN HIGH SCHOOL,CRYSTAL LAKE,
Faith Movers Academy,Faith Movers Academy,University Pk,
Faith Walk Community Christian Academy,Faith Walk Community Christian Academy,Chicago,
Falcon Ridge Ranch,Falcon Ridge Ranch,Virgin,
Falconer Elem School,Falconer Elem School,Chicago,
Families of Faith Christian Academy,Families of Faith Christian Academy,Channahon,
Family Enrichment Program (FEP),Family Enrichment Program (FEP),Riverdale,
Family Guidance Centers Inc,Family Guidance Centers Inc,Arlington Heights,
Faraday Elem School,Faraday Elem School,Chicago,
Farm and Nature Discovery Preschool,Farm and Nature Discovery Preschool,Palos Park,
Farmersville Elem School,Farmersville Elem School,Farmersville,
Farmingdale Elem School,Farmingdale Elem School,Pleasant Plains,
Farmington Central CUSD 265,Farmington Central CUSD 265,Farmington,
Farmington Central Elem Sch,Farmington Central Elem Sch,Farmington,
Farmington Central High Sch,Farmington Central High Sch,Farmington,
Farmington Central Jr High Sch,Farmington Central Jr High Sch,Farmington,
Farnsworth Elem School,Farnsworth Elem School,Chicago,
Farragut Career Academy HS,Farragut Career Academy HS,Chicago,
Farragut Elem School,Farragut Elem School,Joliet,
Farrington CCSD 99,Farrington CCSD 99,Bluford,
Farrington Elem School,Farrington Elem School,Bluford,
Fasman Yeshiva High School,Fasman Yeshiva High School,Skokie,
Father McGivney Catholic H S,Father McGivney Catholic H S,Glen Carbon,
Faulkner School,Faulkner School,Chicago,
Fearn Elementary School,Fearn Elementary School,North Aurora,
Feitshans Elem Sch,Feitshans Elem Sch,Springfield,
Felicity Schools LLC,Felicity Schools LLC,Deerfield,
Fenger Academy High School,Fenger Academy High School,Chicago,
Fenton CHSD 100,Fenton CHSD 100,Bensenville,
Fenton High School,Fenton High School,Bensenville,
Fenwick High School,Fenwick High School,Oak Park,
Fernway Park Elem School,Fernway Park Elem School,Orland Park,
Fernwood Elem School,Fernwood Elem School,Chicago,
Ferson Creek School,Ferson Creek School,Saint Charles,
Fidley De Fidley Do Academy,Fidley De Fidley Do Academy,Harvey,
Field CCSD 3,Field CCSD 3,Texico,
Field Elem School,Field Elem School,Chicago,
Field Elem School,Field Elem School,Elmhurst,
Field Elementary School,Field Elementary School,Texico,
Field Park Elem School,Field Park Elem School,Western Springs,
Field School,Field School,Northbrook,
Field Stevenson Elem School,Field Stevenson Elem School,Forest Park,
Fieldcrest CUSD 6,Fieldcrest CUSD 6,Minonk,
Fieldcrest Elem School,Fieldcrest Elem School,Oak Forest,
Fieldcrest High School,Fieldcrest High School,Minonk,
Fieldcrest Intermediate School,Fieldcrest Intermediate School,Toluca,
Fieldcrest Middle School,Fieldcrest Middle School,Wenona,
Fieldcrest Primary School,Fieldcrest Primary School,Minonk,
Fields Lab School,Fields Lab School,Macomb,
Finkl Elem School,Finkl Elem School,Chicago,
First Baptist Academy,First Baptist Academy,O Fallon,
First Baptist Christian School,First Baptist Christian School,Danville,
First Circle Ed for Young Child,First Circle Ed for Young Child,Oak Park,
First School,First School,Mahomet,
First Step Preschool,First Step Preschool,South Holland,
First Steps Nursery School,First Steps Nursery School,Round Lake Beach,
Fischer Middle School,Fischer Middle School,Aurora,
Fisher CUSD 1,Fisher CUSD 1,Fisher,
Fisher Grade School,Fisher Grade School,Fisher,
Fisher Jr/Sr High School,Fisher Jr/Sr High School,Fisher,
Fiske Elem School,Fiske Elem School,Chicago,
Five County Reg Voc Center,Five County Reg Voc Center,Tamms,
Five County Reg Voc System,Five County Reg Voc System,Tamms,
Five County Regional Alternative,Five County Regional Alternative,Murphysboro,
Fizer Temple Academy,Fizer Temple Academy,Chicago,
Flanagan Elem School,Flanagan Elem School,Flanagan,
Flanagan-Cornell Dist 74,Flanagan-Cornell Dist 74,Flanagan,
Flanagan-Cornell High School,Flanagan-Cornell High School,Flanagan,
FLEX Program,FLEX Program,Plano,
Flora CUSD 35,Flora CUSD 35,Flora,
Flora Elementary School,Flora Elementary School,Flora,
Flora High School,Flora High School,Flora,
Flossmoor Hills Elem School,Flossmoor Hills Elem School,Flossmoor,
Flossmoor Montessori School,Flossmoor Montessori School,Flossmoor,
Flossmoor SD 161,Flossmoor SD 161,Chicago Heights,
Floyd Henson Jr High Sch,Floyd Henson Jr High Sch,Flora,
FOCUS Safe Sch Program,FOCUS Safe Sch Program,Vandalia,
Ford Heights SD 169,Ford Heights SD 169,Ford Heights,
Ford Special Education Coop,Ford Special Education Coop,Gibson City,
Foreman High School,Foreman High School,Chicago,
Forest Bluff School,Forest Bluff School,Lake Bluff,
Forest Elem School,Forest Elem School,Des Plaines,
Forest Elem-D/HH EC Program,Forest Elem-D/HH EC Program,Des Plaines,
Forest Glen Elem School,Forest Glen Elem School,Glen Ellyn,
Forest Heights Lodge,Forest Heights Lodge,Evergreen,
Forest Hills Elem School,Forest Hills Elem School,Western Springs,
Forest Park Individual Ed School,Forest Park Individual Ed School,Joliet,
Forest Park Middle School,Forest Park Middle School,Forest Park,
Forest Park SD 91,Forest Park SD 91,Forest Park,
Forest Ridge SD 142,Forest Ridge SD 142,Oak Forest,
Forest Ridge Youth Services,Forest Ridge Youth Services,Madrid,
Forest Road Elem School,Forest Road Elem School,La Grange Park,
Forest View Elem School,Forest View Elem School,Mount Prospect,
Forrestal Elem School,Forrestal Elem School,Great Lakes,
Forreston Grade School,Forreston Grade School,Forreston,
Forreston Jr/Sr High Sch,Forreston Jr/Sr High Sch,Forreston,
Forrestville Valley CUSD 221,Forrestville Valley CUSD 221,Forreston,
Fort Dearborn Elem School,Fort Dearborn Elem School,Chicago,
Forum H S for Creative Study,Forum H S for Creative Study,Blue Island,
Foster Park Elem School,Foster Park Elem School,Chicago,
Foundations 4 Advancement,Foundations 4 Advancement,Steger,
Foundations College Prep Charter,Foundations College Prep Charter,Chicago,
Founders Elementary School,Founders Elementary School,Dekalb,
Four Rivers Spec Educ Dist,Four Rivers Spec Educ Dist,Jacksonville,
Fox Chase Elementary School,Fox Chase Elementary School,Oswego,
Fox Creek Elementary School,Fox Creek Elementary School,Bloomington,
Fox Lake GSD 114,Fox Lake GSD 114,Spring Grove,
Fox Meadow Elementary School,Fox Meadow Elementary School,South Elgin,
Fox Ridge School,Fox Ridge School,Saint Charles,
Fox River Grove Cons SD 3,Fox River Grove Cons SD 3,Fox River Grove,
Fox River Grove Middle School,Fox River Grove Middle School,Fox River Grove,
Fox Tech Transition Program,Fox Tech Transition Program,North Aurora,
Fox Valley Career Center,Fox Valley Career Center,Maple Park,
Fox Valley Montessori,Fox Valley Montessori,Aurora,
Frances Willard Elem School,Frances Willard Elem School,Rock Island,
Frances Xavier Warde Schools,Frances Xavier Warde Schools,Chicago,
Francis Granger Middle School,Francis Granger Middle School,Aurora,
Francis W Parker School,Francis W Parker School,Chicago,
Frank A Brodnicki Elem School,Frank A Brodnicki Elem School,Justice,
Frank C Whiteley Elem School,Frank C Whiteley Elem School,Hoffman Estates,
Frankfort CCSD 157C,Frankfort CCSD 157C,Frankfort,
Frankfort Comm High School,Frankfort Comm High School,West Frankfort,
Frankfort Community High School,Frankfort Community High School,West Frankfort,
Frankfort CUSD 168,Frankfort CUSD 168,West Frankfort,
Frankfort Intermediate School,Frankfort Intermediate School,West Frankfort,
Frankfort Square Elem School,Frankfort Square Elem School,Frankfort,
Franklin Co Detention Center 6-8,Franklin Co Detention Center 6-8,Benton,
Franklin Co Detention Center 9-12,Franklin Co Detention Center 9-12,Benton,
Franklin County Reg Del System,Franklin County Reg Del System,Benton,
Franklin CUSD 1,Franklin CUSD 1,Franklin,
Franklin East Grade School,Franklin East Grade School,Franklin,
Franklin Elem Fine Arts Center,Franklin Elem Fine Arts Center,Chicago,
Franklin Elem School,Franklin Elem School,Metropolis,
Franklin Elem School,Franklin Elem School,Sterling,
Franklin Elem School,Franklin Elem School,Belleville,
Franklin Elementary School,Franklin Elementary School,Franklin,
Franklin Elementary School,Franklin Elementary School,Park Ridge,
Franklin Elementary School,Franklin Elementary School,Dolton,
Franklin Elementary School,Franklin Elementary School,Mattoon,
Franklin Jr/Sr High School,Franklin Jr/Sr High School,Franklin,
Franklin Middle School,Franklin Middle School,Champaign,
Franklin Middle School,Franklin Middle School,Wheaton,
Franklin Park Middle School,Franklin Park Middle School,Salem,
Franklin Park SD 84,Franklin Park SD 84,Franklin Park,
Franklin Primary School,Franklin Primary School,Peoria,
Franklin-Jefferson Co Sp Ed Dist,Franklin-Jefferson Co Sp Ed Dist,Benton,
Franklin-Jefferson SPED-Int-K-12,Franklin-Jefferson SPED-Int-K-12,Benton,
Frankln/Johnsn/Massc/Willimsn ROE,Frankln/Johnsn/Massc/Willimsn ROE,Benton,
Frassati Catholic Academy,Frassati Catholic Academy,Wauconda,
Frazier Intl Magnet Elem School,Frazier Intl Magnet Elem School,Chicago,
Frazier Perspectives Magnet ES,Frazier Perspectives Magnet ES,Chicago,
Frazier Prep Acad Charter ES,Frazier Prep Acad Charter ES,Chicago,
Fred Rodgers Magnet Acad,Fred Rodgers Magnet Acad,Aurora,
Frederic L Chamberlain Center,Frederic L Chamberlain Center,Middleboro,
Frederic L Chamberlain Sch Int,Frederic L Chamberlain Sch Int,Middleboro,
Frederic L Chamberlain School,Frederic L Chamberlain School,Middleboro,
Frederick Nerge Elem School,Frederick Nerge Elem School,Roselle,
Frederick School,Frederick School,Grayslake,
Frederick Von Steuben Metropolitan Science Center,Frederick Von Steuben Metropolitan Science Center,Chicago,
Freeburg CCSD 70,Freeburg CCSD 70,Freeburg,
Freeburg CHSD 77,Freeburg CHSD 77,Freeburg,
Freeburg Community High Sch,Freeburg Community High Sch,Freeburg,
Freeburg Elem School,Freeburg Elem School,Freeburg,
Freeburg Primary Center,Freeburg Primary Center,Freeburg,
Freedom Elem School,Freedom Elem School,Plainfield,
Freedom Middle School,Freedom Middle School,Berwyn,
Freedom Outreach School,Freedom Outreach School,Vienna,
Freeman Elem School,Freeman Elem School,Aurora,
Freeport Alternative High Sch,Freeport Alternative High Sch,Freeport,
Freeport High School,Freeport High School,Freeport,
Freeport Middle School,Freeport Middle School,Freeport,
Freeport SD 145,Freeport SD 145,Freeport,
Fremont Elem School,Fremont Elem School,Mundelein,
Fremont Intermediate School,Fremont Intermediate School,Mundelein,
Fremont Jr High/Middle School,Fremont Jr High/Middle School,Mundelein,
Fremont SD 79,Fremont SD 79,Mundelein,
Fresh Anointing Academy of Excellence,Fresh Anointing Academy of Excellence,Chicago,
Fresh Start Treatment & Learning,Fresh Start Treatment & Learning,Effingham,
Friendship Jr High School,Friendship Jr High School,Des Plaines,
Frohardt Elem School,Frohardt Elem School,Granite City,
Fry Elementary School,Fry Elementary School,Naperville,
Fuller Elem School,Fuller Elem School,Chicago,
Fullerton Elem School,Fullerton Elem School,Addison,
Fulton Elem School,Fulton Elem School,Chicago,
Fulton Elem School,Fulton Elem School,Fulton,
Fulton High School,Fulton High School,Fulton,
Fulton Jr High School,Fulton Jr High School,O Fallon,
Funston Elem School,Funston Elem School,Chicago,
Furqaan Academy,Furqaan Academy,Bolingbrook,
Future Academy of Peoria,Future Academy of Peoria,Peoria,
Future Scholar Comm Dev Cntr,Future Scholar Comm Dev Cntr,Flossmoor,
Future Success Middle Sch,Future Success Middle Sch,Peoria,
Futures Unlimited,Futures Unlimited,Decatur,
Futureworld NFP,Futureworld NFP,Chicago,
G & L Johnson Career Academy,G & L Johnson Career Academy,Chicago,
G K Chesterton Academy of Chicago,G K Chesterton Academy of Chicago,Highland Park,
G N Dieterich Elem School,G N Dieterich Elem School,Aurora,
G Stanley Hall Elem School,G Stanley Hall Elem School,Glendale Heights,
Gage Park High School,Gage Park High School,Chicago,
Gages Lake School,Gages Lake School,Gages Lake,
Galapagos Rockford Charter Sch,Galapagos Rockford Charter Sch,Rockford,
Galatia CUSD 1,Galatia CUSD 1,Galatia,
Galatia Elem School,Galatia Elem School,Galatia,
Galatia Grade School Annex,Galatia Grade School Annex,Galatia,
Galatia High School,Galatia High School,Galatia,
Galatia Jr High,Galatia Jr High,Galatia,
Gale Elem Community Academy,Gale Elem Community Academy,Chicago,
Gale School,Gale School,Galesburg,
Galena High School,Galena High School,Galena,
Galena Middle School,Galena Middle School,Galena,
Galena Primary School,Galena Primary School,Galena,
Galena USD 120,Galena USD 120,Galena,
Galesburg Area Voc Ctr,Galesburg Area Voc Ctr,Galesburg,
Galesburg Christian School,Galesburg Christian School,Galesburg,
Galesburg CUSD 205,Galesburg CUSD 205,Galesburg,
Galesburg High School,Galesburg High School,Galesburg,
Galileo Elem Math & Sci Schol Acd,Galileo Elem Math & Sci Schol Acd,Chicago,
Gallatin CUSD 7,Gallatin CUSD 7,Junction,
Gallatin Elementary School,Gallatin Elementary School,Junction,
Gallatin High School,Gallatin High School,Junction,
Gallatin Junior High School,Gallatin Junior High School,Junction,
Gallistel Elem Language Academy,Gallistel Elem Language Academy,Chicago,
Galva CUSD 224,Galva CUSD 224,Galva,
Galva Elem School,Galva Elem School,Galva,
Galva Jr-Sr High School,Galva Jr-Sr High School,Galva,
Garcia Lorca Elem School,Garcia Lorca Elem School,Chicago,
Gard Elementary School,Gard Elementary School,Beardstown,
Garden Gate Montessori School,Garden Gate Montessori School,Plainfield,
Garden Hills Elem School,Garden Hills Elem School,Champaign,
Gardner CCSD 72C,Gardner CCSD 72C,Gardner,
Gardner Elem School,Gardner Elem School,Gardner,
Gardner Elementary School,Gardner Elementary School,Waterloo,
Gardner S Wilmington Twp HSD 73,Gardner S Wilmington Twp HSD 73,Gardner,
Gardner-South Wilmington Twp H S,Gardner-South Wilmington Twp H S,Gardner,
Garfield Elem School,Garfield Elem School,Maywood,
Garfield Elem School,Garfield Elem School,Forest Park,
Garfield Elem School,Garfield Elem School,Chicago Heights,
Garfield Elem School,Garfield Elem School,Elgin,
Garfield Elem School,Garfield Elem School,Danville,
Garfield Montessori School,Garfield Montessori School,Decatur,
Garvey M Elem School,Garvey M Elem School,Chicago,
Garvy J Elem School,Garvy J Elem School,Chicago,
Gary D Wright Elem Sch,Gary D Wright Elem Sch,Hampshire,
Gary Elem School,Gary Elem School,Chicago,
Gary Elementary School,Gary Elementary School,West Chicago,
Gateway Center For Educaiton,Gateway Center For Educaiton,Tinley Park,
Gateway Legacy Christian Academy,Gateway Legacy Christian Academy,Glen Carbon,
Gateway Montessori School,Gateway Montessori School,Chicago,
Gateway to Learning,Gateway to Learning,Chicago,
Gavin Central Elementary School,Gavin Central Elementary School,Ingleside,
Gavin SD 37,Gavin SD 37,Ingleside,
Gavin South Middle School,Gavin South Middle School,Ingleside,
GCE Lab School,GCE Lab School,Chicago,
GCMS Elementary School,GCMS Elementary School,Gibson City,
GCMS High School,GCMS High School,Gibson City,
GCMS Middle School,GCMS Middle School,Gibson City,
Geff CCSD 14,Geff CCSD 14,Geff,
Geff Elem School,Geff Elem School,Geff,
Gemini Middle School,Gemini Middle School,Niles,
Gen George Patton Elem School,Gen George Patton Elem School,Riverdale,
Gen George Patton SD 133,Gen George Patton SD 133,Riverdale,
Gen John A Logan Attendance Cntr,Gen John A Logan Attendance Cntr,Murphysboro,
Geneseo CUSD 228,Geneseo CUSD 228,Geneseo,
Geneseo High School,Geneseo High School,Geneseo,
Geneseo Middle School,Geneseo Middle School,Geneseo,
Geneva 304 Early Learning Center,Geneva 304 Early Learning Center,Geneva,
Geneva Christian School,Geneva Christian School,Geneva,
Geneva Community High School,Geneva Community High School,Geneva,
Geneva CUSD 304,Geneva CUSD 304,Geneva,
Geneva Middle Sch North,Geneva Middle Sch North,Geneva,
Geneva Middle Sch South,Geneva Middle Sch South,Geneva,
Genoa Elementary School,Genoa Elementary School,Genoa,
Genoa Kingston CUSD 424,Genoa Kingston CUSD 424,Genoa,
Genoa-Kingston High School,Genoa-Kingston High School,Genoa,
Genoa-Kingston Middle School,Genoa-Kingston Middle School,Genoa,
Geo T Wilkins Jr High School,Geo T Wilkins Jr High School,Justice,
George B Carpenter Elem School,George B Carpenter Elem School,Park Ridge,
George O Barr School,George O Barr School,Silvis,
George T Wilkins Elem School,George T Wilkins Elem School,Justice,
George W Lieb Elem School,George W Lieb Elem School,Bridgeview,
George Washington Elem School,George Washington Elem School,Park Ridge,
George Washington Elem School,George Washington Elem School,Moline,
George Washington Elementary Sch,George Washington Elementary Sch,Alsip,
Georgetown Elementary School,Georgetown Elementary School,Aurora,
Georgetowne Middle School,Georgetowne Middle School,Marquette Heights,
Georgetown-Ridge Farm CUD 4,Georgetown-Ridge Farm CUD 4,Georgetown,
Georgetown-Ridge Farm High School,Georgetown-Ridge Farm High School,Georgetown,
Gerber School-Cunningham,Gerber School-Cunningham,Urbana,
Gerber School-Cunningham (Combo),Gerber School-Cunningham (Combo),Urbana,
Gerber School-Cunningham (Day),Gerber School-Cunningham (Day),Urbana,
Gerber School-Cunningham (Int),Gerber School-Cunningham (Int),Urbana,
German School Chicago,German School Chicago,Chicago,
German Valley Grade School,German Valley Grade School,German Valley,
Germantown Elem School,Germantown Elem School,Germantown,
Germantown Hills Elementary Sch,Germantown Hills Elementary Sch,Germantown Hills,
Germantown Hills Middle School,Germantown Hills Middle School,Germantown Hills,
Germantown Hills SD 69,Germantown Hills SD 69,Germantown Hills,
Germantown SD 60,Germantown SD 60,Germantown,
Gesher Hatorah,Gesher Hatorah,Skokie,
Giant City CCSD 130,Giant City CCSD 130,Carbondale,
Giant City Elem School,Giant City Elem School,Carbondale,
Giant Steps Illinois,Giant Steps Illinois,Lisle,
Giant Steps-Illinois,Giant Steps-Illinois,Lisle,
Giant Steps-Illinois-Int.,Giant Steps-Illinois-Int.,Lisle,
Giant Steps-St Louis,Giant Steps-St Louis,Maplewood,
GIBAULT CATHOLIC,GIBAULT CATHOLIC,WATERLOO,
Gibault High School,Gibault High School,Waterloo,
Gibson City-Melvin-Sibley CUSD 5,Gibson City-Melvin-Sibley CUSD 5,Gibson City,
Gifford CCSD 188,Gifford CCSD 188,Gifford,
Gifford Grade School,Gifford Grade School,Gifford,
Gilberts Elem Sch,Gilberts Elem Sch,Gilberts,
Gillespie CUSD 7,Gillespie CUSD 7,Gillespie,
Gillespie Elem School,Gillespie Elem School,Chicago,
Gillespie High School,Gillespie High School,Gillespie,
Gillespie Middle School,Gillespie Middle School,Gillespie,
Gilson Brown Elem School,Gilson Brown Elem School,Godfrey,
Glacier Ridge Elementary School,Glacier Ridge Elementary School,Crystal Lake,
Gladness V Player Early Childhood Center,Gladness V Player Early Childhood Center,Justice,
Glen Carbon Elem School,Glen Carbon Elem School,Glen Carbon,
Glen Crest Middle School,Glen Crest Middle School,Glen Ellyn,
Glen Ellyn SD 41,Glen Ellyn SD 41,Glen Ellyn,
Glen Flora Elem School,Glen Flora Elem School,Waukegan,
Glen Grove Elem School,Glen Grove Elem School,Glenview,
Glen Hill Primary,Glen Hill Primary,Glendale Heights,
Glen Oak Comm Learning Cntr,Glen Oak Comm Learning Cntr,Peoria,
Glen Oaks Elem School,Glen Oaks Elem School,Hickory Hills,
Glenbard East High School,Glenbard East High School,Lombard,
Glenbard North High School,Glenbard North High School,Carol Stream,
Glenbard South High School,Glenbard South High School,Glen Ellyn,
Glenbard Twp HSD 87,Glenbard Twp HSD 87,Glen Ellyn,
Glenbard West High School,Glenbard West High School,Glen Ellyn,
Glenbrook Elem School,Glenbrook Elem School,Streamwood,
Glenbrook Evening High School,Glenbrook Evening High School,Glenview,
Glenbrook North High School,Glenbrook North High School,Northbrook,
Glenbrook Off-Campus Center,Glenbrook Off-Campus Center,Glenview,
Glenbrook South High School,Glenbrook South High School,Glenview,
Glencoe Montessori,Glencoe Montessori,Glencoe,
Glencoe SD 35,Glencoe SD 35,Glencoe,
Glendale Elem School,Glendale Elem School,East Peoria,
Glenn Elem School,Glenn Elem School,Normal,
Glenn Raymond Middle School,Glenn Raymond Middle School,Watseka,
Glenn Westlake Middle School,Glenn Westlake Middle School,Lombard,
GlenOaks Therapeutic Day-North,GlenOaks Therapeutic Day-North,Glendale Heights,
GlenOaks Therapeutic Day-West,GlenOaks Therapeutic Day-West,North Aurora,
GlenOaks Transition - South,GlenOaks Transition - South,Glen Ellyn,
GlenOaks-Therapeutic Day-South,GlenOaks-Therapeutic Day-South,Glen Ellyn,
Glenside Middle School,Glenside Middle School,Glendale Heights,
Glenview CCSD 34,Glenview CCSD 34,Glenview,
Glenview Middle School,Glenview Middle School,East Moline,
Glenview Montessori School,Glenview Montessori School,Northfield,
Glenview New Church School,Glenview New Church School,Glenview,
Glenwood Academy,Glenwood Academy,Glenwood,
Glenwood Elementary School,Glenwood Elementary School,Waukegan,
Glenwood Elementary School,Glenwood Elementary School,Chatham,
Glenwood High School,Glenwood High School,Chatham,
Glenwood Intermediate Sch,Glenwood Intermediate Sch,Chatham,
Glenwood Middle School,Glenwood Middle School,Chatham,
Gods Battle Axe Prayer Academy,Gods Battle Axe Prayer Academy,Chicago,
Goethe Elem School,Goethe Elem School,Chicago,
Goldie B Floberg - Brittania,Goldie B Floberg - Brittania,Rockford,
Goldie B Floberg - Cardamon,Goldie B Floberg - Cardamon,Rockford,
Goldie B Floberg - Carefree,Goldie B Floberg - Carefree,Rockford,
Goldie B Floberg - Colchester,Goldie B Floberg - Colchester,Machesney Park,
Goldie B Floberg - Grayling,Goldie B Floberg - Grayling,Rockford,
Goldie B Floberg - Kipling,Goldie B Floberg - Kipling,Machesney Pk,
Goldie B Floberg Center,Goldie B Floberg Center,Rockton,
Goldie B Floberg-Summer Brooke,Goldie B Floberg-Summer Brooke,South Beloit,
Goldie B Floberg-Upper Ridge Way,Goldie B Floberg-Upper Ridge Way,Roscoe,
Goldie B. Floberg - Commonwealth,Goldie B. Floberg - Commonwealth,Loves Park,
Goldie Floberg Center-Anee House,Goldie Floberg Center-Anee House,Rockford,
Golf ESD 67,Golf ESD 67,Morton Grove,
Golf Middle School,Golf Middle School,Morton Grove,
Golfview Elem School,Golfview Elem School,Carpentersville,
Gompers Junior High School,Gompers Junior High School,Joliet,
Good Shepherd Christian Academy,Good Shepherd Christian Academy,Chicago,
Good Shepherd Lutheran,Good Shepherd Lutheran,Collinsville,
Good Shepherd Lutheran,Good Shepherd Lutheran,Pekin,
Good Shepherd Lutheran Academy,Good Shepherd Lutheran Academy,Downers Grove,
Goode STEM Academy HS,Goode STEM Academy HS,Chicago,
Goodfield Elem School,Goodfield Elem School,Goodfield,
Goodings Grove School,Goodings Grove School,Homer Glen,
Goodlow Elem Magnet School,Goodlow Elem Magnet School,Chicago,
Goodrich Elem School,Goodrich Elem School,Woodridge,
Goodwin Elem School,Goodwin Elem School,North Aurora,
Goodwin Elementary School,Goodwin Elementary School,Cicero,
Gordon Bush Elementary,Gordon Bush Elementary,East Saint Louis,
Gordon Gregory Middle School,Gordon Gregory Middle School,Naperville,
Gordon School,Gordon School,Posen,
Goreville CUD 1,Goreville CUD 1,Goreville,
Goreville Elementary School,Goreville Elementary School,Goreville,
Goreville High School,Goreville High School,Goreville,
Goshen Elementary,Goshen Elementary,Edwardsville,
Gospel Assembly Christian Sch,Gospel Assembly Christian Sch,Bourbonnais,
Gospel Quartets Academy,Gospel Quartets Academy,Chicago,
Goudy Technology Academy,Goudy Technology Academy,Chicago,
Governor French Academy,Governor French Academy,Belleville,
Gower Middle School,Gower Middle School,Burr Ridge,
Gower SD 62,Gower SD 62,Willowbrook,
Gower West Elem School,Gower West Elem School,Willowbrook,
Grace Baptist,Grace Baptist,Springfield,
Grace Christian Academy,Grace Christian Academy,Chicago,
Grace Christian Academy,Grace Christian Academy,Kankakee,
Grace Christian School,Grace Christian School,Pontiac,
Grace English Lutheran School,Grace English Lutheran School,Chicago,
Grace Holistic Center for Education,Grace Holistic Center for Education,Yorkville,
Grace Lutheran School,Grace Lutheran School,River Forest,
Grace McWayne Elementary School,Grace McWayne Elementary School,Batavia,
Grace Montessori Sch,Grace Montessori Sch,Melrose Park,
Grafton Elem School,Grafton Elem School,Grafton,
Graham A Elem School,Graham A Elem School,Chicago,
Graham R Training Center,Graham R Training Center,Chicago,
Grand Ave Sch,Grand Ave Sch,Beardstown,
Grand Chain Alternative Center,Grand Chain Alternative Center,Grand Chain,
Grand Prairie CCSD 6,Grand Prairie CCSD 6,Centralia,
Grand Prairie Elem School,Grand Prairie Elem School,Centralia,
Grand Prairie Elem School,Grand Prairie Elem School,Joliet,
Grand Prairie Elementary School,Grand Prairie Elementary School,Frankfort,
Grand Ridge CCSD 95,Grand Ridge CCSD 95,Grand Ridge,
Grand Ridge School,Grand Ridge School,Grand Ridge,
Grande Park Elem Sch,Grande Park Elem Sch,Plainfield,
Grande Reserve Elem Sch,Grande Reserve Elem Sch,Yorkville,
Grandma Jones Day Care,Grandma Jones Day Care,Calumet City,
Granite City CUSD 9,Granite City CUSD 9,Granite City,
Granite City High School,Granite City High School,Granite City,
Grant CCSD 110,Grant CCSD 110,Fairview Heights,
Grant CHSD 124,Grant CHSD 124,Fox Lake,
Grant Community High School,Grant Community High School,Fox Lake,
Grant Elem School,Grant Elem School,Melrose Park,
Grant Middle School,Grant Middle School,Fairview Heights,
Grant Park CUSD 6,Grant Park CUSD 6,Grant Park,
Grant Park Elem School,Grant Park Elem School,Grant Park,
Grant Park High School,Grant Park High School,Grant Park,
Grant Primary,Grant Primary,Stone Park,
Grantfork Upper Elementary Sch,Grantfork Upper Elementary Sch,Highland,
Grant-White Elem School,Grant-White Elem School,Forest Park,
Grass Lake Elem School,Grass Lake Elem School,Antioch,
Grass Lake SD 36,Grass Lake SD 36,Antioch,
Gray Elem School,Gray Elem School,Chicago,
Gray M Sanborn Elem School,Gray M Sanborn Elem School,Palatine,
Graymont Elem School,Graymont Elem School,Graymont,
Grayslake CCSD 46,Grayslake CCSD 46,Grayslake,
Grayslake Central High School,Grayslake Central High School,Grayslake,
Grayslake CHSD 127,Grayslake CHSD 127,Grayslake,
Grayslake Early Childhood,Grayslake Early Childhood,Hainesville,
Grayslake Middle School,Grayslake Middle School,Grayslake,
Grayslake North High School,Grayslake North High School,Grayslake,
Grayville CUSD 1,Grayville CUSD 1,Grayville,
Grayville Jr Sr High School,Grayville Jr Sr High School,Grayville,
Great Circle,Great Circle,Webster Groves,
Great Circle - St. Louis,Great Circle - St. Louis,Webster Grvs,
Great Circle - St. Louis Autism,Great Circle - St. Louis Autism,Webster Grvs,
Great Circle - St. Louis Autism RES,Great Circle - St. Louis Autism RES,Webster Grvs,
Great Circle - St. Louis Intensive,Great Circle - St. Louis Intensive,Webster Grvs,
Great Circle - St. Louis RES,Great Circle - St. Louis RES,Webster Grvs,
Great Circle St. Louis Campus,Great Circle St. Louis Campus,Webster Groves,
Great Circle St. Louis Campus-1-1,Great Circle St. Louis Campus-1-1,Webster Groves,
Great Circle St. Louis Campus-Aut,Great Circle St. Louis Campus-Aut,Webster Groves,
Great Circle St. Louis Campus-Int,Great Circle St. Louis Campus-Int,Webster Groves,
Great Lakes Academy Charter ES,Great Lakes Academy Charter ES,Chicago,
Greater Helping Hand Christian Acad,Greater Helping Hand Christian Acad,Chicago,
Greater New Mt Moriah MBC School,Greater New Mt Moriah MBC School,Chicago,
Greater Pleasant Valley College Preparatory,Greater Pleasant Valley College Preparatory,Chicago,
Greater Rock Gifted Learning Academy,Greater Rock Gifted Learning Academy,Chicago,
Greeley Alternative School,Greeley Alternative School,Peoria,
Greeley Elem School,Greeley Elem School,Winnetka,
Greeley Elem School,Greeley Elem School,Chicago,
Green W Elem School,Green W Elem School,Chicago,
Green Bay Early Childhood Center,Green Bay Early Childhood Center,North Chicago,
Green Bay School,Green Bay School,Highland Park,
Green Friends Montessori School,Green Friends Montessori School,Elburn,
Greenbriar Elem School,Greenbriar Elem School,Northbrook,
Greenbriar Elem School,Greenbriar Elem School,Chicago Heights,
Greenbrier Elem School,Greenbrier Elem School,Arlington Heights,
Greenbrook Elem School,Greenbrook Elem School,Hanover Park,
Greenbrook Montessori School,Greenbrook Montessori School,Hanover Park,
Greene N Elem School,Greene N Elem School,Chicago,
Greenfield CUSD 10,Greenfield CUSD 10,Greenfield,
Greenfield Elem School,Greenfield Elem School,Greenfield,
Greenfield High School,Greenfield High School,Greenfield,
Greenman Elem School,Greenman Elem School,Aurora,
Greentree Presch and Early Ed Cnt,Greentree Presch and Early Ed Cnt,Wheaton,
Greenview CUSD 200,Greenview CUSD 200,Greenview,
Greenview Elementary School,Greenview Elementary School,Greenview,
Greenview Jr/Sr High School,Greenview Jr/Sr High School,Greenview,
Greenville Elem School,Greenville Elem School,Greenville,
Greenville Jr High School,Greenville Jr High School,Greenville,
Greenwood Elem School,Greenwood Elem School,South Holland,
Greenwood Elem School,Greenwood Elem School,Waukegan,
Greenwood Elem School,Greenwood Elem School,Woodstock,
Gregory Elem School,Gregory Elem School,Rockford,
Gregory Intermediate,Gregory Intermediate,Moweaqua,
Gregory Math & Sci Elem Academy,Gregory Math & Sci Elem Academy,Chicago,
Gresham Elem School,Gresham Elem School,Chicago,
Griggsville-Perry CUSD 4,Griggsville-Perry CUSD 4,Griggsville,
Griggsville-Perry High School,Griggsville-Perry High School,Griggsville,
Griggsville-Perry Middle School,Griggsville-Perry Middle School,Perry,
Griggsville-Perry Primary School,Griggsville-Perry Primary School,Griggsville,
Grigsby Intermediate School,Grigsby Intermediate School,Granite City,
Grimes Elem School,Grimes Elem School,Chicago,
Grissom Elem School,Grissom Elem School,Chicago,
Grove Avenue Elem School,Grove Avenue Elem School,Barrington,
Grove Elementary School,Grove Elementary School,Normal,
Grove Jr High School,Grove Jr High School,Elk Grove Village,
Grove School,Grove School,Madison,
Grove School Inc,Grove School Inc,Madison,
Grundy Area Vocational Center,Grundy Area Vocational Center,Morris,
Grundy Co SpEd Cooperative,Grundy Co SpEd Cooperative,Morris,
Grundy County Spec Educ Coop,Grundy County Spec Educ Coop,Morris,
Grundy Elem School,Grundy Elem School,Morton,
Grundy/Kendall ROE,Grundy/Kendall ROE,Morris,
Guardian Angel Orthodox Day Sch,Guardian Angel Orthodox Day Sch,Des Plaines,
Guerin College Prep High Sch,Guerin College Prep High Sch,River Grove,
Guidance Education Academy,Guidance Education Academy,Chicago,
Guiding Light Academy,Guiding Light Academy,Woodridge,
Guiding Light Academy Int,Guiding Light Academy Int,Woodridge,
Guiding Light Counseling & Ed Ctr,Guiding Light Counseling & Ed Ctr,Woodridge,
Guiding Light West,Guiding Light West,Shorewood,
Guiding Light West Intensive,Guiding Light West Intensive,Shorewood,
Guilford High School,Guilford High School,Rockford,
Gunsaulus Elem Scholastic Academy,Gunsaulus Elem Scholastic Academy,Chicago,
Gurnee Christian School,Gurnee Christian School,Gurnee,
Gurnee SD 56,Gurnee SD 56,Gurnee,
Gwendolyn Brooks Elem Sch,Gwendolyn Brooks Elem Sch,Dekalb,
Gwendolyn Brooks Elementary,Gwendolyn Brooks Elementary,Aurora,
Gwendolyn Brooks Middle School,Gwendolyn Brooks Middle School,Oak Park,
H C Storm Elem School,H C Storm Elem School,Batavia,
H E L P Marshall,H E L P Marshall,Marshall,
H H Conrady Jr High School,H H Conrady Jr High School,Hickory Hills,
H L Richards High Sch(Campus),H L Richards High Sch(Campus),Oak Lawn,
H R McCall Elem School,H R McCall Elem School,Waukegan,
Haber Oaks Campus,Haber Oaks Campus,Crystal Lake,
Hadi School of Excellence,Hadi School of Excellence,Schaumburg,
Hadley Junior High School,Hadley Junior High School,Glen Ellyn,
Hadley Middle School,Hadley Middle School,Homer Glen,
Haines Elem School,Haines Elem School,Chicago,
Haines Elem School,Haines Elem School,New Lenox,
Hajirah Education Program,Hajirah Education Program,Chicago,
Hale Elem School,Hale Elem School,Chicago,
Hales Franciscan High School,Hales Franciscan High School,Chicago,
Haley Elem Academy,Haley Elem Academy,Chicago,
Half Day School,Half Day School,Lincolnshire,
Hall Elem School,Hall Elem School,Aurora,
Hall High School,Hall High School,Spring Valley,
Hall HSD 502,Hall HSD 502,Spring Valley,
Hamel Elementary School,Hamel Elementary School,Hamel,
Hamilton Academy,Hamilton Academy,West Dundee,
Hamilton CCSD 328,Hamilton CCSD 328,Hamilton,
Hamilton Co CUSD 10,Hamilton Co CUSD 10,Mc Leansboro,
Hamilton County Jr/Sr High School,Hamilton County Jr/Sr High School,Mc Leansboro,
Hamilton County Preschool Center,Hamilton County Preschool Center,Mc Leansboro,
Hamilton Elem School,Hamilton Elem School,Chicago,
Hamilton Elem School,Hamilton Elem School,Moline,
Hamilton Elementary School,Hamilton Elementary School,Hamilton,
Hamilton Jr/Sr High Sch,Hamilton Jr/Sr High Sch,Hamilton,
Hamlin Upper Grade Center,Hamlin Upper Grade Center,Alsip,
Hamline Elem School,Hamline Elem School,Chicago,
Hammitt Day - Challenges Autism,Hammitt Day - Challenges Autism,Normal,
Hammitt Jr/Sr-Challenges Autism,Hammitt Jr/Sr-Challenges Autism,Normal,
Hammitt Junior-Senior High Sch,Hammitt Junior-Senior High Sch,Normal,
Hammitt School,Hammitt School,Normal,
Hammitt School at the Baby Fold,Hammitt School at the Baby Fold,Normal,
Hammitt School-Day,Hammitt School-Day,Normal,
Hammond Elem School,Hammond Elem School,Chicago,
Hampshire Elem School,Hampshire Elem School,Hampshire,
Hampshire High School,Hampshire High School,Hampshire,
Hampshire Middle School,Hampshire Middle School,Hampshire,
Hampton Elem Fine & Perf Arts Sch,Hampton Elem Fine & Perf Arts Sch,Chicago,
Hampton Elem School,Hampton Elem School,Hampton,
Hampton SD 29,Hampton SD 29,Hampton,
Hancck/Fultn/Schuylr/McDonogh ROE,Hancck/Fultn/Schuylr/McDonogh ROE,Macomb,
Hancock College Preparatory HS,Hancock College Preparatory HS,Chicago,
Hanna Sacks Bais Yaakov High Sch,Hanna Sacks Bais Yaakov High Sch,Chicago,
HANNA SACKS BAIS YAAKOV HIGH SCHOOL,HANNA SACKS BAIS YAAKOV HIGH SCHOOL,CHICAGO,
Hannah Beardsley Middle School,Hannah Beardsley Middle School,Crystal Lake,
Hanover Countryside Elem School,Hanover Countryside Elem School,Streamwood,
Hanover Highlands Elem School,Hanover Highlands Elem School,Hanover Park,
Hanson Park Elem School,Hanson Park Elem School,Chicago,
Harbor Academy Reg Safe Sch Prg,Harbor Academy Reg Safe Sch Prg,Hillside,
Harbor Point Academy,Harbor Point Academy,Portsmouth,
Hardin County CUSD 1,Hardin County CUSD 1,Elizabethtown,
Hardin County Elem School,Hardin County Elem School,Elizabethtown,
Hardin County High School,Hardin County High School,Elizabethtown,
Hardin County Jr High School,Hardin County Jr High School,Elizabethtown,
Harding Grade School,Harding Grade School,Earlville,
Harding Primary School,Harding Primary School,Monmouth,
Harlan Community Academy HS,Harlan Community Academy HS,Chicago,
Harlem High School,Harlem High School,Machesney Park,
Harlem Middle School,Harlem Middle School,Loves Park,
Harlem UD 122,Harlem UD 122,Machesney Park,
Harmony Emge SD 175,Harmony Emge SD 175,Belleville,
Harmony Intermediate Center,Harmony Intermediate Center,Belleville,
Harnew Elem School,Harnew Elem School,Oak Lawn,
Harper Elem School,Harper Elem School,Wilmette,
Harper High School,Harper High School,Chicago,
Harriet Gifford Elem School,Harriet Gifford Elem School,Elgin,
Harriet Jamison College Preparatory Academy,Harriet Jamison College Preparatory Academy,Chicago,
Harrisburg CUSD 3,Harrisburg CUSD 3,Harrisburg,
Harrisburg High School,Harrisburg High School,Harrisburg,
Harrisburg Middle School,Harrisburg Middle School,Harrisburg,
Harrison Comm Learning Cntr,Harrison Comm Learning Cntr,Peoria,
Harrison Elem School,Harrison Elem School,Wonder Lake,
Harrison SD 36,Harrison SD 36,Wonder Lake,
Harrison Street Elem School,Harrison Street Elem School,Geneva,
Harry D Jacobs High School,Harry D Jacobs High School,Algonquin,
Harry E Fry School,Harry E Fry School,Burbank,
Hartford Elem School,Hartford Elem School,Hartford,
Hartsburg Emden CUSD 21,Hartsburg Emden CUSD 21,Hartsburg,
Hartsburg-Emden Jr-Sr High School,Hartsburg-Emden Jr-Sr High School,Hartsburg,
Harvard CUSD 50,Harvard CUSD 50,Harvard,
Harvard Elem School,Harvard Elem School,Chicago,
Harvard High School,Harvard High School,Harvard,
Harvard Jr High School,Harvard Jr High School,Harvard,
Harvard Park Elem School,Harvard Park Elem School,Springfield,
Harvest Christian Academy,Harvest Christian Academy,Elgin,
Harvey SD 152,Harvey SD 152,Harvey,
Haskell Elementary School,Haskell Elementary School,Rockford,
Haugan Elem School,Haugan Elem School,Chicago,
Havana CUSD 126,Havana CUSD 126,Havana,
Havana High School,Havana High School,Havana,
Havana Jr High School,Havana Jr High School,Havana,
Haven Middle School,Haven Middle School,Evanston,
Hawk Hollow Elem School,Hawk Hollow Elem School,Bartlett,
Hawthorn Aspen Elem School,Hawthorn Aspen Elem School,Vernon Hills,
Hawthorn CCSD 73,Hawthorn CCSD 73,Vernon Hills,
Hawthorn Elem School,Hawthorn Elem School,Salem,
Hawthorn Elem School North,Hawthorn Elem School North,Vernon Hills,
Hawthorn Elem School South,Hawthorn Elem School South,Vernon Hills,
Hawthorn Middle School North,Hawthorn Middle School North,Vernon Hills,
Hawthorn Middle School South,Hawthorn Middle School South,Vernon Hills,
Hawthorn Sch of Dual Language,Hawthorn Sch of Dual Language,Vernon Hills,
Hawthorn Townline Elem Sch,Hawthorn Townline Elem Sch,Vernon Hills,
Hawthorne Elem Scholastic Academy,Hawthorne Elem Scholastic Academy,Chicago,
Hawthorne Elem School,Hawthorne Elem School,Wheaton,
Hawthorne Elem School,Hawthorne Elem School,Elmhurst,
Hay Elem Community Academy,Hay Elem Community Academy,Chicago,
Hayt Elem School,Hayt Elem School,Chicago,
Hazel Bland Promise Center,Hazel Bland Promise Center,East Saint Louis,
Hazel Crest SD 152-5,Hazel Crest SD 152-5,Hazel Crest,
Hazel Dell Elem School,Hazel Dell Elem School,Springfield,
Hazelgreen Elem School,Hazelgreen Elem School,Alsip,
Healing Cottage - Spero Family Srvc,Healing Cottage - Spero Family Srvc,Murphysboro,
Healy Elem School,Healy Elem School,Chicago,
Hearst Elem School,Hearst Elem School,Chicago,
Heart of God Academy,Heart of God Academy,Chicago,
Heart of IL Low Incidence Hilia,Heart of IL Low Incidence Hilia,Normal,
Heartland Elementary School,Heartland Elementary School,Geneva,
Heartland Region,Heartland Region,Decatur,
Heartland Technical Academy,Heartland Technical Academy,Decatur,
Heartspring,Heartspring,Wichita,
Heartspring - Intensive,Heartspring - Intensive,Wichita,
Heartspring I,Heartspring I,Wichita,
Heartspring II,Heartspring II,Wichita,
Heather Hill Elem School,Heather Hill Elem School,Flossmoor,
Hedding Grade Sch,Hedding Grade Sch,Abingdon,
Hedges Elem School,Hedges Elem School,Chicago,
Hefferan Elem School,Hefferan Elem School,Chicago,
Heineman Middle School,Heineman Middle School,Algonquin,
Helen Keller Elem School,Helen Keller Elem School,Tinley Park,
Helen Keller JHS,Helen Keller JHS,Schaumburg,
Hellenic American Academy,Hellenic American Academy,Deerfield,
Hello Montessori Presch & Kinder,Hello Montessori Presch & Kinder,Homewood,
HELP Neoga,HELP Neoga,Neoga,
Helping Hand Center,Helping Hand Center,Countryside,
Helping Hand School,Helping Hand School,Countryside,
Henderson Elem School,Henderson Elem School,Chicago,
Henderson/Knox/Mercer/Warren ROE,Henderson/Knox/Mercer/Warren ROE,Monmouth,
Hendricks Elem Community Academy,Hendricks Elem Community Academy,Chicago,
Henking Elem School,Henking Elem School,Glenview,
Henry Elem School,Henry Elem School,Chicago,
Henry Puffer School,Henry Puffer School,Downers Grove,
Henry Raab Elem School,Henry Raab Elem School,Belleville,
Henry W Cowherd Middle School,Henry W Cowherd Middle School,Aurora,
Henry W Longfellow Elem School,Henry W Longfellow Elem School,Buffalo Grove,
Henry Winkelman Elem School,Henry Winkelman Elem School,Glenview,
Henry-Senachwine CUSD 5,Henry-Senachwine CUSD 5,Henry,
Henry-Senachwine Grade School,Henry-Senachwine Grade School,Henry,
Henry-Senachwine High School,Henry-Senachwine High School,Henry,
Henry-Stark County Spec Ed Dist,Henry-Stark County Spec Ed Dist,Kewanee,
Herget Middle School,Herget Middle School,Aurora,
Heritage Christian School,Heritage Christian School,Frankfort,
Heritage CUSD 8,Heritage CUSD 8,Homer,
Heritage Elem School,Heritage Elem School,Streamwood,
Heritage Grove Middle School,Heritage Grove Middle School,Plainfield,
Heritage High School,Heritage High School,Broadlands,
Heritage Jr High and Elementary School,Heritage Jr High and Elementary School,Homer,
Heritage Lakes Elem School,Heritage Lakes Elem School,Carol Stream,
Heritage Leadership Academy,Heritage Leadership Academy,Chicago,
Heritage Middle School,Heritage Middle School,Berwyn,
Heritage Middle School,Heritage Middle School,Summit,
Heritage Middle School,Heritage Middle School,Lansing,
Heritage of Life Covenant,Heritage of Life Covenant,Hazel Crest,
Heritage Preparatory Academy,Heritage Preparatory Academy,Roberts,
Heritage Schools Inc,Heritage Schools Inc,Provo,
Herman E Dummer,Herman E Dummer,Sandwich,
Hernandez Middle School,Hernandez Middle School,Chicago,
Herrick Middle School,Herrick Middle School,Downers Grove,
Herrin C U S D 4 Elem School,Herrin C U S D 4 Elem School,Herrin,
Herrin CUSD 4,Herrin CUSD 4,Herrin,
Herrin High School,Herrin High School,Herrin,
Herrin Middle School,Herrin Middle School,Herrin,
Herscher CUSD 2,Herscher CUSD 2,Herscher,
Herscher High School,Herscher High School,Herscher,
Herscher Intermediate Sch,Herscher Intermediate Sch,Herscher,
Hersey HS-D/HH HS Program,Hersey HS-D/HH HS Program,Prospect Hts,
Herzl Elem School,Herzl Elem School,Chicago,
Hester Jr High School,Hester Jr High School,Franklin Park,
Heyworth CUSD 4,Heyworth CUSD 4,Heyworth,
Heyworth Elem School,Heyworth Elem School,Heyworth,
Heyworth Jr-Sr High School,Heyworth Jr-Sr High School,Heyworth,
Hiawatha CUSD 426,Hiawatha CUSD 426,Kirkland,
Hiawatha Elem Sch PreK-5,Hiawatha Elem Sch PreK-5,Kirkland,
Hiawatha Elem School,Hiawatha Elem School,Berwyn,
Hiawatha Jr/Sr High School,Hiawatha Jr/Sr High School,Kirkland,
Hibbard Elem School,Hibbard Elem School,Chicago,
Hickory Bend Elem School,Hickory Bend Elem School,Glenwood,
Hickory Creek Middle School,Hickory Creek Middle School,Frankfort,
Hickory Grove Elementary School,Hickory Grove Elementary School,Dunlap,
Hickory Point Elem School,Hickory Point Elem School,Northbrook,
Higgins Education Center,Higgins Education Center,Hoffman Estates,
Higgins Elem Community Academy,Higgins Elem Community Academy,Chicago,
High Mount Elem School,High Mount Elem School,Swansea,
High Mount SD 116,High Mount SD 116,Swansea,
High Point Elem School,High Point Elem School,Orland Park,
High Road School of Bloomington,High Road School of Bloomington,Bloomington,
High Road School-Intensive,High Road School-Intensive,Bloomington,
Highcrest Middle School,Highcrest Middle School,Wilmette,
Higher Heights Christian Academy,Higher Heights Christian Academy,Ford Heights,
Highland Christian Academy,Highland Christian Academy,Elgin,
Highland CUSD 5,Highland CUSD 5,Highland,
Highland Elem School,Highland Elem School,Downers Grove,
Highland Elem School,Highland Elem School,Elgin,
Highland Elem School,Highland Elem School,Stillman Valley,
Highland Elementary School,Highland Elementary School,Highland,
Highland Elementary School,Highland Elementary School,Skokie,
Highland High School,Highland High School,Highland,
Highland Middle School,Highland Middle School,Libertyville,
Highland Middle School,Highland Middle School,Highland,
Highland Park High School,Highland Park High School,Highland Park,
Highland Park Montessori,Highland Park Montessori,Highland Park,
Highland Primary School,Highland Primary School,Highland,
Highland School,Highland School,Chicago Heights,
Highlands Elem School,Highlands Elem School,La Grange Highlands,
Highlands Elem School,Highlands Elem School,Hazel Crest,
Highlands Elem School,Highlands Elem School,Naperville,
Highlands Middle School,Highlands Middle School,La Grange Highlands,
Hill Elem School,Hill Elem School,Aurora,
Hillcrest Elem School,Hillcrest Elem School,Downers Grove,
Hillcrest Elem School,Hillcrest Elem School,Elgin,
Hillcrest Elem School,Hillcrest Elem School,East Moline,
Hillcrest Elementary School,Hillcrest Elementary School,Antioch,
Hillcrest Family Services,Hillcrest Family Services,Dubuque,
Hillcrest High School,Hillcrest High School,Country Club Hills,
Hillcrest High School,Hillcrest High School,Country Club Hill,
Hillel Torah North Suburban Day Sch,Hillel Torah North Suburban Day Sch,Skokie,
Hillsboro CUSD 3,Hillsboro CUSD 3,Hillsboro,
Hillsboro High School,Hillsboro High School,Hillsboro,
Hillsboro Jr High School,Hillsboro Jr High School,Hillsboro,
Hillside Bethel Tabernacle,Hillside Bethel Tabernacle,Decatur,
Hillside Elem School,Hillside Elem School,Hillside,
Hillside SD 93,Hillside SD 93,Hillside,
Hilltop Elem School,Hilltop Elem School,McHenry,
Hilltop Elementary School,Hilltop Elementary School,Elgin,
Hinckley Big Rock CUSD 429,Hinckley Big Rock CUSD 429,Hinckley,
Hinckley-Big Rock Elem Sch,Hinckley-Big Rock Elem Sch,Hinckley,
Hinckley-Big Rock High School,Hinckley-Big Rock High School,Hinckley,
Hinckley-Big Rock Middle Sch,Hinckley-Big Rock Middle Sch,Big Rock,
Hines Primary School,Hines Primary School,Peoria,
Hinsdale Adventist Academy,Hinsdale Adventist Academy,Hinsdale,
Hinsdale CCSD 181,Hinsdale CCSD 181,Clarendon Hills,
Hinsdale Central High School,Hinsdale Central High School,Hinsdale,
Hinsdale Middle School,Hinsdale Middle School,Hinsdale,
Hinsdale South High School,Hinsdale South High School,Darien,
Hinsdale Twp HSD 86,Hinsdale Twp HSD 86,Hinsdale,
Hinsdale Twp HSD 86 Adult Opportunities Program,Hinsdale Twp HSD 86 Adult Opportunities Program,Darien,
Hirsch Metropolitan High School,Hirsch Metropolitan High School,Chicago,
HisGrace Christian Childcare,HisGrace Christian Childcare,Aurora,
Hitch Elem School,Hitch Elem School,Chicago,
Hodgkins Elem School,Hodgkins Elem School,Hodgkins,
Hoffman Elem School,Hoffman Elem School,Glenview,
Hoffman Estates High School,Hoffman Estates High School,Hoffman Estates,
Holden Elem School,Holden Elem School,Chicago,
Hollis Cons SD 328,Hollis Cons SD 328,Peoria,
Hollis Consolidated Grade Sch,Hollis Consolidated Grade Sch,Peoria,
Hollywood Elem School,Hollywood Elem School,Brookfield,
Hollywood Heights,Hollywood Heights,Caseyville,
Holmes Elem School,Holmes Elem School,Harvey,
Holmes Elem School,Holmes Elem School,Chicago,
Holmes Elem School,Holmes Elem School,Clarendon Hills,
Holmes Jr High School,Holmes Jr High School,Mount Prospect,
Holtz Educ Center-INT,Holtz Educ Center-INT,Darien,
Holtz Educational Center,Holtz Educational Center,Darien,
Holy Angels,Holy Angels,Aurora,
Holy Angels School,Holy Angels School,Chicago,
Holy Childhood School,Holy Childhood School,Mascoutah,
Holy Cross Catholic School,Holy Cross Catholic School,Batavia,
Holy Cross Elementary School,Holy Cross Elementary School,Mendota,
Holy Cross Lutheran School,Holy Cross Lutheran School,Collinsville,
Holy Cross School,Holy Cross School,Champaign,
Holy Family,Holy Family,Oglesby,
Holy Family,Holy Family,Shorewood,
Holy Family Catholic Academy,Holy Family Catholic Academy,Inverness,
Holy Family Catholic School,Holy Family Catholic School,Bensenville,
Holy Family Catholic School,Holy Family Catholic School,Granite City,
Holy Family Parish School,Holy Family Parish School,Peoria,
Holy Family School,Holy Family School,Rockford,
Holy Family School,Holy Family School,Chicago,
Holy Family School,Holy Family School,Decatur,
Holy Spirit Academy,Holy Spirit Academy,Chicago,
Holy Trinity,Holy Trinity,Westmont,
Holy Trinity Catholic Sch,Holy Trinity Catholic Sch,Fairview Heights,
Holy Trinity High School,Holy Trinity High School,Chicago,
Home Elem School,Home Elem School,Stickney,
Homer CCSD 33C,Homer CCSD 33C,Homer Glen,
Homer Jr High School,Homer Jr High School,Homer Glen,
Homestead Elementary School,Homestead Elementary School,Aurora,
Hometown Elem School,Hometown Elem School,Hometown,
Homewood Flossmoor CHSD 233,Homewood Flossmoor CHSD 233,Flossmoor,
Homewood SD 153,Homewood SD 153,Homewood,
Homewood-Flossmoor High School,Homewood-Flossmoor High School,Flossmoor,
Hononegah CHD 207,Hononegah CHD 207,Rockton,
Hononegah CHD High School,Hononegah CHD High School,Rockton,
Hoopeston Area CUSD 11,Hoopeston Area CUSD 11,Hoopeston,
Hoopeston Area High School,Hoopeston Area High School,Hoopeston,
Hoopeston Area Middle School,Hoopeston Area Middle School,Hoopeston,
Hoosier Care Inc,Hoosier Care Inc,Lexington,
Hoover Elem School,Hoover Elem School,Calumet City,
Hoover Math and Science Academy,Hoover Math and Science Academy,Schaumburg,
Hoover Wood Elem School,Hoover Wood Elem School,Batavia,
Hoover-Schrum Memorial SD 157,Hoover-Schrum Memorial SD 157,Calumet City,
Hope Academy,Hope Academy,Decatur,
Hope Christian Academy,Hope Christian Academy,Belleville,
Hope College Prep High School,Hope College Prep High School,Chicago,
Hope D Wall TMH Child Dev Ctr,Hope D Wall TMH Child Dev Ctr,Aurora,
HOPE Excel Reaching the World Acad,HOPE Excel Reaching the World Acad,Chicago,
Hope Institute,Hope Institute,Springfield,
Hope Institute-Belhaven,Hope Institute-Belhaven,Springfield,
Hope Institute-Bluestem,Hope Institute-Bluestem,Springfield,
Hope Institute-Claremont,Hope Institute-Claremont,Springfield,
Hope Institute-Cormorant,Hope Institute-Cormorant,Springfield,
Hope Institute-Delano,Hope Institute-Delano,Springfield,
Hope Institute-Halifax,Hope Institute-Halifax,Springfield,
Hope Institute-Heather Mill,Hope Institute-Heather Mill,Springfield,
Hope Institute-James,Hope Institute-James,Springfield,
Hope Institute-Lindbergh,Hope Institute-Lindbergh,Springfield,
Hope Institute-Nyre,Hope Institute-Nyre,Springfield,
Hope Institute-Red Oak,Hope Institute-Red Oak,Springfield,
Hope Institute-Springwood,Hope Institute-Springwood,Springfield,
Hope Institute-Stockton,Hope Institute-Stockton,Springfield,
Hope Learning Academy,Hope Learning Academy,Springfield,
Hope Learning Academy,Hope Learning Academy,Chicago,
Hope Learning Academy - Intensive,Hope Learning Academy - Intensive,Springfield,
Hope Learning Academy - Lakeshore,Hope Learning Academy - Lakeshore,Springfield,
Hope Montessori Inc,Hope Montessori Inc,Tinley Park,
Hope School,Hope School,Springfield,
Hope Vocational Academy,Hope Vocational Academy,Springfield,
Hopewell Academy of Orland Park,Hopewell Academy of Orland Park,Orland Park,
Hopewell Career Academy,Hopewell Career Academy,Joliet,
Hopewell Career Academy Inc,Hopewell Career Academy Inc,Joliet,
Hopewell School,Hopewell School,Joliet,
Hopewell Schools Inc.,Hopewell Schools Inc.,Joliet,
Horace Mann ELC,Horace Mann ELC,Rock Island,
Horace Mann Elem School,Horace Mann Elem School,Oak Park,
Horace Mann School,Horace Mann School,Blue Island,
Horizon Elem School,Horizon Elem School,Hanover Park,
Horizon Sci Academy - Southwest Charter,Horizon Sci Academy - Southwest Charter,Chicago,
Horizon Science Acad-Belmont Charter Sch,Horizon Science Acad-Belmont Charter Sch,Chicago,
Horizon Science Acad-McKinley Park Charter Sch,Horizon Science Acad-McKinley Park Charter Sch,Chicago,
Hough Street Elem School,Hough Street Elem School,Barrington,
Howard B Thomas Grade School,Howard B Thomas Grade School,Burlington,
Howe Elem School,Howe Elem School,Chicago,
Howe Elementary School,Howe Elementary School,Beach Park,
Hoyleton Education Center,Hoyleton Education Center,Hoyleton,
Hoyleton Youth & Family Services,Hoyleton Youth & Family Services,Fairview Heights,
Hoyleton Youth & Family Services,Hoyleton Youth & Family Services,Hoyleton,
Hoyleton Youth & Family-Elm,Hoyleton Youth & Family-Elm,Hoyleton,
Hoyleton Youth & Family-Koelling,Hoyleton Youth & Family-Koelling,Hoyleton,
Hoyleton Youth & Family-Main,Hoyleton Youth & Family-Main,Hoyleton,
Hoyleton Youth & Family-Skyview,Hoyleton Youth & Family-Skyview,Hoyleton,
Hoyleton Youth & Family-TLC,Hoyleton Youth & Family-TLC,Hoyleton,
Hoyne Elem School,Hoyne Elem School,Chicago,
Hubbard High School,Hubbard High School,Chicago,
Hubbard Woods Elem School,Hubbard Woods Elem School,Winnetka,
Hubble Middle School,Hubble Middle School,Warrenville,
Hubert H Humphrey Middle School,Hubert H Humphrey Middle School,Bolingbrook,
Hudson Elem School,Hudson Elem School,Hudson,
Huff Elem School,Huff Elem School,Elgin,
Huffman Elem School,Huffman Elem School,Cahokia,
Hufford Junior High School,Hufford Junior High School,Joliet,
Hughes C Elem School,Hughes C Elem School,Chicago,
Hughes Cntr-Exceptional Children,Hughes Cntr-Exceptional Children,Danville,
Hughes L Elem School,Hughes L Elem School,Chicago,
Humboldt Bridges,Humboldt Bridges,Humboldt,
Humboldt Comm Christian School,Humboldt Comm Christian School,Chicago,
Humboldt Park Montessori School,Humboldt Park Montessori School,Chicago,
Hunt Club Elem,Hunt Club Elem,Oswego,
Hunter-Bolden Academy,Hunter-Bolden Academy,Chicago,
Hunting Ridge Elem School,Hunting Ridge Elem School,Palatine,
Huntley Community School District 158,Huntley Community School District 158,Algonquin,
Huntley High School,Huntley High School,Huntley,
Huntley Middle School,Huntley Middle School,Dekalb,
Hurley Elem School,Hurley Elem School,Chicago,
Husmann Elem School,Husmann Elem School,Crystal Lake,
Hutsonville CUSD 1,Hutsonville CUSD 1,Hutsonville,
Hutsonville Elem and Jr High Sch,Hutsonville Elem and Jr High Sch,Hutsonville,
Hutsonville High School,Hutsonville High School,Hutsonville,
Hyde Park Academy High School,Hyde Park Academy High School,Chicago,
Hyde Park Career Academy High School,Hyde Career Park Academy High School,Chicago,
Hyde Park Day School,Hyde Park Day School,Chicago,
Hyde Park Day School-Chicago,Hyde Park Day School-Chicago,Chicago,
Hyde Park Day School-North,Hyde Park Day School-North,Northfield,
Hyde Park Day School-West,Hyde Park Day School-West,Lemont,
Hyde Park Elem School,Hyde Park Elem School,Waukegan,
Hynes Elem School,Hynes Elem School,Morton Grove,
I C Catholic Prep,I C Catholic Prep,Elmhurst,
I Kan Regional Alternatve Att Ctr,I Kan Regional Alternatve Att Ctr,Kankakee,
IC CATHOLIC PREP,IC CATHOLIC PREP,ELMHURST,
ICA - Granite City Grigsby,ICA - Granite City Grigsby,Granite City,
ICA - Granite City High School,ICA - Granite City High School,Granite City,
ICA - Maryville,ICA - Maryville,Granite City,
ICA-Fairview,ICA-Fairview,Fairview Heights,
ICA-Granite City Coolidge,ICA-Granite City Coolidge,Granite City,
iCan Dream Center,iCan Dream Center,Hazel Crest,
ICC Elementary School,ICC Elementary School,Chicago,
ICCD ACADEMY,ICCD ACADEMY,Des Plaines,
ICCI Academy,ICCI Academy,Chicago,
ICN Noor Academy,ICN Noor Academy,Naperville,
Ida Crown Jewish Academy,Ida Crown Jewish Academy,Skokie,
Ideal Elem School,Ideal Elem School,Countryside,
IDJJ Sch Dist 428,IDJJ Sch Dist 428,Chicago,
IHSCA Charter High School,IHSCA Charter High School,Chicago,
IJLA Charter High School,IJLA Charter High School,Chicago,
IL Center for Autism-Belleville,IL Center for Autism-Belleville,Belleville,
IL Center for Rehab & Educ-R,IL Center for Rehab & Educ-R,Chicago,
Il Central Christian School,Il Central Christian School,Washington,
IL Dept of Children and Family Services,IL Dept of Children and Family Services,Chicago,
Il Sch for the Visually Impaired,Il Sch for the Visually Impaired,Jacksonville,
Il Valley Central High School,Il Valley Central High School,Chillicothe,
Il Valley Central USD 321,Il Valley Central USD 321,Chillicothe,
Il Youth Center - Pere Marquette,Il Youth Center - Pere Marquette,Grafton,
Iles Elem School,Iles Elem School,Springfield,
Ill Lutheran Elem Sch,Ill Lutheran Elem Sch,Crete,
Illini Bluffs CUSD 327,Illini Bluffs CUSD 327,Glasford,
Illini Bluffs Elementary School,Illini Bluffs Elementary School,Glasford,
Illini Bluffs High School,Illini Bluffs High School,Glasford,
Illini Bluffs Middle School,Illini Bluffs Middle School,Glasford,
Illini Central CUSD 189,Illini Central CUSD 189,Mason City,
Illini Central Grade School,Illini Central Grade School,Mason City,
Illini Central High School,Illini Central High School,Mason City,
Illini Central Middle School,Illini Central Middle School,Mason City,
Illini Elem School,Illini Elem School,Fairview Heights,
Illini West H S Dist 307,Illini West H S Dist 307,Carthage,
Illini West High School,Illini West High School,Carthage,
Illinois Center for Autism,Illinois Center for Autism,Fairview Heights,
Illinois City Elem School,Illinois City Elem School,Illinois City,
Illinois Lutheran High School,Illinois Lutheran High School,Crete,
Illinois Mathematics & Science Academy,Illinois Mathematics & Science Academy,Aurora,
Illinois Mathematics and Science Academy,Illinois Mathematics and Science Academy,Aurora,
Illinois Park Elem School,Illinois Park Elem School,Elgin,
Illinois School,Illinois School,Park Forest,
Illinois School for the Deaf,Illinois School for the Deaf,Jacksonville,
Illinois Youth Center-Warrenville,Illinois Youth Center-Warrenville,Naperville,
Illinois Youth Ctr - St Charles,Illinois Youth Ctr - St Charles,Saint Charles,
ILM Academy,ILM Academy,Lombard,
Immaculate Conception,Immaculate Conception,Chicago,
Immaculate Conception,Immaculate Conception,Morris,
Immaculate Conception,Immaculate Conception,Columbia,
Immaculate Conception Grade Sch,Immaculate Conception Grade Sch,Elmhurst,
Immaculate Conception School,Immaculate Conception School,Chicago,
Immaculate Conception School,Immaculate Conception School,Monmouth,
Immanuel Evangelical Lutheran,Immanuel Evangelical Lutheran,Waukegan,
Immanuel Lutheran,Immanuel Lutheran,Des Plaines,
Immanuel Lutheran,Immanuel Lutheran,Okawville,
Immanuel Lutheran Crossroads,Immanuel Lutheran Crossroads,Richton Park,
Immanuel Lutheran School,Immanuel Lutheran School,Belvidere,
Immanuel Lutheran School,Immanuel Lutheran School,Palatine,
Immanuel Lutheran School,Immanuel Lutheran School,Hillside,
Immanuel Lutheran School,Immanuel Lutheran School,Freeport,
Immanuel Lutheran School,Immanuel Lutheran School,Elmhurst,
Immanuel Lutheran School,Immanuel Lutheran School,Murphysboro,
Immanuel Lutheran School,Immanuel Lutheran School,East Dundee,
Immanuel Lutheran School,Immanuel Lutheran School,Batavia,
Immanuel Lutheran School,Immanuel Lutheran School,Crystal Lake,
Immanuel Lutheran School,Immanuel Lutheran School,Danville,
Independence Elem School,Independence Elem School,Bolingbrook,
Independence Jr High School,Independence Jr High School,Palos Heights,
Independence Preschool,Independence Preschool,Bartlett,
Indian Creek CUSD 425,Indian Creek CUSD 425,Shabbona,
Indian Creek Elementary School,Indian Creek Elementary School,Shabbona,
Indian Creek High School,Indian Creek High School,Shabbona,
Indian Creek Middle School,Indian Creek Middle School,Waterman,
Indian Grove Elem School,Indian Grove Elem School,Mount Prospect,
Indian Hill,Indian Hill,Palos Heights,
Indian Hill Elem School,Indian Hill Elem School,Round Lake Heights,
Indian Knoll Elem School,Indian Knoll Elem School,West Chicago,
Indian Plains Alternative School,Indian Plains Alternative School,Aurora,
Indian Prairie CUSD 204,Indian Prairie CUSD 204,Aurora,
Indian Prairie Elem School,Indian Prairie Elem School,Crystal Lake,
Indian Springs SD 109,Indian Springs SD 109,Justice,
Indian Trail Elem School,Indian Trail Elem School,Downers Grove,
Indian Trail Elem School,Indian Trail Elem School,Highland Park,
Indian Trail Elem School,Indian Trail Elem School,Frankfort,
Indian Trail Jr High School,Indian Trail Jr High School,Addison,
Indian Trail Middle School,Indian Trail Middle School,Plainfield,
Indian Valley Area Voc Ctr,Indian Valley Area Voc Ctr,Sandwich,
Indiana Elem School,Indiana Elem School,Park Forest,
Infant Jesus of Prague,Infant Jesus of Prague,Flossmoor,
Infinity Math Science & Tech HS,Infinity Math Science & Tech HS,Chicago,
Infinity Math Science & Tech HS,Infinity Math Science & Tech HS,Chicago,
Ingersoll Middle School,Ingersoll Middle School,Canton,
Innerchange,Innerchange,Spanish Fork,
Innovations Academy,Innovations Academy,Streamwood,
Innovations Academy - Intensive,Innovations Academy - Intensive,Streamwood,
Innovations Acad-HS Voc Ed Int,Innovations Acad-HS Voc Ed Int,Streamwood,
Innovations Acad-HS Voc. ED,Innovations Acad-HS Voc. ED,Streamwood,
Institute of Islamic Education,Institute of Islamic Education,Elgin,
Institute of Positive Education,Institute of Positive Education,Chicago,
Inter-American Elem Magnet School,Inter-American Elem Magnet School,Chicago,
Intercultural Montessori Oak Park,Intercultural Montessori Oak Park,Oak Park,
Intercultural Montessori of Chicago,Intercultural Montessori of Chicago,Chicago,
Intermountain,Intermountain,Helena,
Intermountain Childrens Home,Intermountain Childrens Home,Helena,
International Althash School of America,International Althash School of America,Chicago,
International Prep Academy,International Prep Academy,Champaign,
Intrinsic 2 Charter High School,Intrinsic 2 Charter High School,Chicago,
Intrinsic Charter High School,Intrinsic Charter High School,Chicago,
Intrinsic Schools,Intrinsic Schools,Chicago,
Irene King Elem School,Irene King Elem School,Romeoville,
Iroquois Area Reg Del System,Iroquois Area Reg Del System,Watseka,
Iroquois Community School,Iroquois Community School,Des Plaines,
Iroquois County CUSD 9,Iroquois County CUSD 9,Watseka,
Iroquois Special Education,Iroquois Special Education,Crescent City,
Iroquois West CUSD 10,Iroquois West CUSD 10,Gilman,
Iroquois West Elem Sch/Danforth,Iroquois West Elem Sch/Danforth,Danforth,
Iroquois West Elem Sch/Thawville,Iroquois West Elem Sch/Thawville,Thawville,
Iroquois West Elem School/Gilman,Iroquois West Elem School/Gilman,Gilman,
Iroquois West High School,Iroquois West High School,Gilman,
Iroquois West Middle School,Iroquois West Middle School,Onarga,
Iroquois/Kankakee ROE,Iroquois/Kankakee ROE,Kankakee,
Irving Elem School,Irving Elem School,Oak Park,
Irving Elem School,Irving Elem School,Berwyn,
Irving Elem School,Irving Elem School,Chicago,
Irving Elem School,Irving Elem School,Kewanee,
Irving Elementary School,Irving Elementary School,Bloomington,
Irving Middle School,Irving Middle School,Maywood,
Irvington CCSD 11,Irvington CCSD 11,Irvington,
Irvington Elem School,Irvington Elem School,Irvington,
Isaac Fox Elementary School,Isaac Fox Elementary School,Lake Zurich,
Isaac Singleton Elem Sch,Isaac Singleton Elem Sch,Joliet,
Islamic Foundation School,Islamic Foundation School,Villa Park,
ISU Laboratory Schools,ISU Laboratory Schools,Normal,
Itasca SD 10,Itasca SD 10,Itasca,
Iuka CCSD 7,Iuka CCSD 7,Iuka,
Iuka Comm Cons School,Iuka Comm Cons School,Iuka,
Ivan K Garrison Center,Ivan K Garrison Center,Jacksonville,
IVC Learning Center,IVC Learning Center,Chillicothe,
Ivy Hall Elementary School,Ivy Hall Elementary School,Buffalo Grove,
Ivy Hill Elem School,Ivy Hill Elem School,Arlington Heights,
IYC Chicago,IYC Chicago,Chicago,
J B Conant High School,J B Conant High School,Hoffman Estates,
J B Kennedy Elem School,J B Kennedy Elem School,Burbank,
J B Nelson Elem School,J B Nelson Elem School,Batavia,
J Covington Elem School,J Covington Elem School,Oak Lawn,
J D Colt Elem School,J D Colt Elem School,Litchfield,
J Emmett Hinchcliffe Sr Elem Sch,J Emmett Hinchcliffe Sr Elem Sch,O Fallon,
J Giles Elem School,J Giles Elem School,Norridge,
J L Buford Intermediate Ed Ctr,J L Buford Intermediate Ed Ctr,Mount Vernon,
J L Hensey Elem School,J L Hensey Elem School,Washington,
J Leigh Elem School,J Leigh Elem School,Norridge,
J M Hannum Elem School,J M Hannum Elem School,Oak Lawn,
J S Morton HSD 201,J S Morton HSD 201,Cicero,
J Slowacki School,J Slowacki School,Wheeling,
J Sterling Morton Alternative Sch,J Sterling Morton Alternative Sch,Cicero,
J Sterling Morton East High Sch,J Sterling Morton East High Sch,Cicero,
J Sterling Morton Freshman Cntr,J Sterling Morton Freshman Cntr,Cicero,
J Sterling Morton West High Sch,J Sterling Morton West High Sch,Berwyn,
J T Manning Elem School,J T Manning Elem School,Westmont,
J W Eater Jr High School,J W Eater Jr High School,Rantoul,
J W Riley Elem School,J W Riley Elem School,Arlington Heights,
J W Riley Intermediate School,J W Riley Intermediate School,Northlake,
J W Robinson Jr Elem School,J W Robinson Jr Elem School,Lyons,
Jack Activity School of Art,Jack Activity School of Art,Chicago,
Jack Benny Middle School,Jack Benny Middle School,Waukegan,
Jack Hille Middle School,Jack Hille Middle School,Oak Forest,
Jack London Middle School,Jack London Middle School,Wheeling,
Jackson A Elem Language Acad,Jackson A Elem Language Acad,Chicago,
Jackson Charter School,Jackson Charter School,Rockford,
Jackson Elem School,Jackson Elem School,Elmhurst,
Jackson M Elem School,Jackson M Elem School,Chicago,
Jackson Middle School,Jackson Middle School,Villa Park,
Jackson/Perry Co Reg Del System,Jackson/Perry Co Reg Del System,Pinckneyville,
Jackson/Perry Project SOAR MS TAOEP,Jackson/Perry Project SOAR MS TAOEP,Du Quoin,
Jacksonville High School,Jacksonville High School,Jacksonville,
Jacksonville Middle School,Jacksonville Middle School,Jacksonville,
Jacksonville SD 117,Jacksonville SD 117,Jacksonville,
Jahn Elem School,Jahn Elem School,Chicago,
James Avant Elementary School,James Avant Elementary School,Washington Pk,
James Hart School,James Hart School,Homewood,
James R Doolittle Academy,James R Doolittle Academy,Chicago,
James R Wood Elem School,James R Wood Elem School,Somonauk,
James Whitcomb Riley School,James Whitcomb Riley School,Arlington Heights,
Jamie McGee Elementary School,Jamie McGee Elementary School,Bolingbrook,
Jamieson Elem School,Jamieson Elem School,Chicago,
Jamp Spec Educ Services,Jamp Spec Educ Services,Grand Chain,
Jane Addams Elem School,Jane Addams Elem School,Palatine,
Jane Addams Elem School,Jane Addams Elem School,Melrose Park,
Jane Addams Elem School,Jane Addams Elem School,Springfield,
Jane Addams Elementary School,Jane Addams Elementary School,Moline,
Jane Addams High School,Jane Addams High School,Chicago,
Jane Addams JHS,Jane Addams JHS,Schaumburg,
Jane Addams Middle School,Jane Addams Middle School,Bolingbrook,
Jane Stenson School,Jane Stenson School,Skokie,
Jasper CCSD 17,Jasper CCSD 17,Fairfield,
Jasper Co Jr High,Jasper Co Jr High,Newton,
Jasper County CUD 1,Jasper County CUD 1,Newton,
Jasper Elem School,Jasper Elem School,Fairfield,
Jay Stream Middle School,Jay Stream Middle School,Carol Stream,
Jean McNair Elementary School,Jean McNair Elementary School,Winnebago,
Jeanine Schultz Memorial School,Jeanine Schultz Memorial School,Park Ridge,
Jeanine Schultz School,Jeanine Schultz School,Park Ridge,
Jefferson Attendance Center,Jefferson Attendance Center,Carmi,
Jefferson Early Childhood Center,Jefferson Early Childhood Center,Wheaton,
Jefferson Early Childhood Ctr,Jefferson Early Childhood Ctr,Moline,
Jefferson Elem School,Jefferson Elem School,Berwyn,
Jefferson Elem School,Jefferson Elem School,Chicago Heights,
Jefferson Elem School,Jefferson Elem School,Charleston,
Jefferson Elem School,Jefferson Elem School,Dekalb,
Jefferson Elem School,Jefferson Elem School,Elmhurst,
Jefferson Elem School,Jefferson Elem School,Metropolis,
Jefferson Elem School,Jefferson Elem School,Johnston City,
Jefferson Elem School,Jefferson Elem School,Marion,
Jefferson Elem School,Jefferson Elem School,Princeton,
Jefferson Elem School,Jefferson Elem School,Ottawa,
Jefferson Elem School,Jefferson Elem School,Collinsville,
Jefferson Elem School,Jefferson Elem School,Harvard,
Jefferson Elem School,Jefferson Elem School,Dixon,
Jefferson Elem School,Jefferson Elem School,Sterling,
Jefferson Elem School,Jefferson Elem School,Belleville,
Jefferson Elem School,Jefferson Elem School,Pekin,
Jefferson Elem School,Jefferson Elem School,Morton,
Jefferson High School,Jefferson High School,Rockford,
Jefferson Jr High School,Jefferson Jr High School,Naperville,
Jefferson Middle School,Jefferson Middle School,Champaign,
Jefferson Middle School,Jefferson Middle School,Villa Park,
Jefferson Middle School,Jefferson Middle School,Aurora,
Jefferson Middle School,Jefferson Middle School,Springfield,
Jefferson Park School,Jefferson Park School,El Paso,
Jefferson Primary School,Jefferson Primary School,Bellwood,
Jefferson School,Jefferson School,Niles,
Je-Neir Elem School,Je-Neir Elem School,Momence,
Jensen Elem Scholastic Academy,Jensen Elem Scholastic Academy,Chicago,
Jerling Junior High School,Jerling Junior High School,Orland Park,
Jersey Comm High School,Jersey Comm High School,Jerseyville,
Jersey Community Middle School,Jersey Community Middle School,Jerseyville,
Jersey CUSD 100,Jersey CUSD 100,Jerseyville,
Jerseyville East Elem School,Jerseyville East Elem School,Jerseyville,
Jerseyville West Elem School,Jerseyville West Elem School,Jerseyville,
Jerusalem Evangelical Lutheran,Jerusalem Evangelical Lutheran,Morton Grove,
Jesse C White Learning Academy,Jesse C White Learning Academy,Hazel Crest,
Jewel Middle School,Jewel Middle School,North Aurora,
Jewish Bureau Therapeutic - Int,Jewish Bureau Therapeutic - Int,Chicago,
Jewish Bureau-Therapeutic,Jewish Bureau-Therapeutic,Chicago,
Jewish Child & Family Services,Jewish Child & Family Services,Chicago,
Jewish Child and Family Services,Jewish Child and Family Services,Chicago,
JLM Academy,JLM Academy,Chicago,
Jo Daviess Carroll CTE Academy,Jo Daviess Carroll CTE Academy,Elizabeth,
Joan Dachs Bais Yaakov Yeshivas Tiferes Tzvi,Joan Dachs Bais Yaakov Yeshivas Tiferes Tzvi,Chicago,
John A Bannes Elem School,John A Bannes Elem School,Tinley Park,
John A Renfro Elementary School,John A Renfro Elementary School,Collinsville,
John Amos George College Preparatory,John Amos George College Preparatory,Chicago,
John C Dunham STEM Partnership School,John C Dunham STEM Partnership School,Aurora,
John Deere Middle School,John Deere Middle School,Moline,
John E Albright Middle School,John E Albright Middle School,Villa Park,
John F Kennedy Elem School,John F Kennedy Elem School,Schiller Park,
John F Kennedy Elem School,John F Kennedy Elem School,Spring Valley,
John F Kennedy Middle Sch,John F Kennedy Middle Sch,Plainfield,
John G Conyers Learning Academy,John G Conyers Learning Academy,Rolling Meadows,
John Gates Elem School,John Gates Elem School,Aurora,
John Greer Elem School,John Greer Elem School,Hoopeston,
John Hersey High School,John Hersey High School,Arlington Heights,
John J Lukancic Middle Sch,John J Lukancic Middle Sch,Romeoville,
John Jay Elem School,John Jay Elem School,Mount Prospect,
John Kennedy Middle Grade School,John Kennedy Middle Grade School,Kankakee,
John L Nash Middle School,John L Nash Middle School,Clifton,
John L Sipley Elem School,John L Sipley Elem School,Woodridge,
John Laidlaw Elem School,John Laidlaw Elem School,Western Springs,
John Middleton Elem School,John Middleton Elem School,Skokie,
John Mills Elem School,John Mills Elem School,Elmwood Park,
John Muir Literacy Academy,John Muir Literacy Academy,Hoffman Estates,
John Powers Center,John Powers Center,Vernon Hills,
John R Tibbott Elem School,John R Tibbott Elem School,Bolingbrook,
John Raymond Parker Life House Academy,John Raymond Parker Life House Academy,Chicago,
John S Clark Elem School,John S Clark Elem School,Waukegan,
John Schroder Early Childhood Center,John Schroder Early Childhood Center,Lombard,
Johns Hill Magnet School,Johns Hill Magnet School,Decatur,
Johnsburg CUSD 12,Johnsburg CUSD 12,Johnsburg,
Johnsburg Elementary School,Johnsburg Elementary School,Johnsburg,
Johnsburg High School,Johnsburg High School,Johnsburg,
Johnsburg Jr High School,Johnsburg Jr High School,Johnsburg,
Johnson Elem School,Johnson Elem School,Chicago,
Johnsonville Elem School,Johnsonville Elem School,Johnsonville,
Johnston City CUSD 1,Johnston City CUSD 1,Johnston City,
Johnston City High School,Johnston City High School,Johnston City,
Joliet Catholic Academy,Joliet Catholic Academy,Joliet,
Joliet Central High School,Joliet Central High School,Joliet,
Joliet Montessori,Joliet Montessori,Crest Hill,
Joliet PSD 86,Joliet PSD 86,Joliet,
Joliet SDA School,Joliet SDA School,Lockport,
Joliet Twp High Sch - Alternate,Joliet Twp High Sch - Alternate,Joliet,
Joliet Twp HSD 204,Joliet Twp HSD 204,Joliet,
Joliet West High School,Joliet West High School,Joliet,
Jonas E Salk Elem School,Jonas E Salk Elem School,Bolingbrook,
Jones College Prep,Jones College Prep,Chicago,
Jones College Prep High School,Jones College Prep High School,Chicago,
Jones Elementary School,Jones Elementary School,Joliet,
Jones Farrar International Baccalaureate World School,Jones Farrar International Baccalaureate World School,Freeport,
Jones Farrar Magnet School,Jones Farrar Magnet School,Freeport,
Jonesboro Elem School,Jonesboro Elem School,Jonesboro,
Joplin Elem School,Joplin Elem School,Chicago,
Joppa Jr & Sr High School,Joppa Jr & Sr High School,Joppa,
Joppa-Maple Grove UD 38,Joppa-Maple Grove UD 38,Joppa,
Jordan Baptist School,Jordan Baptist School,Burbank,
Jordan Catholic School,Jordan Catholic School,Rock Island,
Jordan Elem Community School,Jordan Elem Community School,Chicago,
Jordan Elem School,Jordan Elem School,Centralia,
Joseph Academy,Joseph Academy,Des Plaines,
Joseph Academy - Des Plaines,Joseph Academy - Des Plaines,Des Plaines,
Joseph Academy - Melrose Park,Joseph Academy - Melrose Park,Melrose Park,
Joseph Academy- Des Plaines Int,Joseph Academy- Des Plaines Int,Des Plaines,
Joseph Academy- Melrose Park Int,Joseph Academy- Melrose Park Int,Melrose Park,
Joseph Arthur Middle School,Joseph Arthur Middle School,O Fallon,
Joseph E Fisher School,Joseph E Fisher School,Joliet,
Joseph E Hill Education Center,Joseph E Hill Education Center,Evanston,
Josephinum Academy,Josephinum Academy,Chicago,
JOSEPHINUM ACADEMY OF THE SACRED HEART,JOSEPHINUM ACADEMY OF THE SACRED HEART,CHICAGO,
Journeys School,Journeys School,Jerseyville,
Journeys South,Journeys South,Bethalto,
Joyce Kilmer Elem School,Joyce Kilmer Elem School,Buffalo Grove,
JTC Girls-Boys Acad Int,JTC Girls-Boys Acad Int,Centreville,
JTC Girls-Boys Academy,JTC Girls-Boys Academy,Centreville,
Juarez Community Academy HS,Juarez Community Academy HS,Chicago,
Jubilee Neighborhood School,Jubilee Neighborhood School,Carol Stream,
Judah Christian School,Judah Christian School,Champaign,
Judah Foundational Comm Sch,Judah Foundational Comm Sch,Chicago,
Judah Preparatory Academy,Judah Preparatory Academy,Mackinaw,
Judge Rotenberg - Holbrook,Judge Rotenberg - Holbrook,Holbrook,
Judge Rotenberg - Kelley,Judge Rotenberg - Kelley,Stoughton,
Judge Rotenberg - Norton,Judge Rotenberg - Norton,Norton,
Judge Rotenberg - Old Maple,Judge Rotenberg - Old Maple,Stoughton,
Judge Rotenberg - Stearns,Judge Rotenberg - Stearns,Mansfield,
Judge Rotenberg - Stoughton,Judge Rotenberg - Stoughton,Stoughton,
Judge Rotenberg - Talbot,Judge Rotenberg - Talbot,Stoughton,
Judge Rotenberg - Turnpike,Judge Rotenberg - Turnpike,Canton,
Judge Rotenberg Ed Center,Judge Rotenberg Ed Center,Canton,
Judge Rotenberg Ed Center - INT,Judge Rotenberg Ed Center - INT,Canton,
Judge Rotenberg Ed Center-Intensive,Judge Rotenberg Ed Center-Intensive,Canton,
Judge Rotenberg Pineneedle Ln 73,Judge Rotenberg Pineneedle Ln 73,Canton,
Judge Rotenberg Pineneedle Ln 71,Judge Rotenberg Pineneedle Ln 71,Canton,
Judge Rotenberg Turnpike 279,Judge Rotenberg Turnpike 279,Canton,
Judge Rotenberg-112 Pacella Park,Judge Rotenberg-112 Pacella Park,Randolph,
Judge Rotenberg-114 Pacella Park,Judge Rotenberg-114 Pacella Park,Randolph,
Judge Rotenberg-Joyce Drive,Judge Rotenberg-Joyce Drive,Stoughton,
Judge Rotenberg-Leach Street,Judge Rotenberg-Leach Street,Stoughton,
Judith Giacoma Elem School,Judith Giacoma Elem School,Westville,
Julia Lathrop Elem School,Julia Lathrop Elem School,Rockford,
Julia S Molloy Education Center,Julia S Molloy Education Center,Morton Grove,
Julian High School,Julian High School,Chicago,
Juliette Low Elem School,Juliette Low Elem School,Arlington Heights,
Jungman Elem School,Jungman Elem School,Chicago,
Just For Kids,Just For Kids,Chicago,
Juvenile Detention Center,Juvenile Detention Center,Urbana,
Juvenile Transitional Cntr - Int,Juvenile Transitional Cntr - Int,Centreville,
Juvenile Transitional Cntr Acad,Juvenile Transitional Cntr Acad,Centreville,
K D Waldo Middle School,K D Waldo Middle School,Aurora,
Kane Co Detention Center,Kane Co Detention Center,Saint Charles,
Kane ROE,Kane ROE,Geneva,
Kaneland Blackberry Creek Elem,Kaneland Blackberry Creek Elem,Elburn,
Kaneland CUSD 302,Kaneland CUSD 302,Maple Park,
Kaneland Harter Middle School,Kaneland Harter Middle School,Sugar Grove,
Kaneland John Shields Elem Sch,Kaneland John Shields Elem Sch,Sugar Grove,
Kaneland John Stewart Elem Sch,Kaneland John Stewart Elem Sch,Elburn,
Kaneland McDole Elem School,Kaneland McDole Elem School,Montgomery,
Kaneland Senior High School,Kaneland Senior High School,Maple Park,
Kankakee Area Career Center,Kankakee Area Career Center,Bourbonnais,
Kankakee Area Co-Op Day School,Kankakee Area Co-Op Day School,Saint Anne,
Kankakee Area Reg Voc Ed System,Kankakee Area Reg Voc Ed System,Bourbonnais,
Kankakee Area Spec Educ Coop,Kankakee Area Spec Educ Coop,Saint Anne,
Kankakee High School,Kankakee High School,Kankakee,
Kankakee Junior High School,Kankakee Junior High School,Kankakee,
Kankakee SD 111,Kankakee SD 111,Kankakee,
Kankakee Trinity Academy,Kankakee Trinity Academy,Kankakee,
Kankakee Valley Montessori School,Kankakee Valley Montessori School,Bourbonnais,
Kanoon Elem Magnet School,Kanoon Elem Magnet School,Chicago,
Kansas CUSD 3,Kansas CUSD 3,Kansas,
Kansas Elem School,Kansas Elem School,Kansas,
Kansas High School,Kansas High School,Kansas,
Karel Havlicek Elem School,Karel Havlicek Elem School,Berwyn,
Kaskaskia Education Center,Kaskaskia Education Center,Centralia,
Kaskaskia Spec Educ District,Kaskaskia Spec Educ District,Centralia,
Katie Harper-Wright Elem,Katie Harper-Wright Elem,East Saint Louis,
KEC Area Voc Center,KEC Area Voc Center,Malta,
KEC Central EFE 170,KEC Central EFE 170,Malta,
Keeneyville SD 20,Keeneyville SD 20,Hanover Park,
Keeper of the Keys Learning Institute,Keeper of the Keys Learning Institute,Chicago,
Keith Country Day School,Keith Country Day School,Rockford,
Kell Cons SD 2,Kell Cons SD 2,Kell,
Kell Grade School,Kell Grade School,Kell,
Kellar Primary School,Kellar Primary School,Peoria,
Kellar School,Kellar School,Robbins,
Keller Elem Gifted Magnet School,Keller Elem Gifted Magnet School,Chicago,
Kellman Corporate Community Elem,Kellman Corporate Community Elem,Chicago,
Kellogg Elem School,Kellogg Elem School,Chicago,
Kelly High School,Kelly High School,Chicago,
Kelvin Grove Jr High School,Kelvin Grove Jr High School,Lockport,
Kelvyn Park High School,Kelvyn Park High School,Chicago,
Kemmerer Village,Kemmerer Village,Assumption,
Kemmerer Village School,Kemmerer Village School,Assumption,
Kenilworth SD 38,Kenilworth SD 38,Kenilworth,
Kennedy Elem School,Kennedy Elem School,Chicago Heights,
Kennedy High School,Kennedy High School,Chicago,
Kennedy Junior High School,Kennedy Junior High School,Lisle,
Kennedy Middle School,Kennedy Middle School,Rockford,
Kenneth D Bailey Academy,Kenneth D Bailey Academy,Danville,
Kenneth E Neubert Elem School,Kenneth E Neubert Elem School,Algonquin,
Kenneth L Hermansen Elementary,Kenneth L Hermansen Elementary,Romeoville,
Kenneth Murphy School,Kenneth Murphy School,Beach Park,
Kenwood Academy,Kenwood Academy,Chicago,
Kenwood Academy High School,Kenwood Academy High School,Chicago,
Kenwood Elem School,Kenwood Elem School,Champaign,
Kenyon Woods Middle School,Kenyon Woods Middle School,South Elgin,
Kerkstra Elem School,Kerkstra Elem School,Oak Forest,
Kershaw Elem School,Kershaw Elem School,Chicago,
Keshet Day School,Keshet Day School,Northbrook,
Keshet Day School,Keshet Day School,Skokie,
Keshet Day School-Intensive,Keshet Day School-Intensive,Northbrook,
Keshet High School,Keshet High School,Skokie,
Keshet High School-Intensive,Keshet High School-Intensive,Skokie,
Keshet Transition Prg Int,Keshet Transition Prg Int,Skokie,
Keshet Transition Program,Keshet Transition Program,Skokie,
Kewanee CUSD 229,Kewanee CUSD 229,Kewanee,
Kewanee High School,Kewanee High School,Kewanee,
Keystone Montessori School,Keystone Montessori School,River Forest,
Kids Behavioral Health-Utah,Kids Behavioral Health-Utah,West Jordan,
Kids Station Inc,Kids Station Inc,Mokena,
KidsPeace National Centers Inc,KidsPeace National Centers Inc,Orefield,
KidsPeace-Orefield,KidsPeace-Orefield,Orefield,
Kidwatch Plus Inc,Kidwatch Plus Inc,Chicago,
Kiefer School,Kiefer School,Peoria,
Kiefer School - Madison,Kiefer School - Madison,Peoria,
Kiefer School - Madison-Intensive,Kiefer School - Madison-Intensive,Peoria,
Kildeer Countryside CCSD 96,Kildeer Countryside CCSD 96,Buffalo Grove,
Kildeer Countryside Elem School,Kildeer Countryside Elem School,Long Grove,
Kilmer Elem School,Kilmer Elem School,Chicago,
Kimball Hill Elem School,Kimball Hill Elem School,Rolling Meadows,
Kimball Middle School,Kimball Middle School,Elgin,
Kimberly Heights Elem School,Kimberly Heights Elem School,Tinley Park,
Kimes Elem School,Kimes Elem School,Streator,
Kindercare Learning Center,Kindercare Learning Center,Rockford,
Kindi Academy,Kindi Academy,Darien,
King Academy of Social Justice,King Academy of Social Justice,Chicago,
King College Prep High School,King College Prep High School,Chicago,
King Middle Grade School,King Middle Grade School,Kankakee,
King School,King School,Galesburg,
Kingdom Authority House of Grace Learning Cntr,Kingdom Authority House of Grace Learning Cntr,Rockford,
Kings Cons SD 144,Kings Cons SD 144,Kings,
Kings Daughters - Autism,Kings Daughters - Autism,Columbia,
Kings Daughters School,Kings Daughters School,Columbia,
Kings Elementary School,Kings Elementary School,Kings,
Kingsley Elem School,Kingsley Elem School,Downers Grove,
Kingsley Elementary School,Kingsley Elementary School,Evanston,
Kingsley Elementary School,Kingsley Elementary School,Naperville,
Kingsley Jr High School,Kingsley Jr High School,Normal,
Kingston Elementary School,Kingston Elementary School,Kingston,
Kingsway Preparatory School,Kingsway Preparatory School,Evanston,
Kingswood,Kingswood,Urbana,
Kingswood Academy,Kingswood Academy,Darien,
Kinnikinnick CCSD 131,Kinnikinnick CCSD 131,Roscoe,
Kinnikinnick School,Kinnikinnick School,Roscoe,
Kinzie Elem School,Kinzie Elem School,Chicago,
Kipling Elem School,Kipling Elem School,Chicago,
Kipling Elem School,Kipling Elem School,Deerfield,
KIPP Academy Chicago Campus,KIPP Academy Chicago Campus,Chicago,
KIPP Chicago Charter School - KIPP One Academy,KIPP Chicago Charter School - KIPP One Academy,Chicago,
KIPP Chicago Charters - Ascend Academy,KIPP Chicago Charters - Ascend Academy,Chicago,
KIPP Chicago Charters - Bloom Campus,KIPP Chicago Charters - Bloom Campus,Chicago,
Kirby SD 140,Kirby SD 140,Tinley Park,
Kirk School,Kirk School,Palatine,
Kishwaukee Educ Consortium,Kishwaukee Educ Consortium,Malta,
Knox Co Mary Davis Detention Home,Knox Co Mary Davis Detention Home,Galesburg,
Knox Warren Special Education Districts,Knox Warren Special Education Districts,Galesburg,
Knoxville Center for Student Success,Knoxville Center for Student Success,Peoria,
Knoxville Cntr Student Success,Knoxville Cntr Student Success,Peoria,
Knoxville CUSD 202,Knoxville CUSD 202,Knoxville,
Knoxville Jr High School,Knoxville Jr High School,Knoxville,
Knoxville Safe School Program,Knoxville Safe School Program,Peoria,
Knoxville Sr High School,Knoxville Sr High School,Knoxville,
Knox-Warren SpEd Multi-Needs Program,Knox-Warren SpEd Multi-Needs Program,Galesburg,
Kolmar Avenue Elem School,Kolmar Avenue Elem School,Oak Lawn,
Kolmar Elem School,Kolmar Elem School,Midlothian,
Komarek Elem School,Komarek Elem School,North Riverside,
Komarek SD 94,Komarek SD 94,North Riverside,
Komensky Elem School,Komensky Elem School,Berwyn,
Koraes Elementary School,Koraes Elementary School,Palos Hills,
Kozminski Elem Community Academy,Kozminski Elem Community Academy,Chicago,
Kreitner Elem School,Kreitner Elem School,Collinsville,
Krejci Academy/The Mansion,Krejci Academy/The Mansion,Naperville,
Kripa Montessori Sch H E,Kripa Montessori Sch H E,Hoffman Estates,
Kripa Montessori School,Kripa Montessori School,Bartlett,
L' Abris Academy,L' Abris Academy,Aledo,
L D Brady Elem School,L D Brady Elem School,Aurora,
L E Starke Elem School,L E Starke Elem School,Pekin,
L J Hauser Jr High School,L J Hauser Jr High School,Riverside,
L J Stevens Intermediate School,L J Stevens Intermediate School,Wilmington,
L W C Academy,L W C Academy,Kankakee,
La Europa Academy,La Europa Academy,Salt Lake City,
La Europa Academy,La Europa Academy,Salt Lake Cty,
La Grange SD 102,La Grange SD 102,La Grange Park,
La Grange SD 105 South,La Grange SD 105 South,La Grange,
La Harpe CSD 347,La Harpe CSD 347,La Harpe,
La Harpe Elementary School,La Harpe Elementary School,La Harpe,
La Harpe Junior High School,La Harpe Junior High School,La Harpe,
La Moille CUSD 303,La Moille CUSD 303,La Moille,
La Moille High School,La Moille High School,La Moille,
La Salle ESD 122,La Salle ESD 122,La Salle,
La Salle/Marshall/Putnam ROE,La Salle/Marshall/Putnam ROE,Ottawa,
La Salle-Peru Area Career Ctr,La Salle-Peru Area Career Ctr,Peru,
La Salle-Peru Twp High School,La Salle-Peru Twp High School,La Salle,
La Salle-Peru Twp HSD 120,La Salle-Peru Twp HSD 120,La Salle,
Lace Elem School,Lace Elem School,Darien,
Lad Lake,Lad Lake,Dousman,
Lad Lake-Special,Lad Lake-Special,Dousman,
Ladd CCSD 94,Ladd CCSD 94,Ladd,
Ladd Comm Cons Sch,Ladd Comm Cons Sch,Ladd,
Ladse Learning Center,Ladse Learning Center,La Grange,
LADSE-Comm Develop,LADSE-Comm Develop,La Grange,
LADSE-DHH Transition Cntr,LADSE-DHH Transition Cntr,LaGrange,
LADSE-DHH-Hinsdale South HS,LADSE-DHH-Hinsdale South HS,Darien,
LADSE-ECSE,LADSE-ECSE,La Grange,
LADSE-Emotional Disabilities,LADSE-Emotional Disabilities,La Grange,
LADSE-Multineeds,LADSE-Multineeds,La Grange,
LADSE-Phonological Program,LADSE-Phonological Program,La Grange,
LADSE-Project Search,LADSE-Project Search,La Grange,
Lagrange Area Dept Spec Ed-Ladse,Lagrange Area Dept Spec Ed-Ladse,La Grange,
LaGrange Highlands SD 106,LaGrange Highlands SD 106,La Grange Highlands,
Lahr-Well Academy,Lahr-Well Academy,Edwardsville,
Lake Bluff Elem Sch,Lake Bluff Elem Sch,Lake Bluff,
Lake Bluff ESD 65,Lake Bluff ESD 65,Lake Bluff,
Lake Bluff Middle School,Lake Bluff Middle School,Lake Bluff,
Lake Co Collaborative Alop,Lake Co Collaborative Alop,Grayslake,
Lake Co High Schools Tech Campus,Lake Co High Schools Tech Campus,Grayslake,
Lake Co Hulse Detention Center 6-8,Lake Co Hulse Detention Center 6-8,Vernon Hills,
Lake Co Hulse Detention Center 9-12,Lake Co Hulse Detention Center 9-12,Vernon Hills,
Lake County Area Voc System,Lake County Area Voc System,Grayslake,
Lake County Baptist School,Lake County Baptist School,Waukegan,
Lake County Plus Program,Lake County Plus Program,Mundelein,
Lake Crest Elem School,Lake Crest Elem School,Oakland,
Lake Forest Academy,Lake Forest Academy,Lake Forest,
Lake Forest CHSD 115,Lake Forest CHSD 115,Lake Forest,
Lake Forest Country Day School,Lake Forest Country Day School,Lake Forest,
Lake Forest High School,Lake Forest High School,Lake Forest,
Lake Forest SD 67,Lake Forest SD 67,Lake Forest,
Lake in the Hills Elem School,Lake in the Hills Elem School,Lake in the Hills,
Lake Louise Elem School,Lake Louise Elem School,Palatine,
Lake Park CHSD 108,Lake Park CHSD 108,Roselle,
Lake Park Elem School,Lake Park Elem School,Addison,
Lake Park High School,Lake Park High School,Roselle,
Lake ROE,Lake ROE,Grayslake,
Lake Shore School,Lake Shore School,Chicago,
Lake View Academy,Lake View Academy,Chicago,
Lake View High School,Lake View High School,Chicago,
Lake Villa CCSD 41,Lake Villa CCSD 41,Lake Villa,
Lake Zurich CUSD 95,Lake Zurich CUSD 95,Lake Zurich,
Lake Zurich High School,Lake Zurich High School,Lake Zurich,
Lake Zurich Middle - N Campus,Lake Zurich Middle - N Campus,Hawthorn Woods,
Lake Zurich Middle - S Campus,Lake Zurich Middle - S Campus,Lake Zurich,
Lakemary 1:1 Support 16,Lakemary 1:1 Support 16,Paola,
Lakemary 1:1 Support 24,Lakemary 1:1 Support 24,Paola,
Lakemary Center Inc,Lakemary Center Inc,Paola,
Lakemary Center Inc.,Lakemary Center Inc.,Paola,
Lakemary Enhanced,Lakemary Enhanced,Paola,
Lakemary Intensive,Lakemary Intensive,Paola,
Lakes Community High School,Lakes Community High School,Lake Villa,
Laketown Elem School,Laketown Elem School,Springfield,
Lakeview Elem School,Lakeview Elem School,Hoffman Estates,
Lakeview Jr High School,Lakeview Jr High School,Downers Grove,
Lakeview Rehabilitation Center,Lakeview Rehabilitation Center,Waterford,
Lakeview School,Lakeview School,Zion,
Lakewood Creek Elementary,Lakewood Creek Elementary,Montgomery,
Lakewood Falls Elem School,Lakewood Falls Elem School,Plainfield,
Lakewood School,Lakewood School,Carpentersville,
Lalumier Elem School,Lalumier Elem School,Centreville,
Lancaster Christian School,Lancaster Christian School,Mount Carmel,
Landmark Christian Academy,Landmark Christian Academy,Palos Heights,
Landmark Elem School,Landmark Elem School,McHenry,
Lane Elem School,Lane Elem School,Alsip,
Lane Tech College Prep,Lane Tech College Prep,Chicago,
Lane Tech College Prep High School,Lane Tech College Prep High School,Chicago,
Lane Technical High School,Lane Technical High School,Chicago,
Langford A Elem School,Langford A Elem School,Chicago,
Lanphier High School,Lanphier High School,Springfield,
Lansing Christian School,Lansing Christian School,Lansing,
Lansing SD 158,Lansing SD 158,Lansing,
Lara Elem Academy,Lara Elem Academy,Chicago,
Laraway CCSD 70C,Laraway CCSD 70C,Joliet,
Laraway School,Laraway School,Joliet,
Laremont School,Laremont School,Gages Lake,
Laren Montessori,Laren Montessori,South Holland,
Larkin Center,Larkin Center,Elgin,
Larkin Center School,Larkin Center School,Chicago,
Larkin High School,Larkin High School,Elgin,
Larsen Middle School,Larsen Middle School,Elgin,
LaSalle Co Detention Center 6-8,LaSalle Co Detention Center 6-8,Ottawa,
LaSalle Co Detention Center 9-12,LaSalle Co Detention Center 9-12,Ottawa,
LaSalle Elem Language Academy,LaSalle Elem Language Academy,Chicago,
LaSalle Elem School,LaSalle Elem School,Creve Coeur,
LaSalle II Lang Acad Elem Sch,LaSalle II Lang Acad Elem Sch,Chicago,
LaSalle Putnam Alliance,LaSalle Putnam Alliance,Ottawa,
LaSalle-Peru Christian School,LaSalle-Peru Christian School,La Salle,
LASEC Academy,LASEC Academy,Lockport,
LASEC-CAD Program,LASEC-CAD Program,Lockport,
LASEC-Communication Dev Program,LASEC-Communication Dev Program,Crest Hill,
LASEC-EC,LASEC-EC,Crest Hill,
LASSO-Erickson Elem-Bloomingdale Dist 13,LASSO-Erickson Elem-Bloomingdale Dist 13,Bloomingdale,
LASSO-Medinah Primary Sch-Medinah SD 11,LASSO-Medinah Primary Sch-Medinah SD 11,Medinah,
LASSO-Spring Hills Sch-Roselle SD 12,LASSO-Spring Hills Sch-Roselle SD 12,Roselle,
LASSO-Tioga Elem Sch-Bensenville SD 2,LASSO-Tioga Elem Sch-Bensenville SD 2,Bensenville,
"Latham Centers, Inc. ","Latham Centers, Inc. ",Brewster,
"Latham Centers, Inc. - EDU ","Latham Centers, Inc. - EDU ",Brewster,
"Latham Centers, Inc. - RES ","Latham Centers, Inc. - RES ",Brewster,
Latin School of Chicago Lower,Latin School of Chicago Lower,Chicago,
Latin School of Chicago Upper,Latin School of Chicago Upper,Chicago,
Latino Youth High School,Latino Youth High School,Chicago,
Laura B Sprague School,Laura B Sprague School,Lincolnshire,
Laureate Day School,Laureate Day School,Arlington Heights,
Laureate Day School - INT,Laureate Day School - INT,Arlington Hts,
Laureate Day School Ext,Laureate Day School Ext,Arlington Heights,
Laurel Hill Elem School,Laurel Hill Elem School,Hanover Park,
Laverna Evans Elem School,Laverna Evans Elem School,O Fallon,
Lavizzo Elem School,Lavizzo Elem School,Chicago,
Lawn Manor School,Lawn Manor School,Oak Lawn,
Lawndale Elem Community Academy,Lawndale Elem Community Academy,Chicago,
Lawrence County CUD 20,Lawrence County CUD 20,Lawrenceville,
Lawrence Education Center,Lawrence Education Center,Springfield,
Lawrence Hall Youth Services,Lawrence Hall Youth Services,Chicago,
Lawrence Hall-Ashland,Lawrence Hall-Ashland,Chicago,
Lawrence Hall-Institutional,Lawrence Hall-Institutional,Chicago,
Lawrenceville High School,Lawrenceville High School,Lawrenceville,
Leal Elem School,Leal Elem School,Urbana,
LEARN 10 Charter School,LEARN 10 Charter School,North Chicago,
LEARN Charter 9 Campus in Waukegan,LEARN Charter 9 Campus in Waukegan,Waukegan,
LEARN Charter Excel Campus,LEARN Charter Excel Campus,Chicago,
LEARN Charter Sch 6 North Chicago Campus,LEARN Charter Sch 6 North Chicago Campus,Great Lakes,
LEARN Chtr - Hunter Perkins Campus,LEARN Chtr - Hunter Perkins Campus,Chicago,
LEARN Chtr - 7th Campus,LEARN Chtr - 7th Campus,Chicago,
LEARN Chtr - Butler,LEARN Chtr - Butler,Chicago,
LEARN Chtr - Middle School,LEARN Chtr - Middle School,Chicago,
LEARN Chtr - South Chicago Campus,LEARN Chtr - South Chicago Campus,Chicago,
LEARN Chtr-Campbell Campus,LEARN Chtr-Campbell Campus,Chicago,
Lebanon CUSD 9,Lebanon CUSD 9,Lebanon,
Lebanon Elem School,Lebanon Elem School,Lebanon,
Lebanon High School,Lebanon High School,Lebanon,
LeClaire Elem School,LeClaire Elem School,Edwardsville,
Ledgewood Elem School,Ledgewood Elem School,Roscoe,
Lee County Spec Educ Assoc,Lee County Spec Educ Assoc,Dixon,
Lee Cty SpEd-ECE,Lee Cty SpEd-ECE,Dixon,
Lee Cty SpEd-Life Skills (2-5 Grade),Lee Cty SpEd-Life Skills (2-5 Grade),Dixon,
Lee Cty SpEd-Life Skills (9-12 Grades),Lee Cty SpEd-Life Skills (9-12 Grades),Dixon,
Lee Cty SpEd-Transitions,Lee Cty SpEd-Transitions,Dixon,
Lee Elem School,Lee Elem School,Chicago,
Lee R Foster Elem School,Lee R Foster Elem School,Oak Forest,
Lee/Ogle/Whiteside ROE,Lee/Ogle/Whiteside ROE,Sterling,
Legacy Acad of Excellence Charter Sch,Legacy Acad of Excellence Charter Sch,Rockford,
Legacy Christian Academy,Legacy Christian Academy,Caseyville,
Legacy Connections Vocational School,Legacy Connections Vocational School,Chicago,
Legacy Elem Charter School,Legacy Elem Charter School,Chicago,
Legal Prep Academy Charter HS,Legal Prep Academy Charter HS,Chicago,
Leggee Elementary School,Leggee Elementary School,Huntley,
Leland CUSD 1,Leland CUSD 1,Leland,
Leland Elem School,Leland Elem School,Chicago,
Leland Elem School,Leland Elem School,Leland,
Leland High School,Leland High School,Leland,
Leman Middle School,Leman Middle School,West Chicago,
Lemont Twp High School,Lemont Twp High School,Lemont,
Lemont Twp HSD 210,Lemont Twp HSD 210,Lemont,
Lemont-Bromberek CSD 113A,Lemont-Bromberek CSD 113A,Lemont,
Lena Winslow CUSD 202,Lena Winslow CUSD 202,Lena,
Lenart Elem Regional Gifted Ctr,Lenart Elem Regional Gifted Ctr,Chicago,
Lena-Winslow Elem School,Lena-Winslow Elem School,Lena,
Lena-Winslow High School,Lena-Winslow High School,Lena,
Lena-Winslow Jr High School,Lena-Winslow Jr High School,Lena,
LEO CATHOLIC HIGH SCHOOL,LEO CATHOLIC HIGH SCHOOL,CHICAGO,
Leo High School,Leo High School,Chicago,
Lerna Bridges,Lerna Bridges,Lerna,
LeRoy CUSD 2,LeRoy CUSD 2,Le Roy,
LeRoy Elementary School,LeRoy Elementary School,Le Roy,
LeRoy High School,LeRoy High School,Le Roy,
LeRoy Junior High School,LeRoy Junior High School,Le Roy,
Leslie Shankman School Corp,Leslie Shankman School Corp,Chicago,
Lester and Rosalie Anixter Center,Lester and Rosalie Anixter Center,Chicago,
Lester Crawl Primary Ctr,Lester Crawl Primary Ctr,Lansing,
Lester Elem School,Lester Elem School,Downers Grove,
Lettie Brown Elementary School,Lettie Brown Elementary School,Morton,
Lewis & Clark Elem School,Lewis & Clark Elem School,Godfrey,
Lewis Elem School,Lewis Elem School,Chicago,
Lewis Lemon Elementary,Lewis Lemon Elementary,Rockford,
Lewis School,Lewis School,Carbondale,
Lewis-Clark Elem School,Lewis-Clark Elem School,Wood River,
Lewis-Clark Jr High School,Lewis-Clark Jr High School,Wood River,
Lewistown CUSD 97,Lewistown CUSD 97,Lewistown,
Lewistown Jr/Sr High School,Lewistown Jr/Sr High School,Lewistown,
Lexington CUSD 7,Lexington CUSD 7,Lexington,
Lexington Elem School,Lexington Elem School,Lexington,
Lexington High School,Lexington High School,Lexington,
Lexington Jr High School,Lexington Jr High School,Lexington,
Leyden Area Spec Educ Coop,Leyden Area Spec Educ Coop,Franklin Park,
Leyden CHSD 212,Leyden CHSD 212,Franklin Park,
LHTBM School of The Saints,LHTBM School of The Saints,Lemont,
Liahona Academy,Liahona Academy,Virgin,
Libby Elem School,Libby Elem School,Chicago,
Liberty CUSD 2,Liberty CUSD 2,Liberty,
Liberty Elem School,Liberty Elem School,Cicero,
Liberty Elem School,Liberty Elem School,Orland Park,
Liberty Elem School,Liberty Elem School,Bartlett,
Liberty Elem School,Liberty Elem School,Danville,
Liberty Elementary School,Liberty Elementary School,Liberty,
Liberty Elementary School,Liberty Elementary School,Carpentersville,
Liberty Elementary School,Liberty Elementary School,Bolingbrook,
Liberty High School,Liberty High School,Liberty,
Liberty Intermediate School,Liberty Intermediate School,Bourbonnais,
Liberty Junior High School,Liberty Junior High School,Burbank,
Liberty Junior High School,Liberty Junior High School,New Lenox,
Liberty Middle School,Liberty Middle School,Edwardsville,
Liberty School of Christrian Educ,Liberty School of Christrian Educ,Chicago,
Libertyville High School,Libertyville High School,Libertyville,
Libertyville Montessori,Libertyville Montessori,Mundelein,
Libertyville SD 70,Libertyville SD 70,Libertyville,
Lick Creek CCSD 16,Lick Creek CCSD 16,Buncombe,
Lick Creek Elem School,Lick Creek Elem School,Buncombe,
LIFE (Learning in Functional Environments),LIFE (Learning in Functional Environments),Jacksonville,
LIFE Academy,LIFE Academy,Mattoon,
Life Skills Train Cntr-Autism,Life Skills Train Cntr-Autism,Glen Ellyn,
Lighted Way Association,Lighted Way Association,La Salle,
Lighted Way Association - Int,Lighted Way Association - Int,La Salle,
Lighted Way Association Inc,Lighted Way Association Inc,La Salle,
Lighthouse Christian Academy,Lighthouse Christian Academy,Lansing,
Lighthouse Christian Academy,Lighthouse Christian Academy,Wilmington,
Lil Miracles Childrens Center,Lil Miracles Childrens Center,Bolingbrook,
Lily Lake Grade School,Lily Lake Grade School,Maple Park,
Limestone CHSD 310,Limestone CHSD 310,Peoria,
Limestone Community High School,Limestone Community High School,Peoria,
Limestone Middle Sch,Limestone Middle Sch,Kankakee,
Limestone Walters CCSD 316,Limestone Walters CCSD 316,Peoria,
Limestone Walters Elem School,Limestone Walters Elem School,Peoria,
Lincoln Academy,Lincoln Academy,Roselle,
Lincoln Attendance Center,Lincoln Attendance Center,Carmi,
Lincoln CHSD 404,Lincoln CHSD 404,Lincoln,
Lincoln Cltrl Ctr-Montessori Elem,Lincoln Cltrl Ctr-Montessori Elem,Kankakee,
Lincoln Comm High School,Lincoln Comm High School,Lincoln,
Lincoln Early Childhood School,Lincoln Early Childhood School,Monmouth,
Lincoln Elem School,Lincoln Elem School,Jacksonville,
Lincoln Elem School,Lincoln Elem School,Pana,
Lincoln Elem School,Lincoln Elem School,Belvidere,
Lincoln Elem School,Lincoln Elem School,Evanston,
Lincoln Elem School,Lincoln Elem School,Maywood,
Lincoln Elem School,Lincoln Elem School,River Forest,
Lincoln Elem School,Lincoln Elem School,Brookfield,
Lincoln Elem School,Lincoln Elem School,Blue Island,
Lincoln Elem School,Lincoln Elem School,Dixmoor,
Lincoln Elem School,Lincoln Elem School,Calumet City,
Lincoln Elem School,Lincoln Elem School,Chicago Heights,
Lincoln Elem School,Lincoln Elem School,Chicago,
Lincoln Elem School,Lincoln Elem School,Clinton,
Lincoln Elem School,Lincoln Elem School,Addison,
Lincoln Elem School,Lincoln Elem School,Wheaton,
Lincoln Elem School,Lincoln Elem School,Elmhurst,
Lincoln Elem School,Lincoln Elem School,Pittsburg,
Lincoln Elem School,Lincoln Elem School,Marion,
Lincoln Elem School,Lincoln Elem School,Macomb,
Lincoln Elem School,Lincoln Elem School,Princeton,
Lincoln Elem School,Lincoln Elem School,Anna,
Lincoln Elem School,Lincoln Elem School,Saint Charles,
Lincoln Elem School,Lincoln Elem School,Mundelein,
Lincoln Elem School,Lincoln Elem School,Oglesby,
Lincoln Elem School,Lincoln Elem School,Ottawa,
Lincoln Elem School,Lincoln Elem School,Mendota,
Lincoln Elem School,Lincoln Elem School,Monticello,
Lincoln Elem School,Lincoln Elem School,Rochelle,
Lincoln Elem School,Lincoln Elem School,Sterling,
Lincoln Elem School,Lincoln Elem School,East Peoria,
Lincoln Elem School,Lincoln Elem School,Morton,
Lincoln Elementary,Lincoln Elementary,Plainfield,
Lincoln Elementary School,Lincoln Elementary School,Palatine,
Lincoln Elementary School,Lincoln Elementary School,Bellwood,
Lincoln Elementary School,Lincoln Elementary School,Dolton,
Lincoln Elementary School,Lincoln Elementary School,Robinson,
Lincoln Elementary School,Lincoln Elementary School,DeKalb,
Lincoln Elementary School,Lincoln Elementary School,Pontiac,
Lincoln Elementary School,Lincoln Elementary School,Canton,
Lincoln Elementary School,Lincoln Elementary School,Hoffman Estates,
Lincoln ESD 156,Lincoln ESD 156,Calumet City,
Lincoln ESD 27,Lincoln ESD 27,Lincoln,
Lincoln Grade School,Lincoln Grade School,Washington,
Lincoln Hall Middle School,Lincoln Hall Middle School,Lincolnwood,
Lincoln Jr High School,Lincoln Jr High School,Skokie,
Lincoln Jr High School,Lincoln Jr High School,Lincoln,
Lincoln Jr High School,Lincoln Jr High School,Naperville,
Lincoln Jr High School,Lincoln Jr High School,La Salle,
Lincoln Junior High School,Lincoln Junior High School,Dolton,
Lincoln Magnet School,Lincoln Magnet School,Springfield,
Lincoln Middle School,Lincoln Middle School,Mount Prospect,
Lincoln Middle School,Lincoln Middle School,Park Ridge,
Lincoln Middle School,Lincoln Middle School,Schiller Park,
Lincoln Middle School,Lincoln Middle School,Berwyn,
Lincoln Middle School,Lincoln Middle School,Edwardsville,
Lincoln Park High School,Lincoln Park High School,Chicago,
Lincoln Prairie Elem School,Lincoln Prairie Elem School,Lake In The Hills,
Lincoln Prairie School,Lincoln Prairie School,Hoffman Estates,
Lincoln School,Lincoln School,Mundelein,
Lincoln School,Lincoln School,Peoria,
Lincoln School ALOP,Lincoln School ALOP,Joliet,
Lincoln School RSSP,Lincoln School RSSP,Joliet,
Lincoln School TAOEP,Lincoln School TAOEP,Joliet,
Lincoln Trail Elem School,Lincoln Trail Elem School,Mahomet,
Lincoln Way CHSD 210,Lincoln Way CHSD 210,New Lenox,
Lincoln Way West,Lincoln Way West,New Lenox,
Lincoln-Douglas Elementary School,Lincoln-Douglas Elementary School,Quincy,
Lincoln-Douglas Elementary School,Lincoln-Douglas Elementary School,Freeport,
Lincoln-Irving Elem School,Lincoln-Irving Elem School,Moline,
Lincolnland Reg Del System,Lincolnland Reg Del System,Lincoln,
Lincolnland Technical Ed Ctr,Lincolnland Technical Ed Ctr,Lincoln,
Lincolnshire-Prairieview SD 103,Lincolnshire-Prairieview SD 103,Lincolnshire,
Lincoln-Way Area Spec Ed JA Dist,Lincoln-Way Area Spec Ed JA Dist,Frankfort,
Lincoln-Way Central High School,Lincoln-Way Central High School,New Lenox,
Lincoln-Way East High School,Lincoln-Way East High School,Frankfort,
Lincolnwood Elem School,Lincolnwood Elem School,Evanston,
Lincolnwood High School,Lincolnwood High School,Raymond,
Lincolnwood Jr High School,Lincolnwood Jr High School,Raymond,
Lincolnwood SD 74,Lincolnwood SD 74,Lincolnwood,
Lindblom Math & Science Acad HS,Lindblom Math & Science Acad HS,Chicago,
Lindblom Math & Science Academy,Lindblom Math & Science Academy,Chicago,
Lindenhurst Early Childhood Ctr,Lindenhurst Early Childhood Ctr,Lindenhurst,
Lindop Elem School,Lindop Elem School,Broadview,
Lindop SD 92,Lindop SD 92,Broadview,
Lindsay School,Lindsay School,Springfield,
Linne Elem School,Linne Elem School,Chicago,
Lions Math & Science Christian,Lions Math & Science Christian,Waukegan,
Lions Park Elem School,Lions Park Elem School,Mt Prospect,
Lisbon CCSD 90,Lisbon CCSD 90,Newark,
Lisbon Grade School,Lisbon Grade School,Newark,
Lisle CUSD 202,Lisle CUSD 202,Lisle,
Lisle Elementary School,Lisle Elementary School,Lisle,
Lisle High School,Lisle High School,Lisle,
Lisle Jr High School,Lisle Jr High School,Lisle,
Litchfield CUSD 12,Litchfield CUSD 12,Litchfield,
Litchfield Middle School,Litchfield Middle School,Litchfield,
Litchfield Prekindergarten,Litchfield Prekindergarten,Litchfield,
Litchfield Senior High School,Litchfield Senior High School,Litchfield,
Little Angels,Little Angels,Chicago,
Little Black Pearl Arts Acad HS,Little Black Pearl Arts Acad HS,Chicago,
Little Blossom Montessori School,Little Blossom Montessori School,Aurora,
Little City Foundation,Little City Foundation,Palatine,
Little Explorers Montessori,Little Explorers Montessori,Romeoville,
Little Flower School,Little Flower School,Springfield,
Little Fort Elem School,Little Fort Elem School,Waukegan,
Little Friends,Little Friends,Naperville,
Little Friends Learning Center,Little Friends Learning Center,Peoria,
Little Friends-Bridge High School,Little Friends-Bridge High School,Naperville,
Little Friends-Bridge-Intensive,Little Friends-Bridge-Intensive,Naperville,
Little Friends-Krejci/Mansion,Little Friends-Krejci/Mansion,Downers Grove,
Little Friends-Krejci-Intensive,Little Friends-Krejci-Intensive,Naperville,
Little Hands Learning Center,Little Hands Learning Center,Chicago,
Little Keswick School,Little Keswick School,Keswick,
Little Saints of God Academy,Little Saints of God Academy,Bolingbrook,
Little Scholars Christian Academy,Little Scholars Christian Academy,Tinley Park,
Little Village Elem School,Little Village Elem School,Chicago,
Littlejohn Elem School,Littlejohn Elem School,DeKalb,
Living Free Center,Living Free Center,Chicago,
Living Hope Flwshp Christian Sch,Living Hope Flwshp Christian Sch,Grand Chain,
Livingston Area Career Cntr,Livingston Area Career Cntr,Pontiac,
Livingston Area Educ for Employ,Livingston Area Educ for Employ,Pontiac,
Livingston Co Crossroads Academy,Livingston Co Crossroads Academy,Flanagan,
Livingston Co Spec Services Unit,Livingston Co Spec Services Unit,Flanagan,
Livingston County Academy,Livingston County Academy,Flanagan,
Lloyd Elem School,Lloyd Elem School,Chicago,
LMP ROE,LMP ROE,Peru,
LMP ROE TAOEP,LMP ROE TAOEP,Ottawa,
Locke J Elem School,Locke J Elem School,Chicago,
Locke A Elem Charter Academy,Locke A Elem Charter Academy,Chicago,
Lockport Area Spec Educ Coop,Lockport Area Spec Educ Coop,Lockport,
Lockport SD 91,Lockport SD 91,Lockport,
Lockport Township High Sch East,Lockport Township High Sch East,Lockport,
Lockport Twp HSD 205,Lockport Twp HSD 205,Lockport,
Locust Elem School,Locust Elem School,Marengo,
Logan Elem School,Logan Elem School,Moline,
Logan Jr High School,Logan Jr High School,Princeton,
Logos Christian Academy,Logos Christian Academy,Niles,
Logos School,Logos School,Saint Louis,
Lombard Jr High School,Lombard Jr High School,Galesburg,
Lombard SD 44,Lombard SD 44,Lombard,
Long Beach Elem School,Long Beach Elem School,Montgomery,
Long Grove Country School,Long Grove Country School,Lake Zurich,
Longfellow Elem School,Longfellow Elem School,Oak Park,
Longfellow Elem School,Longfellow Elem School,Wheaton,
Longfellow Elem School,Longfellow Elem School,Marion,
Longfellow Elem School,Longfellow Elem School,Rock Island,
Longwood Elem School,Longwood Elem School,Glenwood,
Longwood Elem School,Longwood Elem School,Naperville,
Lordanchild Christian Daycare,Lordanchild Christian Daycare,Chicago,
Lords Park Elem School,Lords Park Elem School,Elgin,
Lorenzo R Smith Elem School,Lorenzo R Smith Elem School,Hopkins Park,
Lor-Jon Montessori School,Lor-Jon Montessori School,Elmhurst,
Lostant CUSD 425,Lostant CUSD 425,Lostant,
Lostant Elem School,Lostant Elem School,Lostant,
Lots of Love Plus,Lots of Love Plus,Hazel Crest,
Lotus School,Lotus School,Spring Grove,
Louise White Elem School,Louise White Elem School,Batavia,
Lovejoy Elem School,Lovejoy Elem School,Alton,
Lovejoy Elementary School,Lovejoy Elementary School,Lovejoy,
Lovejoy Middle School,Lovejoy Middle School,Lovejoy,
Lovejoy Technology Academy,Lovejoy Technology Academy,Lovejoy,
Loves Park Elem School,Loves Park Elem School,Loves Park,
Lovett Elem School,Lovett Elem School,Chicago,
Loving Spirit Community Outreach and Development Center,Loving Spirit Community Outreach and Development Center,Chicago,
Lovington Grade School,Lovington Grade School,Lovington,
Lowell Elem School,Lowell Elem School,Chicago,
Lowell Elem School,Lowell Elem School,Wheaton,
Lowpoint-Washburn CUSD 21,Lowpoint-Washburn CUSD 21,Washburn,
Lowpoint-Washburn Elem School,Lowpoint-Washburn Elem School,Washburn,
Lowpoint-Washburn Jr Sr High Sch,Lowpoint-Washburn Jr Sr High Sch,Washburn,
Lowrie Elem School,Lowrie Elem School,Elgin,
Loyola Academy,Loyola Academy,Wilmette,
Lozano Elem Bilingual & Intl Ctr,Lozano Elem Bilingual & Intl Ctr,Chicago,
Lt Joseph P Kennedy - Special,Lt Joseph P Kennedy - Special,Tinley Park,
Lt Joseph P Kennedy Early Child,Lt Joseph P Kennedy Early Child,Tinley Park,
Lt Joseph P Kennedy Jr School,Lt Joseph P Kennedy Jr School,Tinley Park,
Lt Joseph P Kennedy School,Lt Joseph P Kennedy School,Tinley Park,
Lt Joseph P Kennedy School - Int,Lt Joseph P Kennedy School - Int,Tinley Park,
Lubavitch Girls High Sch,Lubavitch Girls High Sch,Chicago,
LUBAVITCH GIRLS HIGH SCHOOL,LUBAVITCH GIRLS HIGH SCHOOL,CHICAGO,
Lubavitch Mesivta of Chicago,Lubavitch Mesivta of Chicago,Chicago,
Ludlow CCSD 142,Ludlow CCSD 142,Ludlow,
Ludlow Elementary School,Ludlow Elementary School,Ludlow,
Ludwig Elem School,Ludwig Elem School,Lockport,
Lundahl Middle School,Lundahl Middle School,Crystal Lake,
Lupine Montessori School,Lupine Montessori School,Lockport,
Luther Burbank Elem School,Luther Burbank Elem School,Burbank,
Luther J Schilling School,Luther J Schilling School,Homer Glen,
Lutheran Child & Family Services,Lutheran Child & Family Services,Addison,
Lutheran Day Nursery,Lutheran Day Nursery,Chicago,
Lutheran High School,Lutheran High School,Springfield,
Lutheran School Association,Lutheran School Association,Decatur,
Lutheran School of St Luke,Lutheran School of St Luke,Itasca,
Lutheran Social Services-WI/MI,Lutheran Social Services-WI/MI,Milwaukee,
LWASE-Self-K-8,LWASE-Self-K-8,Frankfort,
Lycee Francais De Chicago,Lycee Francais De Chicago,Chicago,
Lydia Urban Academy-Rockford,Lydia Urban Academy-Rockford,Rockford,
Lyle School,Lyle School,Kewanee,
Lynn G Haskin Elementary School,Lynn G Haskin Elementary School,Sandwich,
Lynne Thigpen Elem School,Lynne Thigpen Elem School,Joliet,
Lyon Elem School,Lyon Elem School,Glenview,
Lyon Elem School,Lyon Elem School,Chicago,
Lyon Magnet Elementary School,Lyon Magnet Elementary School,Waukegan,
Lyons Plus,Lyons Plus,Countryside,
Lyons SD 103,Lyons SD 103,Lyons,
Lyons Twp High Sch,Lyons Twp High Sch,La Grange,
Lyons Twp HSD 204,Lyons Twp HSD 204,La Grange,
M J Cunningham Elem Sch,M J Cunningham Elem Sch,Joliet,
M L King Jr Elem School,M L King Jr Elem School,Urbana,
M L King Jr Lab Experimental Sch,M L King Jr Lab Experimental Sch,Evanston,
Mabel O Donnell Elem School,Mabel O Donnell Elem School,Aurora,
Mable Woolsey Elem School,Mable Woolsey Elem School,Knoxville,
MacArthur Early Childhood Center,MacArthur Early Childhood Center,Macomb,
MacArthur High School,MacArthur High School,Decatur,
MacArthur International Spanish Academy,MacArthur International Spanish Academy,Hoffman Estates,
MacArthur Middle School,MacArthur Middle School,Prospect Heights,
MacArthur Middle School,MacArthur Middle School,Berkeley,
MacArthur MS-D/HH MS Program,MacArthur MS-D/HH MS Program,Prospect Heights,
MacArthur/Echo Elementary,MacArthur/Echo Elementary,South Holland,
Machesney Elem School,Machesney Elem School,Machesney Park,
Mackeben Elementary School,Mackeben Elementary School,Algonquin,
Macomb CUSD 185,Macomb CUSD 185,Macomb,
Macomb Junior High School,Macomb Junior High School,Macomb,
Macomb Senior High School,Macomb Senior High School,Macomb,
Macon/Piatt ROE,Macon/Piatt ROE,Decatur,
Macon-Piatt Spec Educ Jnt Agr,Macon-Piatt Spec Educ Jnt Agr,Decatur,
Maddock Elementary School,Maddock Elementary School,Burbank,
Madero Middle School,Madero Middle School,Chicago,
Mades-Johnstone Center,Mades-Johnstone Center,St Charles,
Mades-Johnstone RSSP,Mades-Johnstone RSSP,St Charles,
Madison Co Career & Tech Ed Sys,Madison Co Career & Tech Ed Sys,Edwardsville,
Madison Co Detention Center,Madison Co Detention Center,Edwardsville,
Madison Co Ed Therapy Cntr,Madison Co Ed Therapy Cntr,Troy,
Madison Co Reg I Spec Educ Coop,Madison Co Reg I Spec Educ Coop,Granite City,
Madison Co Regional Office of Ed,Madison Co Regional Office of Ed,Edwardsville,
Madison County Voc Adj Counseling,Madison County Voc Adj Counseling,Edwardsville,
Madison CUSD 12,Madison CUSD 12,Madison,
Madison Elem School,Madison Elem School,Skokie,
Madison Elem School,Madison Elem School,Chicago,
Madison Elem School,Madison Elem School,Hinsdale,
Madison Elem School,Madison Elem School,Wheaton,
Madison Elementary School,Madison Elementary School,Lombard,
Madison Jr High School,Madison Jr High School,Naperville,
Madison Jr High School,Madison Jr High School,Madison,
Madison Park Elem School,Madison Park Elem School,Litchfield,
Madison ROE,Madison ROE,Edwardsville,
Madison School,Madison School,South Holland,
Madison School,Madison School,Dixon,
Madison Senior High School,Madison Senior High School,Madison,
Madison Student Support Center,Madison Student Support Center,Madison,
Mae Jemison School,Mae Jemison School,Hazel Crest,
Maercker Elem School,Maercker Elem School,Westmont,
Maercker SD 60,Maercker SD 60,Westmont,
Magee Middle School,Magee Middle School,Round Lake,
Mahomet-Seymour CUSD 3,Mahomet-Seymour CUSD 3,Mahomet,
Mahomet-Seymour High School,Mahomet-Seymour High School,Mahomet,
Mahomet-Seymour Jr High School,Mahomet-Seymour Jr High School,Mahomet,
Main Street Elementary School,Main Street Elementary School,Shelbyville,
Maine East High School,Maine East High School,Park Ridge,
Maine South High School,Maine South High School,Park Ridge,
Maine Township HSD 207,Maine Township HSD 207,Park Ridge,
Maine West High School,Maine West High School,Des Plaines,
Malden CCSD 84,Malden CCSD 84,Malden,
Malden Grade School,Malden Grade School,Malden,
Malta Elementary School,Malta Elementary School,Malta,
Manchester Elem School,Manchester Elem School,Poplar Grove,
Manhattan Jr High School,Manhattan Jr High School,Manhattan,
Manhattan SD 114,Manhattan SD 114,Manhattan,
Manierre Elem School,Manierre Elem School,Chicago,
Manley Career Academy High School,Manley Career Academy High School,Chicago,
Mann Elem School,Mann Elem School,Chicago,
Mannheim Early Childhood Center,Mannheim Early Childhood Center,NorthLake,
Mannheim Middle School,Mannheim Middle School,Melrose Park,
Mannheim SD 83,Mannheim SD 83,Franklin Park,
Manor Hill Elem School,Manor Hill Elem School,Lombard,
Mansio Mens Montessori,Mansio Mens Montessori,Geneva,
Mansueto High School,Mansueto High School,Chicago,
Manteno CUSD 5,Manteno CUSD 5,Manteno,
Manteno Elem School,Manteno Elem School,Manteno,
Manteno High School,Manteno High School,Manteno,
Manteno Middle School,Manteno Middle School,Manteno,
Manual High School,Manual High School,Peoria,
Maple Elem School,Maple Elem School,Loves Park,
Maple Elem School,Maple Elem School,Hoopeston,
Maple Grove Elem School,Maple Grove Elem School,Metropolis,
Maple School,Maple School,Northbrook,
Maple Tree Academy,Maple Tree Academy,Woodridge,
Maplebrook Elem School,Maplebrook Elem School,Naperville,
Maplewood Elem School,Maplewood Elem School,Cahokia,
Maranatha Christian Academy,Maranatha Christian Academy,Decatur,
Marengo CHSD 154,Marengo CHSD 154,Marengo,
Marengo Comm Middle School,Marengo Comm Middle School,Marengo,
Marengo High School,Marengo High School,Marengo,
Marengo-Union E Cons D 165,Marengo-Union E Cons D 165,Marengo,
Margaret Mead JHS,Margaret Mead JHS,Elk Grove Village,
Maria High School,Maria High School,Chicago,
Marian Catholic High School,Marian Catholic High School,Chicago Heights,
Marian Central Catholic H S,Marian Central Catholic H S,Woodstock,
MARIAN CENTRAL CATHOLIC HIGH SCHOOL,MARIAN CENTRAL CATHOLIC HIGH SCHOOL,WOODSTOCK,
Marie Murphy School,Marie Murphy School,Wilmette,
Marie Schaefer Elem School,Marie Schaefer Elem School,O Fallon,
Marie Wilkinson Child Dev Center,Marie Wilkinson Child Dev Center,Aurora,
Marine Elem School,Marine Elem School,Marine,
Marine Leadership Academy - Ames,Marine Leadership Academy - Ames,Chicago,
Marion Adventist School,Marion Adventist School,Marion,
Marion CUSD 2,Marion CUSD 2,Marion,
Marion H Blakely Christian Acad,Marion H Blakely Christian Acad,Richton Park,
Marion High School,Marion High School,Marion,
Marion Jordan Elem School,Marion Jordan Elem School,Palatine,
Marion Jr High School,Marion Jr High School,Marion,
Marion/Clinton/Wash Co CTES,Marion/Clinton/Wash Co CTES,Salem,
Marissa CUSD 40,Marissa CUSD 40,Marissa,
Marissa Elem School,Marissa Elem School,Marissa,
Marissa Jr & Sr High School,Marissa Jr & Sr High School,Marissa,
Marist High School,Marist High School,Chicago,
Mark DeLay School,Mark DeLay School,Darien,
Mark Denman Elementary School,Mark Denman Elementary School,Danville,
Mark Twain,Mark Twain,Alton,
Mark Twain Elem School,Mark Twain Elem School,Wheeling,
Mark Twain Elem School,Mark Twain Elem School,Niles,
Mark Twain Elem School,Mark Twain Elem School,Charleston,
Mark Twain Primary School,Mark Twain Primary School,Kankakee,
Mark W Bills Middle School,Mark W Bills Middle School,Peoria,
Markham Park Elem School,Markham Park Elem School,Markham,
Marklund,Marklund,Geneva,
Marklund Day School,Marklund Day School,Bloomingdale,
Marklund Day School-Elgin Campus,Marklund Day School-Elgin Campus,Elgin,
Marlowe Middle School,Marlowe Middle School,Lake in the Hills,
Marmion Academy,Marmion Academy,Aurora,
Maroa Forsyth CUSD 2,Maroa Forsyth CUSD 2,Forsyth,
Maroa-Forsyth Grade School,Maroa-Forsyth Grade School,Forsyth,
Maroa-Forsyth Middle School,Maroa-Forsyth Middle School,Maroa,
Maroa-Forsyth Senior High Sch,Maroa-Forsyth Senior High Sch,Maroa,
Marquardt Middle School,Marquardt Middle School,Glendale Heights,
Marquardt SD 15,Marquardt SD 15,Glendale Heights,
Marquette Academy Elementary Campus,Marquette Academy Elementary Campus,Ottawa,
Marquette Academy High School Campus,Marquette Academy High School Campus,Ottawa,
Marquette Catholic High School,Marquette Catholic High School,Alton,
Marquette Elem School,Marquette Elem School,Machesney Park,
Marquette Elem School,Marquette Elem School,Chicago,
Marquette Elem School,Marquette Elem School,Marquette Heights,
Marquette Manor Baptist Academy,Marquette Manor Baptist Academy,Downers Grove,
Marseilles Elementary School,Marseilles Elementary School,Marseilles,
Marseilles ESD 150,Marseilles ESD 150,Marseilles,
Marsh Elem School,Marsh Elem School,Chicago,
Marshall CUSD 2C,Marshall CUSD 2C,Marshall,
Marshall High School,Marshall High School,Marshall,
Marshall Jr High School,Marshall Jr High School,Marshall,
Marshall Metropolitan High School,Marshall Metropolitan High School,Chicago,
Martin Elementary School,Martin Elementary School,Lake in the Hills,
Martin L King Elem School,Martin L King Elem School,Dixmoor,
Martin P McKay Education Center,Martin P McKay Education Center,New Lenox,
Martinsville CUSD 3C,Martinsville CUSD 3C,Martinsville,
Martinsville Elem School,Martinsville Elem School,Martinsville,
Martinsville Jr-Sr High School,Martinsville Jr-Sr High School,Martinsville,
Mary Endres Elementary School,Mary Endres Elementary School,Woodstock,
Mary Kay McNeill Early Learning Center,Mary Kay McNeill Early Learning Center,Antioch,
Mary Lou Cowlishaw Elementary,Mary Lou Cowlishaw Elementary,Naperville,
Mary Miller Junior High School,Mary Miller Junior High School,Georgetown,
Mary Morgan Elem Sch,Mary Morgan Elem Sch,Byron,
Mary Sears Childrens Academy,Mary Sears Childrens Academy,Orland Park,
Mary Seat of Wisdom,Mary Seat of Wisdom,Park Ridge,
Mary W French Academy,Mary W French Academy,Decatur,
Marya Yates Elementary School,Marya Yates Elementary School,Matteson,
Marycrest Early Childhood Center,Marycrest Early Childhood Center,Joliet,
Mary-Grace Educational Center,Mary-Grace Educational Center,Dolton,
Marygrove Services,Marygrove Services,Florissant,
Maryville Academy,Maryville Academy,Des Plaines,
Maryville Christian School,Maryville Christian School,Maryville,
Maryville Elem School,Maryville Elem School,Granite City,
Maryville Elem School,Maryville Elem School,Maryville,
Maryville Jen,Maryville Jen,Des Plaines,
Maryville Jen - Invest,Maryville Jen - Invest,Des Plaines,
MAS Education Ctr Quran Blossoms,MAS Education Ctr Quran Blossoms,Orland Park,
Mascoutah CUD 19,Mascoutah CUD 19,Mascoutah,
Mascoutah Elem School,Mascoutah Elem School,Mascoutah,
Mascoutah High School,Mascoutah High School,Mascoutah,
Mascoutah Middle School,Mascoutah Middle School,Mascoutah,
Mason Elem School,Mason Elem School,Chicago,
Mason/Clark Middle Sch,Mason/Clark Middle Sch,East Saint Louis,
Mason/Tazewell/Woodford ROE,Mason/Tazewell/Woodford ROE,Pekin,
Masroor Academy,Masroor Academy,Glen Ellyn,
Massac County High School,Massac County High School,Metropolis,
Massac Jr High School,Massac Jr High School,Metropolis,
Massac UD 1,Massac UD 1,Metropolis,
Masters Academy,Masters Academy,Chicago,
Mater Dei High School,Mater Dei High School,Breese,
Maternity B V M School,Maternity B V M School,Chicago,
Matheny-Withrow Elem Sch,Matheny-Withrow Elem Sch,Springfield,
Mather High School,Mather High School,Chicago,
Matherville Intermediate School,Matherville Intermediate School,Matherville,
Matteson Elem School,Matteson Elem School,Matteson,
Matteson ESD 162,Matteson ESD 162,Richton Park,
Matthews Middle School,Matthews Middle School,Island Lake,
Mattoon CUSD 2,Mattoon CUSD 2,Mattoon,
Mattoon High School,Mattoon High School,Mattoon,
Mattoon Middle School,Mattoon Middle School,Mattoon,
Maud E Johnson Elem School,Maud E Johnson Elem School,Rockford,
May Elem School,May Elem School,Rochelle,
May Institute Inc,May Institute Inc,Randolph,
May Watts Elementary School,May Watts Elementary School,Naperville,
May Whitney Elem School,May Whitney Elem School,Lake Zurich,
Maya Angelou Elem Sch,Maya Angelou Elem Sch,Harvey,
Mayer Elem School,Mayer Elem School,Chicago,
Mayo Middle School,Mayo Middle School,Paris,
Mays Elem Academy,Mays Elem Academy,Chicago,
Maywood-Melrose Park-Broadview 89,Maywood-Melrose Park-Broadview 89,Melrose Park,
Mazon-Verona-Kinsman Elem School,Mazon-Verona-Kinsman Elem School,Mazon,
Mazon-Verona-Kinsman ESD 2C,Mazon-Verona-Kinsman ESD 2C,Mazon,
Mazon-Verona-Kinsman Middle Sch,Mazon-Verona-Kinsman Middle Sch,Mazon,
McAuliffe Elem School,McAuliffe Elem School,Chicago,
MCC Academy,MCC Academy,Morton Grove,
MCC Academy Campus 2,MCC Academy Campus 2,Skokie,
McCarty Elementary School,McCarty Elementary School,Aurora,
McCasland Temple Christian Acad,McCasland Temple Christian Acad,East Saint Louis,
McClean Co Detention Center,McClean Co Detention Center,Normal,
McCleery Elem School,McCleery Elem School,Aurora,
McClellan CCSD 12,McClellan CCSD 12,Mount Vernon,
McClellan Elem School,McClellan Elem School,Chicago,
McClellan Elementary School,McClellan Elementary School,Mount Vernon,
McClernand Elem School,McClernand Elem School,Springfield,
McClure Jr High School,McClure Jr High School,Western Springs,
McCormick Elem School,McCormick Elem School,Chicago,
McCutcheon Elem School,McCutcheon Elem School,Chicago,
McDade Elem Classical School,McDade Elem Classical School,Chicago,
McDowell Elem School,McDowell Elem School,Chicago,
McElvain School,McElvain School,Murphysboro,
McGaughey Elem School,McGaughey Elem School,Mount Zion,
McHenry East High School,McHenry East High School,McHenry,
McHenry CCSD 15,McHenry CCSD 15,McHenry,
McHenry CHSD 156,McHenry CHSD 156,McHenry,
McHenry Co Coop for Employ Educ,McHenry Co Coop for Employ Educ,Woodstock,
McHenry East High School,McHenry East High School,McHenry,
McHenry High School-West Campus,McHenry High School-West Campus,McHenry,
McHenry Middle School,McHenry Middle School,McHenry,
McHenry Montessori School,McHenry Montessori School,Mchenry,
McHenry ROE,McHenry ROE,Woodstock,
McIntosh Elementary,McIntosh Elementary,Rockford,
McKay Elem School,McKay Elem School,Chicago,
McKenzie Elem School,McKenzie Elem School,Wilmette,
McKinley Elem School,McKinley Elem School,Bellwood,
McKinley Elem School,McKinley Elem School,Cicero,
McKinley Elem School,McKinley Elem School,South Holland,
McKinley Elem School,McKinley Elem School,Elgin,
McKinley Elem School,McKinley Elem School,Ottawa,
McKinley Jr High School,McKinley Jr High School,South Holland,
McLean County USD 5,McLean County USD 5,Normal,
McLean Hospital Inc,McLean Hospital Inc,Belmont,
McLean/Dewitt Reg Voc System,McLean/Dewitt Reg Voc System,Bloomington,
McNair Elem School,McNair Elem School,Chicago,
McPherson Elem School,McPherson Elem School,Chicago,
Meade Park Elem School,Meade Park Elem School,Danville,
Meadow Glens Elementary School,Meadow Glens Elementary School,Naperville,
Meadow Lane School,Meadow Lane School,Merrionette Park,
Meadow Ridge School,Meadow Ridge School,Orland Park,
Meadow View Elementary School,Meadow View Elementary School,Plainfield,
Meadowbrook Elem School,Meadowbrook Elem School,Northbrook,
Meadowbrook Intermediate Sch,Meadowbrook Intermediate Sch,Moro,
Meadowdale Elem School,Meadowdale Elem School,Carpentersville,
Meadowview School,Meadowview School,Country Club Hills,
Meadowview Elem School,Meadowview Elem School,Woodridge,
Meadowview School,Meadowview School,Grayslake,
Meca Elementary School,Meca Elementary School,Bellwood,
Mechanics Grove Elem School,Mechanics Grove Elem School,Mundelein,
Medgar Evers Primary Academic Center,Medgar Evers Primary Academic Center,Ford Heights,
Medinah Intermediate School,Medinah Intermediate School,Medinah,
Medinah Middle School,Medinah Middle School,Roselle,
Medinah Primary School,Medinah Primary School,Medinah,
Medinah SD 11,Medinah SD 11,Roselle,
Medora Intermediate School,Medora Intermediate School,Medora,
Meehan Elementary School,Meehan Elementary School,Belvidere,
Meher Montessori Academy,Meher Montessori Academy,Naperville,
Melmark School,Melmark School,Berwyn,
Melmark School-Intensive,Melmark School-Intensive,Berwyn,
Melody Elem School,Melody Elem School,Chicago,
Melrose Park Elem School,Melrose Park Elem School,Melrose Park,
Melzer School,Melzer School,Morton Grove,
Memorial Elem School,Memorial Elem School,Taylorville,
Memorial Elem School,Memorial Elem School,Tinley Park,
Memorial Elementary School,Memorial Elementary School,Paris,
Memorial Jr High School,Memorial Jr High School,Lansing,
Menard/Sangamon ROE,Menard/Sangamon ROE,Springfield,
Mendota CCSD 289,Mendota CCSD 289,Mendota,
Mendota Twp High School,Mendota Twp High School,Mendota,
Mendota Twp HSD 280,Mendota Twp HSD 280,Mendota,
Menta Acad Chg South Intensive,Menta Acad Chg South Intensive,Chicago,
Menta Acad Chicago South,Menta Acad Chicago South,Chicago,
Menta Acad Chicago West,Menta Acad Chicago West,Chicago,
Menta Acad Chicago West-Intensive,Menta Acad Chicago West-Intensive,Chicago,
Menta Acad Cornerstone Taylorville,Menta Acad Cornerstone Taylorville,Taylorville,
Menta Academy Belleville,Menta Academy Belleville,Belleville,
Menta Academy Hillside,Menta Academy Hillside,Hillside,
Menta Academy Midway,Menta Academy Midway,Chicago,
Menta Academy Midway Intensive,Menta Academy Midway Intensive,Chicago,
Menta Academy North,Menta Academy North,Waukegan,
Menta Academy North Life Skills,Menta Academy North Life Skills,Waukegan,
Menta Academy Northwest,Menta Academy Northwest,Machesney Pk,
Menta Academy Northwest Life Skills,Menta Academy Northwest Life Skills,Machesney Pk,
Menta Academy Oak Park,Menta Academy Oak Park,Oak Park,
Menta Sports Academy,Menta Sports Academy,Chicago,
Menta Tech Academy,Menta Tech Academy,Hillside,
Mercer County High School,Mercer County High School,Aledo,
Mercer County Intermediate School,Mercer County Intermediate School,Aledo,
Mercer County Jr High School,Mercer County Jr High School,Joy,
Mercer County School District 404,Mercer County School District 404,Aledo,
Meredosia-Chambersburg CUSD 11,Meredosia-Chambersburg CUSD 11,Meredosia,
Meredosia-Chambersburg Elem Sch,Meredosia-Chambersburg Elem Sch,Meredosia,
Meredosia-Chambersburg High Sch,Meredosia-Chambersburg High Sch,Meredosia,
Meredosia-Chambersburg Jr High,Meredosia-Chambersburg Jr High,Meredosia,
Meridell Achievement Center,Meridell Achievement Center,Liberty Hill,
Meridian CUSD 101,Meridian CUSD 101,Mounds,
Meridian CUSD 15,Meridian CUSD 15,Macon,
Meridian CUSD 223,Meridian CUSD 223,Stillman Valley,
Meridian Elem School,Meridian Elem School,Blue Mound,
Meridian Elementary School,Meridian Elementary School,Mounds,
Meridian High School,Meridian High School,Mounds,
Meridian High School,Meridian High School,Macon,
Meridian Jr High School,Meridian Jr High School,Stillman Valley,
Meridian Middle School,Meridian Middle School,Macon,
Meridian School,Meridian School,Buffalo Grove,
Merrill Elem School,Merrill Elem School,Rock Falls,
Mesivta Shaarei Adirim,Mesivta Shaarei Adirim,Skokie,
Metamora CCSD 1,Metamora CCSD 1,Metamora,
Metamora Grade School,Metamora Grade School,Metamora,
Metamora High School,Metamora High School,Metamora,
Metamorphosis School,Metamorphosis School,Monticello,
Metcalfe Elem Community Academy,Metcalfe Elem Community Academy,Chicago,
Metea Valley High School,Metea Valley High School,Aurora,
Methodist Family CCC & Kindergarten,Methodist Family CCC & Kindergarten,Peoria,
Metro East Montessori School,Metro East Montessori School,Granite City,
Metro-East Lutheran High School,Metro-East Lutheran High School,Edwardsville,
Metropolis Elem School,Metropolis Elem School,Metropolis,
Metropolitan Prep Grade Sch- Ext,Metropolitan Prep Grade Sch- Ext,Arlington Heights,
Metropolitan Prep Grade School,Metropolitan Prep Grade School,Arlington Heights,
Metropolitan Prep Grade School - INT,Metropolitan Prep Grade School - INT,Arlington Hts,
Metropolitan Prep High School,Metropolitan Prep High School,Arlington Heights,
Metropolitan Prep High School - INT,Metropolitan Prep High School - INT,Arlington Hts,
Metropolitan Prep HS-Ext,Metropolitan Prep HS-Ext,Arlington Heights,
Metropolitan Preparatory Schools,Metropolitan Preparatory Schools,Arlington Heights,
Mi Sol Montessori Pre-Sch,Mi Sol Montessori Pre-Sch,Orland Park,
Michael Collins Elem School,Michael Collins Elem School,Schaumburg,
Michael E Baum Elem School,Michael E Baum Elem School,Decatur,
Michelle Obama Sch of Technology and the Arts,Michelle Obama Sch of Technology and the Arts,Park Forest,
Mid-America Preparatory School,Mid-America Preparatory School,Herrick,
Middle Fork School,Middle Fork School,Danville,
Middlefork Primary School,Middlefork Primary School,Northfield,
Middlefork School RSSP,Middlefork School RSSP,Danville,
Middletown Prairie Elementary,Middletown Prairie Elementary,Mahomet,
Midland CUSD 7,Midland CUSD 7,Sparland,
Midland Elementary School,Midland Elementary School,Lacon,
Midland High School,Midland High School,Varna,
Midland Middle School,Midland Middle School,Sparland,
Midlothian SD 143,Midlothian SD 143,Midlothian,
Midstate Cornerstone Academy,Midstate Cornerstone Academy,Nokomis,
Midstate Cornerstone Academy-Int,Midstate Cornerstone Academy-Int,Nokomis,
Mid-State Spec Educ Jnt Agr,Mid-State Spec Educ Jnt Agr,Morrisonville,
Mid-Valley Satellite Classes,Mid-Valley Satellite Classes,St Charles,
Mid-Valley Special Ed Coop,Mid-Valley Special Ed Coop,St Charles,
Mid-Valley Transition Program,Mid-Valley Transition Program,St Charles,
Midway School,Midway School,Moro,
Midwest Center Christian Acad,Midwest Center Christian Acad,La Salle,
Midwest Central CUSD 191,Midwest Central CUSD 191,Manito,
Midwest Central High School,Midwest Central High School,Manito,
Midwest Central Middle School,Midwest Central Middle School,Green Valley,
Midwest Central Primary School,Midwest Central Primary School,Manito,
Midwest Christian Montessori Academy,Midwest Christian Montessori Academy,Bolingbrook,
Midwest Montessori School,Midwest Montessori School,Evanston,
Midwestern Christian Academy,Midwestern Christian Academy,Chicago,
Miguel Juarez Middle School,Miguel Juarez Middle School,Waukegan,
Milestone Inc,Milestone Inc,Loves Park,
Milford Area Public Schools District 124,Milford Area Public Schools District 124,Milford,
Milford Grade School East Campus,Milford Grade School East Campus,Sheldon,
Milford Grade School West Campus,Milford Grade School West Campus,Milford,
Milford High School Campus,Milford High School Campus,Milford,
Mill Creek School,Mill Creek School,Geneva,
Mill Street Elem School,Mill Street Elem School,Naperville,
Millbrook Junior High School,Millbrook Junior High School,Newark,
Millburn CCSD 24,Millburn CCSD 24,Old Mill Creek,
Millburn Elem School,Millburn Elem School,Old Mill Creek,
Millburn Middle School,Millburn Middle School,Lindenhurst,
Milledgeville Elem School,Milledgeville Elem School,Milledgeville,
Milledgeville High School,Milledgeville High School,Milledgeville,
Millennium Elem School,Millennium Elem School,Tinley Park,
Miller Twp CCSD 210,Miller Twp CCSD 210,Marseilles,
Milligan Academy Rssp,Milligan Academy Rssp,Decatur,
Millikin Elem School,Millikin Elem School,Geneseo,
Millstadt CCSD 160,Millstadt CCSD 160,Millstadt,
Millstadt Consolidated School,Millstadt Consolidated School,Millstadt,
Millstadt Primary Center,Millstadt Primary Center,Millstadt,
Milne Grove Elem School,Milne Grove Elem School,Lockport,
Milton Pope Elem School,Milton Pope Elem School,Marseilles,
Milwaukee Academy,Milwaukee Academy,Milwaukee,
Mind Shapers Christian Academy,Mind Shapers Christian Academy,Chicago,
Miner School,Miner School,Arlington Heights,
Mingus Mountain Academy,Mingus Mountain Academy,Prescott Valley,
Minooka CCSD 201,Minooka CCSD 201,Minooka,
Minooka CHSD 111,Minooka CHSD 111,Channahon,
Minooka Community High School,Minooka Community High School,Minooka,
Minooka Elem School,Minooka Elem School,Minooka,
Minooka Intermediate School,Minooka Intermediate School,Minooka,
Minooka Jr High School,Minooka Jr High School,Minooka,
Minooka Primary Center,Minooka Primary Center,Minooka,
Mireles Elem Academy,Mireles Elem Academy,Chicago,
Misericordia School,Misericordia School,Chicago,
Mississippi Valley Christian Sch,Mississippi Valley Christian Sch,Alton,
Mitchell Elem School,Mitchell Elem School,Chicago,
Mitchell Elementary School,Mitchell Elementary School,Granite City,
MLK A R T Program,MLK A R T Program,Rock Island,
Mohawk Primary Center,Mohawk Primary Center,Park Forest,
Mokena Elem School,Mokena Elem School,Mokena,
Mokena Intermediate School,Mokena Intermediate School,Mokena,
Mokena Jr High School,Mokena Jr High School,Mokena,
Mokena SD 159,Mokena SD 159,Mokena,
Moline High Sch at Coolidge Campus,Moline High Sch at Coolidge Campus,Moline,
Moline HS at Coolidge Campus,Moline HS at Coolidge Campus,Moline,
Moline Sr High School,Moline Sr High School,Moline,
Moline-Coal Valley CUSD 40,Moline-Coal Valley CUSD 40,Moline,
Mollison Elem School,Mollison Elem School,Chicago,
Momence CUSD 1,Momence CUSD 1,Momence,
Momence High School,Momence High School,Momence,
Momence Jr High School,Momence Jr High School,Momence,
Monee Education Center,Monee Education Center,Monee,
Monee Elementary School,Monee Elementary School,Monee,
Monmouth-Roseville CUSD 238,Monmouth-Roseville CUSD 238,Monmouth,
Monmouth-Roseville High Sch,Monmouth-Roseville High Sch,Monmouth,
Monmouth-Roseville Jr High Sch,Monmouth-Roseville Jr High Sch,Roseville,
Monroe Center Grade School,Monroe Center Grade School,Monroe Center,
Monroe Elem School,Monroe Elem School,Casey,
Monroe Elem School,Monroe Elem School,Chicago,
Monroe Elem School,Monroe Elem School,Hinsdale,
Monroe Elem School,Monroe Elem School,Bartonville,
Monroe Middle School,Monroe Middle School,Wheaton,
Monroe SD 70,Monroe SD 70,Bartonville,
Monroe/Randolph Red Brick Sch,Monroe/Randolph Red Brick Sch,Red Bud,
Monroe/Randolph ROE,Monroe/Randolph ROE,Waterloo,
Montessori Academy,Montessori Academy,Batavia,
Montessori Academy of Glen Ellen,Montessori Academy of Glen Ellen,Glen Ellyn,
Montessori Academy of Illinois Ltd,Montessori Academy of Illinois Ltd,Niles,
Montessori Academy of North Hoffman,Montessori Academy of North Hoffman,Hoffman Estates,
Montessori and Music Center,Montessori and Music Center,Mundelein,
Montessori Childrens Academy,Montessori Childrens Academy,Villa Park,
Montessori Childrens Community,Montessori Childrens Community,Brookfield,
Montessori Childrens Garden,Montessori Childrens Garden,Aurora,
Montessori Childrens House,Montessori Childrens House,N Barrington,
Montessori Childrens House,Montessori Childrens House,Godfrey,
Montessori Childrens House,Montessori Childrens House,Springfield,
Montessori Childrens House of Sycamore & Dekalb,Montessori Childrens House of Sycamore & Dekalb,Sycamore,
Montessori Connect East,Montessori Connect East,Highland Park,
Montessori Connection,Montessori Connection,Highland Park,
Montessori Elem School Southwest,Montessori Elem School Southwest,Lemont,
Montessori Elementary School,Montessori Elementary School,Rockford,
Montessori for Modern Minds,Montessori for Modern Minds,Willowbrook,
Montessori Foundations of Chicago,Montessori Foundations of Chicago,Chicago,
Montessori Language Academy,Montessori Language Academy,Forest Park,
Montessori Learning Center Inc,Montessori Learning Center Inc,Arlington Heights,
Montessori Learning Path,Montessori Learning Path,Rockford,
Montessori Moppet Centre Inc,Montessori Moppet Centre Inc,Naperville,
Montessori of Englewood Chtr ES,Montessori of Englewood Chtr ES,Chicago,
Montessori of Frankfort,Montessori of Frankfort,Frankfort,
Montessori of Plainfield,Montessori of Plainfield,Plainfield,
Montessori of Woodridge Inc,Montessori of Woodridge Inc,Woodridge,
Montessori Pathways,Montessori Pathways,Crystal Lake,
Montessori Pebbles,Montessori Pebbles,Darien,
Montessori Private Academy Inc,Montessori Private Academy Inc,Rockford,
Montessori Sch Champaign-Urbana,Montessori Sch Champaign-Urbana,Savoy,
Montessori Sch of Lake Forest,Montessori Sch of Lake Forest,Lake Forest,
Montessori Sch of Long Grove,Montessori Sch of Long Grove,Long Grove,
Montessori Sch of Western Springs,Montessori Sch of Western Springs,Western Springs,
Montessori School,Montessori School,Belleville,
Montessori School House of Spfld,Montessori School House of Spfld,Springfield,
Montessori School of Lisle,Montessori School of Lisle,Naperville,
Montessori School of Peoria,Montessori School of Peoria,Peoria Hts,
Montessori World of Discovery,Montessori World of Discovery,Buffalo Grove,
Monticello Christian Academy,Monticello Christian Academy,Monticello,
Monticello CUSD 25,Monticello CUSD 25,Monticello,
Monticello High School,Monticello High School,Monticello,
Monticello Middle School,Monticello Middle School,Monticello,
Montini Catholic High School,Montini Catholic High School,Lombard,
Montini Catholic School,Montini Catholic School,McHenry,
Montmorency CCSD #145,Montmorency CCSD #145,Rock Falls,
Montmorency CCSD 145,Montmorency CCSD 145,Rock Falls,
Moog Center for Deaf Education,Moog Center for Deaf Education,Saint Louis,
Moos Elem School,Moos Elem School,Chicago,
Mooseheart Child City and Sch Inc,Mooseheart Child City and Sch Inc,Mooseheart,
Moraine Area Career System,Moraine Area Career System,Oak Lawn,
Morgan Park Academy,Morgan Park Academy,Chicago,
Morgan Park High School,Morgan Park High School,Chicago,
Morgan Street Learning Academy,Morgan Street Learning Academy,Chicago,
Morningside Montessori Academy,Morningside Montessori Academy,Oak Park,
Morrill Elem Math & Sci School,Morrill Elem Math & Sci School,Chicago,
Morris CHSD 101,Morris CHSD 101,Morris,
Morris Community High School,Morris Community High School,Morris,
Morris SD 54,Morris SD 54,Morris,
Morrison Alt Learning Program,Morrison Alt Learning Program,Morrison,
Morrison CUSD 6,Morrison CUSD 6,Morrison,
Morrison High School,Morrison High School,Morrison,
Morrison Jr High School,Morrison Jr High School,Morrison,
Morrisonville CUSD 1,Morrisonville CUSD 1,Morrisonville,
Morrisonville Elem School,Morrisonville Elem School,Morrisonville,
Morrisonville High School,Morrisonville High School,Morrisonville,
Morrisonville Jr High School,Morrisonville Jr High School,Morrisonville,
Morton Academy,Morton Academy,Morton,
Morton Alternative Schools,Morton Alternative Schools,Cicero,
Morton CUSD 709,Morton CUSD 709,Morton,
Morton Elem Career Academy,Morton Elem Career Academy,Chicago,
Morton Gingerwood Elem School,Morton Gingerwood Elem School,Oak Forest,
Morton Grove SD 70,Morton Grove SD 70,Morton Grove,
Morton High School,Morton High School,Morton,
Morton Jr High School,Morton Jr High School,Morton,
Morton Regional Del Sys,Morton Regional Del Sys,Berwyn,
Mosaic Early Childhood Academy,Mosaic Early Childhood Academy,Chicago,
Mosaic Early Childhood Ctr Inc,Mosaic Early Childhood Ctr Inc,Skokie,
Mosaic Montessori Academy,Mosaic Montessori Academy,River Forest,
Mossville Elementary School,Mossville Elementary School,Mossville,
Mossville Jr High,Mossville Jr High,Mossville,
Most Blessed Trinity Academy,Most Blessed Trinity Academy,Waukegan,
Most Holy Redeemer School,Most Holy Redeemer School,Evergreen Park,
Mother Mcauley Liberal Arts H S,Mother Mcauley Liberal Arts H S,Chicago,
Mother Mcauley High School,Mother Mcauley High School,Chicago,
MOTHER MCAULEY LIBERAL ARTS HIGH SCHOOL,MOTHER MCAULEY LIBERAL ARTS HIGH SCHOOL,CHICAGO,
Mother Teresa Catholic Academy,Mother Teresa Catholic Academy,Crete,
Moulton Elementary School,Moulton Elementary School,Shelbyville,
Mount Carmel Academy,Mount Carmel Academy,Chicago,
Mount Carmel High School,Mount Carmel High School,Mount Carmel,
MOUNT CARMEL HIGH SCHOOL,MOUNT CARMEL HIGH SCHOOL,CHICAGO,
Mount Ebenezer,Mount Ebenezer,Chicago,
Mount Erie Elem School,Mount Erie Elem School,Mount Erie,
Mount Greenwood Elem School,Mount Greenwood Elem School,Chicago,
Mount of Transformation Christian Sch,Mount of Transformation Christian Sch,Chicago,
Mount Olive CUSD 5,Mount Olive CUSD 5,Mount Olive,
Mount Prospect SD 57,Mount Prospect SD 57,Mt Prospect,
Mount Pulaski Elem School,Mount Pulaski Elem School,Mount Pulaski,
Mount Pulaski High School,Mount Pulaski High School,Mount Pulaski,
Mount Vernon Elem School,Mount Vernon Elem School,Chicago,
Mount Vernon High School,Mount Vernon High School,Mount Vernon,
Mount Vernon SD 80,Mount Vernon SD 80,Mount Vernon,
Moving Everest Charter School,Moving Everest Charter School,Chicago,
Mozart Elem School,Mozart Elem School,Chicago,
Mt Carmel Elementary School,Mt Carmel Elementary School,Mount Carmel,
Mt Carmel Grade School,Mt Carmel Grade School,Mount Carmel,
Mt Carmel High School,Mt Carmel High School,Chicago,
Mt Carmel Junior High School,Mt Carmel Junior High School,Mount Carmel,
Mt Olive Elementary School,Mt Olive Elementary School,Mount Olive,
Mt Olive High School,Mt Olive High School,Mount Olive,
Mt Pulaski CUSD 23,Mt Pulaski CUSD 23,Mount Pulaski,
Mt Sinai Learning Academy,Mt Sinai Learning Academy,Rockford,
Mt Vernon Alternative School,Mt Vernon Alternative School,Mount Vernon,
Mt Vernon Area Voc Center,Mt Vernon Area Voc Center,Mount Vernon,
Mt Vernon Christian School,Mt Vernon Christian School,Mount Vernon,
Mt Vernon Twp HSD 201,Mt Vernon Twp HSD 201,Mount Vernon,
Mt Zion CUSD 3,Mt Zion CUSD 3,Mt Zion,
Mt Zion Elem School,Mt Zion Elem School,Mount Zion,
Mt Zion High School,Mt Zion High School,Mount Zion,
Mt Zion Intermediate School,Mt Zion Intermediate School,Mount Zion,
Mt Zion Jr High School,Mt Zion Jr High School,Mount Zion,
Muffley Elem School,Muffley Elem School,Decatur,
Muhammad University,Muhammad University,Chicago,
Mulberry Grove CUSD 1,Mulberry Grove CUSD 1,Mulberry Grove,
Mulberry Grove Elem School,Mulberry Grove Elem School,Mulberry Grove,
Mulberry Grove Jr High School,Mulberry Grove Jr High School,Mulberry Grove,
Mulberry Grove Sr High School,Mulberry Grove Sr High School,Mulberry Grove,
Mulberry School,Mulberry School,Normal,
Multi Needs Program,Multi Needs Program,Lisle,
Multicultural Acad of Scholarshp HS,Multicultural Acad of Scholarshp HS,Chicago,
Multicultural Acad Scholarshp HS,Multicultural Acad Scholarshp HS,Chicago,
Mundelein Cons High School,Mundelein Cons High School,Mundelein,
Mundelein Cons HSD 120,Mundelein Cons HSD 120,Mundelein,
Mundelein ESD 75,Mundelein ESD 75,Mundelein,
Mundelein Montessori School,Mundelein Montessori School,Mundelein,
Munhall Elem School,Munhall Elem School,Saint Charles,
Murphy Elem School,Murphy Elem School,Chicago,
Murphy Junior High School,Murphy Junior High School,Plainfield,
Murphysboro Christian Academy,Murphysboro Christian Academy,Murphysboro,
Murphysboro CUSD 186,Murphysboro CUSD 186,Murphysboro,
Murphysboro High School,Murphysboro High School,Murphysboro,
Murphysboro Middle School,Murphysboro Middle School,Murphysboro,
Murray Elem Language Academy,Murray Elem Language Academy,Chicago,
Murrayville-Woodson Elem School,Murrayville-Woodson Elem School,Murrayville,
N B Galloway Elem School,N B Galloway Elem School,Channahon,
N O Nelson Elem School,N O Nelson Elem School,Edwardsville,
N Pekin & Marquette Hght SD 102,N Pekin & Marquette Hght SD 102,Marquette Heights,
Namaste Elem Charter School,Namaste Elem Charter School,Chicago,
Nancy Young Elementary School,Nancy Young Elementary School,Aurora,
Naper Elem School,Naper Elem School,Naperville,
Naperville Central High School,Naperville Central High School,Naperville,
Naperville Christian Academy,Naperville Christian Academy,Naperville,
Naperville CUSD 203,Naperville CUSD 203,Naperville,
Naperville Montessori School,Naperville Montessori School,Naperville,
Naperville North High School,Naperville North High School,Naperville,
Nash Elem School,Nash Elem School,Chicago,
Nashville CCSD 49,Nashville CCSD 49,Nashville,
Nashville CHSD 99,Nashville CHSD 99,Nashville,
Nashville Comm High School,Nashville Comm High School,Nashville,
Nashville Grade School,Nashville Grade School,Nashville,
Nathan Hale Elem School,Nathan Hale Elem School,Schaumburg,
Nathan Hale Elem School,Nathan Hale Elem School,Lansing,
Nathan Hale Intermediate,Nathan Hale Intermediate,Crestwood,
Nathan Hale Middle School,Nathan Hale Middle School,Crestwood,
Nathan Hale Primary School,Nathan Hale Primary School,Crestwood,
Nathaniel Hawthorne Early Childhood Sch,Nathaniel Hawthorne Early Childhood Sch,Wheeling,
National Teachers Elem Academy,National Teachers Elem Academy,Chicago,
Nativity B V M,Nativity B V M,East Dubuque,
Natl Deaf Academy/Preparatory Sch,Natl Deaf Academy/Preparatory Sch,Mt Dora,
Nature Ridge Elem School,Nature Ridge Elem School,Bartlett,
Nauvoo Elem School,Nauvoo Elem School,Nauvoo,
Nauvoo-Colusa CUSD 325,Nauvoo-Colusa CUSD 325,Nauvoo,
Navajo Heights Elem School,Navajo Heights Elem School,Palos Heights,
Nazareth Academy,Nazareth Academy,La Grange Park,
Neal Math Science Academy,Neal Math Science Academy,North Chicago,
Near North Montessori School,Near North Montessori School,Chicago,
Neil Armstrong Elem School,Neil Armstrong Elem School,Hoffman Estates,
Neil Armstrong Elem School,Neil Armstrong Elem School,Richton Park,
Neil Elem School,Neil Elem School,Chicago,
Nelson Prairie School,Nelson Prairie School,New Lenox,
Nelson Ridge School,Nelson Ridge School,New Lenox,
Neoga CUSD 3,Neoga CUSD 3,Neoga,
Neoga Early Childhood Center,Neoga Early Childhood Center,Neoga,
Neoga Elementary School,Neoga Elementary School,Neoga,
Neoga Jr/Sr High School,Neoga Jr/Sr High School,Neoga,
Neponset Grade School,Neponset Grade School,Neponset,
Nettelhorst Elem School,Nettelhorst Elem School,Chicago,
Nettie Davis Elem School,Nettie Davis Elem School,Watseka,
Nettle Creek CCSD 24C,Nettle Creek CCSD 24C,Morris,
Nettle Creek Elem School,Nettle Creek Elem School,Morris,
Neuqua Valley High School,Neuqua Valley High School,Naperville,
Neuro Institute of Austin,Neuro Institute of Austin,Austin,
Neuro-Restorative,Neuro-Restorative,Carbondale,
NeuroRestorative Acad Chgo INT,NeuroRestorative Acad Chgo INT,Mt Prospect,
NeuroRestorative Acad Chicagoland,NeuroRestorative Acad Chicagoland,Mt Prospect,
NeuroRestorative Birch House,NeuroRestorative Birch House,Carbondale,
NeuroRestorative Birkshire House,NeuroRestorative Birkshire House,Des Plaines,
NeuroRestorative Bridge House,NeuroRestorative Bridge House,Carbondale,
NeuroRestorative Carbondale Acad,NeuroRestorative Carbondale Acad,Carbondale,
NeuroRestorative Cypress house,NeuroRestorative Cypress house,Carbondale,
NeuroRestorative Deer House,NeuroRestorative Deer House,Palatine,
NeuroRestorative H H Int 16hr,NeuroRestorative H H Int 16hr,Palatine,
NeuroRestorative H.H. Int 24hr,NeuroRestorative H.H. Int 24hr,Palatine,
NeuroRestorative Helen House,NeuroRestorative Helen House,Palatine,
NeuroRestorative Mount Prospect House,NeuroRestorative Mount Prospect House,Mt Prospect,
NeuroRestorative Willow House,NeuroRestorative Willow House,Carbondale,
NeuroRestorative Woodlake House,NeuroRestorative Woodlake House,Carbondale,
New Approach Alternative High Sch,New Approach Alternative High Sch,Vandalia,
New Athens CUSD 60,New Athens CUSD 60,New Athens,
New Athens Elem,New Athens Elem,New Athens,
New Athens High School,New Athens High School,New Athens,
New Athens Jr High,New Athens Jr High,New Athens,
New Baden Elementary School,New Baden Elementary School,New Baden,
New Beginnings Academy,New Beginnings Academy,Hazel Crest,
New Beginnings Learning Academy,New Beginnings Learning Academy,South Holland,
New Beginnings Regional Safe Schools Program,New Beginnings Regional Safe Schools Program,Elgin,
New Berlin CUSD 16,New Berlin CUSD 16,New Berlin,
New Berlin Elementary School,New Berlin Elementary School,New Berlin,
New Berlin High School,New Berlin High School,New Berlin,
New Berlin Jr High School,New Berlin Jr High School,New Berlin,
New Birth Training Institute,New Birth Training Institute,Chicago,
New Boston Elem School,New Boston Elem School,New Boston,
New Central Elem School,New Central Elem School,Havana,
New Connections - Ext Day,New Connections - Ext Day,Palatine,
New Connections Academy,New Connections Academy,Palatine,
New Connections Academy East,New Connections Academy East,Lake Forest,
New Connections Academy Inc,New Connections Academy Inc,Palatine,
New Covenant Christian Academy,New Covenant Christian Academy,Phoenix,
New Day Montessori,New Day Montessori,Naperville,
New Direction College Preparatory,New Direction College Preparatory,Chicago,
New Directions - Geneva,New Directions - Geneva,Geneva,
New Directions Program,New Directions Program,St Charles,
New England Center for Children,New England Center for Children,Southborough,
New Enterprise Academy,New Enterprise Academy,O Fallon,
New Field Elem School,New Field Elem School,Chicago,
New Haven Residential Treatment,New Haven Residential Treatment,Spanish Fork,
New Haven RTC Parks House,New Haven RTC Parks House,Saratoga Springs,
New Hebron Christian School,New Hebron Christian School,Robinson,
New Holland-Middletown ED 88,New Holland-Middletown ED 88,Middletown,
New Holland-Middletown Elem Sch,New Holland-Middletown Elem Sch,Middletown,
New Hope CCSD 6,New Hope CCSD 6,Fairfield,
New Hope Christian Acacdemy,New Hope Christian Acacdemy,Pekin,
New Hope Christian Academy of Southern Illinois,New Hope Christian Academy of Southern Illinois,Harrisburg,
New Hope Elem School,New Hope Elem School,Fairfield,
New Hope Lutheran School,New Hope Lutheran School,Chicago,
New Horizon Center,New Horizon Center,Chicago,
New Horizon Center for the DD,New Horizon Center for the DD,Chicago,
New Horizon Center-Intensive,New Horizon Center-Intensive,Chicago,
New Horizon Christian School,New Horizon Christian School,Centralia,
New Horizons,New Horizons,Lewistown,
New Jerusalem Scholars Acad,New Jerusalem Scholars Acad,Chicago,
New Lenox SD 122,New Lenox SD 122,New Lenox,
New Life Academy,New Life Academy,Chicago,
New Life C C Academy,New Life C C Academy,Dolton,
New Life Christian Academy,New Life Christian Academy,Peoria,
New Life Community Zone Sch,New Life Community Zone Sch,Chicago,
New Simpson Hill Dist 32,New Simpson Hill Dist 32,Tunnel Hill,
New Simpson Hill SD 32,New Simpson Hill SD 32,Tunnel Hill,
New Tech High - Zion-Benton East,New Tech High - Zion-Benton East,Zion,
New Trier Township H S Northfield,New Trier Township H S Northfield,Northfield,
New Trier Township H S Winnetka,New Trier Township H S Winnetka,Winnetka,
New Trier Twp HSD 203,New Trier Twp HSD 203,Northfield,
New Vision Christian Academy,New Vision Christian Academy,Alton,
Newark CCSD 66,Newark CCSD 66,Newark,
Newark CHSD 18,Newark CHSD 18,Newark,
Newark Comm High School,Newark Comm High School,Newark,
Newark Elem School,Newark Elem School,Newark,
Newberry Elem Math & Science Acad,Newberry Elem Math & Science Acad,Chicago,
Newcomer Center,Newcomer Center,Arlington Heights,
NewHope Acad East Campus,NewHope Acad East Campus,Glen View,
NewHope Academy,NewHope Academy,Arlington Heights,
Newman Central Catholic High Sch,Newman Central Catholic High Sch,Sterling,
NEWMAN CENTRAL CATHOLIC HIGH SCHOOL,NEWMAN CENTRAL CATHOLIC HIGH SCHOOL,STERLING,
Newport Elem School,Newport Elem School,Wadsworth,
Newton Comm High School,Newton Comm High School,Newton,
Newton Elem School,Newton Elem School,Newton,
Next Generation,Next Generation,Champaign,
Nexus- Indian Oaks Academy Int,Nexus- Indian Oaks Academy Int,Manteno,
Nexus Trtmt,Nexus Trtmt,Plymouth,
Nexus-Indian Oaks Academy,Nexus-Indian Oaks Academy,Manteno,
NIA D/HH HS Prgrm,NIA D/HH HS Prgrm,Hampshire,
NIA-D/HH MS Prgrm,NIA-D/HH MS Prgrm,Algonquin,
NIA-D/HH PK-Elem Prgrm,NIA-D/HH PK-Elem Prgrm,Algonquin,
Nicholas A Hermes Elem School,Nicholas A Hermes Elem School,Aurora,
Nichols Middle School,Nichols Middle School,Evanston,
Nicholson Elem School,Nicholson Elem School,Montgomery,
Nicholson Technology Acad Elem Sch,Nicholson Technology Acad Elem Sch,Chicago,
Nielson Elementary School,Nielson Elementary School,Galesburg,
Nightingale Elem School,Nightingale Elem School,Chicago,
Niles Central,Niles Central,Skokie,
Niles ESD 71,Niles ESD 71,Niles,
Niles North High School,Niles North High School,Skokie,
Niles Twp District for Spec Educ,Niles Twp District for Spec Educ,Morton Grove,
Niles Twp HSD 219,Niles Twp HSD 219,Skokie,
Niles West High School,Niles West High School,Skokie,
Ninos Heroes Elem Academic Ctr,Ninos Heroes Elem Academic Ctr,Chicago,
Nippersink Middle School,Nippersink Middle School,Richmond,
Nippersink SD 2,Nippersink SD 2,Richmond,
Nixon Elem School,Nixon Elem School,Chicago,
No Adults Left Behind High School,No Adults Left Behind High School,Chicago,
Nob Hill Elem School,Nob Hill Elem School,Country Club Hills,
Nobel Elem School,Nobel Elem School,Chicago,
Noble St Chtr - Mansueto,Noble St Chtr - Mansueto,Chicago,
Noble St Chtr Rauner College Prep,Noble St Chtr Rauner College Prep,Chicago,
Noble St Chtr-Baker Campus,Noble St Chtr-Baker Campus,Chicago,
Noble St Chtr-Butler - Crimson,Noble St Chtr-Butler - Crimson,Chicago,
Noble St Chtr-Butler College Prep - Crimson,Noble St Chtr-Butler College Prep - Crimson,Chicago,
Noble St Chtr-Chicago Bulls Prep,Noble St Chtr-Chicago Bulls Prep,Chicago,
Noble St Chtr-Comer College Prep,Noble St Chtr-Comer College Prep,Chicago,
Noble St Chtr-DRW Trading Col,Noble St Chtr-DRW Trading Col,Chicago,
Noble St Chtr-DRW Trading College Prep,Noble St Chtr-DRW Trading College Prep,Chicago,
Noble St Chtr-Golder College Prep,Noble St Chtr-Golder College Prep,Chicago,
Noble St Chtr-Hansberry College Prep - Silver,Noble St Chtr-Hansberry College Prep - Silver,Chicago,
Noble St Chtr-Hansberry Prep Slvr,Noble St Chtr-Hansberry Prep Slvr,Chicago,
Noble St Chtr-ITW Speer Acad,Noble St Chtr-ITW Speer Acad,Chicago,
Noble St Chtr-Johnson Colg Prep,Noble St Chtr-Johnson Colg Prep,Chicago,
Noble St Chtr-Johnson College Prep,Noble St Chtr-Johnson College Prep,Chicago,
Noble St Chtr-Muchin College Prep,Noble St Chtr-Muchin College Prep,Chicago,
Noble St Chtr-Noble Campus,Noble St Chtr-Noble Campus,Chicago,
Noble St Chtr-Pritzker Col Prep,Noble St Chtr-Pritzker Col Prep,Chicago,
Noble St Chtr-Pritzker College Prep,Noble St Chtr-Pritzker College Prep,Chicago,
Noble St Chtr-Rowe-Clark MS Acad,Noble St Chtr-Rowe-Clark MS Acad,Chicago,
Noble St Chtr-The Noble Academy,Noble St Chtr-The Noble Academy,Chicago,
Noble St Chtr-UIC College Prep,Noble St Chtr-UIC College Prep,Chicago,
Noble Street College Prep,Noble Street College Prep,Chicago,
Noel Levasseur Elem School,Noel Levasseur Elem School,Bourbonnais,
Nokomis CUSD 22,Nokomis CUSD 22,Nokomis,
Nokomis Jr/Sr High Sch,Nokomis Jr/Sr High Sch,Nokomis,
Noonan Elementary Academy,Noonan Elementary Academy,Mokena,
Noor Elementary Academy,Noor Elementary Academy,Bridgeview,
Normal Community High School,Normal Community High School,Normal,
Normal Community West High School,Normal Community West High School,Normal,
Norman C Sleezer Youth Home,Norman C Sleezer Youth Home,Freeport,
Normative Services Academy,Normative Services Academy,Sheridan,
Normative Services Academy-270,Normative Services Academy-270,Sheridan,
Norridge SD 80,Norridge SD 80,Norridge,
Norris City Annex,Norris City Annex,Norris City,
Norris City-Omaha Elem School,Norris City-Omaha Elem School,Norris City,
Norris City-Omaha-Enfield CUSD 3,Norris City-Omaha-Enfield CUSD 3,Norris City,
Norris City-Omaha-Enfield H S,Norris City-Omaha-Enfield H S,Norris City,
North Barrington Elem School,North Barrington Elem School,North Barrington,
North Boone CUSD 200,North Boone CUSD 200,Poplar Grove,
North Boone High School,North Boone High School,Poplar Grove,
North Boone Middle School,North Boone Middle School,Poplar Grove,
North Boone Upper Elem Sch,North Boone Upper Elem Sch,Poplar Grove,
North Campus,North Campus,Palatine,
North Campus of Pope St John Paul II Catholic Academy,North Campus of Pope St John Paul II Catholic Academy,Aurora,
North Chicago Community High Sch,North Chicago Community High Sch,North Chicago,
North Chicago SD 187,North Chicago SD 187,North Chicago,
North Clay Community High School,North Clay Community High School,Louisville,
North Clay CUSD 25,North Clay CUSD 25,Louisville,
North Clay Elem/Jr High Sch,North Clay Elem/Jr High Sch,Louisville,
North Cook Young Adult Academy,North Cook Young Adult Academy,Des Plaines,
North DuPage Sp Ed Cooperative,North DuPage Sp Ed Cooperative,Roselle,
North Elem School,North Elem School,Taylorville,
North Elem School,North Elem School,Nokomis,
North Elem School,North Elem School,Franklin Park,
North Elem School,North Elem School,Marshall,
North Elem School,North Elem School,Villa Park,
North Elem School,North Elem School,Waukegan,
North Elem School,North Elem School,Crystal Lake,
North Elementary School,North Elementary School,Des Plaines,
North Elementary School,North Elementary School,Sycamore,
North Elementary School,North Elementary School,Godfrey,
North Greene CUSD 3,North Greene CUSD 3,White Hall,
North Greene Elem,North Greene Elem,Roodhouse,
North Greene Jr/Sr High Sch,North Greene Jr/Sr High Sch,White Hall,
North Grove Elementary School,North Grove Elementary School,Sycamore,
North Jacksonville School,North Jacksonville School,Jacksonville,
North Lawndale Prep Chtr - Christ,North Lawndale Prep Chtr - Christ,Chicago,
North Lawndale Prep Chtr - Christiana,North Lawndale Prep Chtr - Christiana,Chicago,
North Lawndale Prep Chtr-Collins,North Lawndale Prep Chtr-Collins,Chicago,
North Love Christian School,North Love Christian School,Rockford,
North Mac CUSD 34,North Mac CUSD 34,Girard,
North Mac Elementary,North Mac Elementary,Virden,
North Mac High School,North Mac High School,Virden,
North Mac Intermediate,North Mac Intermediate,Girard,
North Mac Middle School,North Mac Middle School,Girard,
North Palos SD 117,North Palos SD 117,Palos Hills,
North Park Elementary School,North Park Elementary School,Chicago,
North Prairie Jr High,North Prairie Jr High,Winthrop Harbor,
North Ridge Middle School,North Ridge Middle School,Danville,
North River Elem School,North River Elem School,Chicago,
North Shore Academy,North Shore Academy,Highland Park,
North Shore Academy Elem,North Shore Academy Elem,Northbrook,
North Shore Country Day School,North Shore Country Day School,Winnetka,
North Shore SD 112,North Shore SD 112,Highland Park,
North Shore SDa Junior Academy,North Shore SDa Junior Academy,Chicago,
North Side Elem School,North Side Elem School,Fairfield,
North Side Primary Center,North Side Primary Center,Herrin,
North Suburban Educ Reg for Voc,North Suburban Educ Reg for Voc,Park Ridge,
North Wamac Grade School,North Wamac Grade School,Centralia,
North Wamac SD 186,North Wamac SD 186,Centralia,
North Ward Elementary School,North Ward Elementary School,Tuscola,
North Wayne CUSD 200,North Wayne CUSD 200,Cisne,
Northbrook ESD 27,Northbrook ESD 27,Northbrook,
Northbrook Junior High School,Northbrook Junior High School,Northbrook,
Northbrook School,Northbrook School,Mendota,
Northbrook SD 28,Northbrook SD 28,Northbrook,
Northbrook/Glenview SD 30,Northbrook/Glenview SD 30,Northbrook,
Northeast Academy East,Northeast Academy East,St Charles,
Northeast Academy North,Northeast Academy North,St Charles,
Northeast Elem Magnet School,Northeast Elem Magnet School,Danville,
Northeast Elem School,Northeast Elem School,Evergreen Park,
Northeast Jr High School,Northeast Jr High School,East Moline,
Northern IL Academy,Northern IL Academy,Aurora,
Northern IL Academy - Autism,Northern IL Academy - Autism,Aurora,
Northern IL Academy - Autism Int,Northern IL Academy - Autism Int,Aurora,
Northern IL Academy - Int,Northern IL Academy - Int,Aurora,
Northern Kane Co Reg Voc System,Northern Kane Co Reg Voc System,Elgin,
Northern Suburban Spec Ed Dist,Northern Suburban Spec Ed Dist,Highland Park,
Northfield Community Nursery School,Northfield Community Nursery School,Northfield,
Northfield Twp HSD 225,Northfield Twp HSD 225,Glenview,
North-Grand High School,North-Grand High School,Chicago,
Northlake Middle School,Northlake Middle School,Northlake,
Northlawn Jr High School,Northlawn Jr High School,Streator,
Northmoor Primary School,Northmoor Primary School,Peoria,
Northpoint Elementary School,Northpoint Elementary School,Bloomington,
Northridge Preparatory School,Northridge Preparatory School,Niles,
Northshore University Health Sys,Northshore University Health Sys,Evanston,
Northside Catholic Academy,Northside Catholic Academy,Chicago,
Northside College Preparatory Hs,Northside College Preparatory Hs,Chicago,
Northside Elem School,Northside Elem School,Geneseo,
Northside Learning Center,Northside Learning Center,Chicago,
Northside School,Northside School,Morrison,
Northview Elem School,Northview Elem School,Rantoul,
Northview Elem School,Northview Elem School,Peru,
Northwest Academy,Northwest Academy,Elizabeth,
Northwest Christian Campus,Northwest Christian Campus,Decatur,
Northwest Educational Council for Student Success,Northwest Educational Council for Student Success,Arlington Heights,
Northwest Elem School,Northwest Elem School,Lincoln,
Northwest Elem School,Northwest Elem School,La Salle,
Northwest Inst for Contemp Acad,Northwest Inst for Contemp Acad,Chicago,
Northwest Middle School,Northwest Middle School,Chicago,
Northwest School,Northwest School,Evergreen Park,
Northwest Sp Ed Cooperative,Northwest Sp Ed Cooperative,Elizabeth,
Northwest Suburban Montessori Sch,Northwest Suburban Montessori Sch,Arlington Hts,
Northwestern CUSD 2,Northwestern CUSD 2,Palmyra,
Northwestern Elem School,Northwestern Elem School,Palmyra,
Northwestern High School,Northwestern High School,Palmyra,
Northwestern Illinois Assn,Northwestern Illinois Assn,Sycamore,
Northwestern Jr High School,Northwestern Jr High School,Palmyra,
Northwood Jr High School,Northwood Jr High School,Highland Park,
Northwood Middle School,Northwood Middle School,Woodstock,
Norton Creek Elementary School,Norton Creek Elementary School,West Chicago,
Norwood Elem School,Norwood Elem School,Peoria,
Norwood ESD 63,Norwood ESD 63,Peoria,
Norwood Park Elem School,Norwood Park Elem School,Chicago,
Norwood Primary School,Norwood Primary School,Peoria,
Notre Dame Academy,Notre Dame Academy,Belleville,
Notre Dame College Prep,Notre Dame College Prep,Niles,
Notre Dame De La Salette,Notre Dame De La Salette,Georgetown,
Notre Dame School,Notre Dame School,Clarendon Hills,
Novak Academy,Novak Academy,Champaign,
NPT Special Education Cooperative,NPT Special Education Cooperative,Taylorville,
Nurturing Dev & Learning Acad,Nurturing Dev & Learning Acad,Calumet City,
Nurturing Dev & Learning Ctr,Nurturing Dev & Learning Ctr,South Holland,
Nuttall Middle School,Nuttall Middle School,Robinson,
NW Suburban Spec Educ Org,NW Suburban Spec Educ Org,Mt Prospect,
O Fallon CCSD 90,O Fallon CCSD 90,O Fallon,
O Fallon High School,O Fallon High School,O Fallon,
O Fallon Twp HSD 203,O Fallon Twp HSD 203,O Fallon,
O Neill Middle School,O Neill Middle School,Downers Grove,
O W Huth Middle School,O W Huth Middle School,Matteson,
Oak Brook Christian,Oak Brook Christian,Oak Brook,
Oak Brook Park District,Oak Brook Park District,Oak Brook,
Oak Crest School,Oak Crest School,Beach Park,
Oak Elem School,Oak Elem School,Hinsdale,
Oak Forest High School,Oak Forest High School,Oak Forest,
Oak Glen Elem School,Oak Glen Elem School,Lansing,
Oak Grove Accelerated School,Oak Grove Accelerated School,Decatur,
Oak Grove Elem School,Oak Grove Elem School,Libertyville,
Oak Grove School,Oak Grove School,Bartonville,
Oak Grove SD 68 Bartonville,Oak Grove SD 68 Bartonville,Bartonville,
Oak Grove SD 68 Green Oaks,Oak Grove SD 68 Green Oaks,Libertyville,
Oak Knoll Early Childhood Center,Oak Knoll Early Childhood Center,Cary,
Oak Lawn CHSD 229,Oak Lawn CHSD 229,Oak Lawn,
Oak Lawn Comm High School,Oak Lawn Comm High School,Oak Lawn,
Oak Lawn Montessori School,Oak Lawn Montessori School,Oak Lawn,
Oak Lawn-Hometown Middle Sch,Oak Lawn-Hometown Middle Sch,Oak Lawn,
Oak Lawn-Hometown SD 123,Oak Lawn-Hometown SD 123,Oak Lawn,
Oak Park - River Forest SD 200,Oak Park - River Forest SD 200,Oak Park,
Oak Park & River Forest High Sch,Oak Park & River Forest High Sch,Oak Park,
Oak Park Christian Academy,Oak Park Christian Academy,Chicago,
Oak Park Elem School,Oak Park Elem School,Aurora,
Oak Park ESD 97,Oak Park ESD 97,Oak Park,
Oak Park Montessori School,Oak Park Montessori School,Oak Park,
Oak Prairie Jr High School,Oak Prairie Jr High School,Homer Glen,
Oak Ridge Elem School,Oak Ridge Elem School,Palos Hills,
Oak Ridge RSSP,Oak Ridge RSSP,Carpentersville,
Oak Ridge School,Oak Ridge School,Carpentersville,
Oak Terrace Elem School,Oak Terrace Elem School,Highwood,
Oak View Elem School,Oak View Elem School,Bolingbrook,
Oakbrook Elem School,Oakbrook Elem School,Wood Dale,
Oakdale CCSD 1,Oakdale CCSD 1,Oakdale,
Oakdale Christian Academy,Oakdale Christian Academy,Chicago,
Oakdale Elem School,Oakdale Elem School,Normal,
Oakdale Elem School,Oakdale Elem School,Waukegan,
Oakdale Grade School,Oakdale Grade School,Oakdale,
Oakhill Elem School,Oakhill Elem School,Streamwood,
Oakland CUSD 5,Oakland CUSD 5,Oakland,
Oakland Education Center,Oakland Education Center,Mount Vernon,
Oakland Elementary School,Oakland Elementary School,Bloomington,
Oakland Elementary School,Oakland Elementary School,Lake Villa,
Oakland High School,Oakland High School,Oakland,
Oakton Elem School,Oakton Elem School,Evanston,
Oakwood CUSD 76,Oakwood CUSD 76,Oakwood,
Oakwood Grade School,Oakwood Grade School,Oakwood,
Oakwood High School,Oakwood High School,Fithian,
Oakwood Junior High School,Oakwood Junior High School,Danville,
Oakwood School,Oakwood School,Lemont,
Oblong CUSD 4,Oblong CUSD 4,Oblong,
Oblong Elem School,Oblong Elem School,Oblong,
Oblong High School,Oblong High School,Oblong,
OCEC Life Skills,OCEC Life Skills,Byron,
Oconomowoc Residential Programs,Oconomowoc Residential Programs,Oconomowoc,
Oconomowoc Residential Programs,Oconomowoc Residential Programs,Dousman,
Oconomowoc-Anthony House,Oconomowoc-Anthony House,Oconomowoc,
Oconomowoc-Cheryl House,Oconomowoc-Cheryl House,Oconomowoc,
Oconomowoc-Gate House,Oconomowoc-Gate House,Hartland,
Oconomowoc-Sawyer House,Oconomowoc-Sawyer House,Dousman,
Odell CCSD 435,Odell CCSD 435,Odell,
Odell Grade School,Odell Grade School,Odell,
Odin Attendance Center 9-12,Odin Attendance Center 9-12,Odin,
Odin Attendance Center K-8,Odin Attendance Center K-8,Odin,
Odin PSD 722,Odin PSD 722,Odin,
ODTC - Genesee Lk - Int - 1-1,ODTC - Genesee Lk - Int - 1-1,Oconomowoc,
ODTC - Genesee Lk - Special 1-1,ODTC - Genesee Lk - Special 1-1,Oconomowoc,
ODTC-Genesee Lake 1-on-1,ODTC-Genesee Lake 1-on-1,Oconomowoc,
ODTC-Genesee Lake 1-on-1 Int,ODTC-Genesee Lake 1-on-1 Int,Oconomowoc,
ODTC-Genesee Lake School - Int,ODTC-Genesee Lake School - Int,Oconomowoc,
ODTC-Genesee Lake School Day,ODTC-Genesee Lake School Day,Oconomowoc,
ODTC-Genesee Lake School Day-Int,ODTC-Genesee Lake School Day-Int,Oconomowoc,
ODTC-Genesee Lk - Special,ODTC-Genesee Lk - Special,Oconomowoc,
Ogden Ave Elem School,Ogden Ave Elem School,La Grange,
Ogden Elem School,Ogden Elem School,Chicago,
Ogden Int High School,Ogden Int High School,Chicago,
Ogden International High School,Ogden International High School,Chicago,
Ogle Co Education Cooperative,Ogle Co Education Cooperative,Byron,
Oglesby Elem School,Oglesby Elem School,Chicago,
Oglesby ESD 125,Oglesby ESD 125,Oglesby,
Ohio & Wabash Valley Reg Voc Sys,Ohio & Wabash Valley Reg Voc Sys,Norris City,
Ohio CCSD 17,Ohio CCSD 17,Ohio,
Ohio CHSD 505,Ohio CHSD 505,Ohio,
Ohio Com Cons Grade School,Ohio Com Cons Grade School,Ohio,
Ohio Community High School,Ohio Community High School,Ohio,
Okaw Area Vocational Center,Okaw Area Vocational Center,Vandalia,
Okaw Regional Voc System,Okaw Regional Voc System,Chester,
Okaw Valley CUSD 302,Okaw Valley CUSD 302,Bethany,
Okaw Valley Elementary School,Okaw Valley Elementary School,Bethany,
Okaw Valley High School,Okaw Valley High School,Bethany,
Okaw Valley Middle School,Okaw Valley Middle School,Findlay,
Okawville Grade School,Okawville Grade School,Okawville,
Okawville Jr/Sr High School,Okawville Jr/Sr High School,Okawville,
OKeeffe Elem School,OKeeffe Elem School,Chicago,
Oladiji Day Care,Oladiji Day Care,Markham,
Old Orchard Jr High School,Old Orchard Jr High School,Skokie,
Old Post Elementary School,Old Post Elementary School,Oswego,
Old Quarry Middle Sch,Old Quarry Middle Sch,Lemont,
Old School Montessori,Old School Montessori,Grayslake,
Old St Marys School,Old St Marys School,Chicago,
Old St Patricks Campus,Old St Patricks Campus,Chicago,
Olive Branch Christian Academy,Olive Branch Christian Academy,Olive Branch,
Olive C Martin School,Olive C Martin School,Lake Villa,
Olive-Mary Stitt School,Olive-Mary Stitt School,Arlington Heights,
Oliver Julian Kendall Elem School,Oliver Julian Kendall Elem School,Naperville,
Oliver McCracken Middle School,Oliver McCracken Middle School,Skokie,
Oliver Parks 6th Grade School,Oliver Parks 6th Grade School,Cahokia,
Oliver W Holmes Elem School,Oliver W Holmes Elem School,Oak Park,
Oliver W Holmes Middle School,Oliver W Holmes Middle School,Wheeling,
Olney C Allen Elem School,Olney C Allen Elem School,Aurora,
Olson Elementary School,Olson Elementary School,Woodstock,
Olson Park Elem School,Olson Park Elem School,Machesney Park,
Olympia CUSD 16,Olympia CUSD 16,Stanford,
Olympia High School,Olympia High School,Stanford,
Olympia Middle School,Olympia Middle School,Stanford,
Olympia North Elem Sch,Olympia North Elem Sch,Danvers,
Olympia South Elem Sch,Olympia South Elem Sch,Atlanta,
Olympia West Elem Sch,Olympia West Elem Sch,Minier,
Ombudsman Chicago - Roseland HS,Ombudsman Chicago - Roseland HS,Chicago,
Ombudsman Chicago Northwest,Ombudsman Chicago Northwest,Chicago,
Ombudsman Chicago South,Ombudsman Chicago South,Chicago,
Ombudsman Chicago West,Ombudsman Chicago West,Chicago,
Ombudsman Educational Services,Ombudsman Educational Services,Libertyville,
Ombudsman Programs,Ombudsman Programs,Libertyville,
Onahan Elem School,Onahan Elem School,Chicago,
Onarga Academy,Onarga Academy,Onarga,
Onarga Academy - Expressions,Onarga Academy - Expressions,Onarga,
Onarga Academy-Adolescent,Onarga Academy-Adolescent,Onarga,
Onarga Academy-Transitional,Onarga Academy-Transitional,Onarga,
One Hope United,One Hope United,Chicago,
Online Christian Academy,Online Christian Academy,Chicago,
Online Learning Academy,Online Learning Academy,Peoria,
Ontarioville Elem School,Ontarioville Elem School,Hanover Park,
Opdyke-Belle Rive Grade Sch,Opdyke-Belle Rive Grade Sch,Opdyke,
Opdyke-Belle-Rive CCSD 5,Opdyke-Belle-Rive CCSD 5,Opdyke,
Open Door of Hope Christian Acad,Open Door of Hope Christian Acad,Forrest,
Operation Restoration Development Sch,Operation Restoration Development Sch,Chicago,
Orangeville CUSD 203,Orangeville CUSD 203,Orangeville,
Orangeville Elem School,Orangeville Elem School,Orangeville,
Orangeville High School,Orangeville High School,Orangeville,
Orangeville Jr High School,Orangeville Jr High School,Orangeville,
Orchard Academy,Orchard Academy,Skokie,
Orchard Academy - Intensive,Orchard Academy - Intensive,Skokie,
Orchard Place Elem School,Orchard Place Elem School,Des Plaines,
Orchard Village,Orchard Village,Skokie,
Orchardville Mennonite School,Orchardville Mennonite School,Keenes,
Oregon CUSD 220,Oregon CUSD 220,Oregon,
Oregon Elem Sch,Oregon Elem Sch,Oregon,
Oregon High School,Oregon High School,Oregon,
Orenic Intermediate School,Orenic Intermediate School,Plainfield,
Oriole Park Elem School,Oriole Park Elem School,Chicago,
Orion CUSD 223,Orion CUSD 223,Orion,
Orion High School,Orion High School,Orion,
Orion Middle School,Orion Middle School,Orion,
Orland Center School,Orland Center School,Orland Park,
Orland Jr High School,Orland Jr High School,Orland Park,
Orland Park Elem School,Orland Park Elem School,Orland Park,
Orland SD 135,Orland SD 135,Orland Park,
Orozco Elem Fine Arts & Sciences,Orozco Elem Fine Arts & Sciences,Chicago,
Orr Academy High School,Orr Academy High School,Chicago,
Orrington Elem School,Orrington Elem School,Evanston,
Ortiz De Dominguez Elem School,Ortiz De Dominguez Elem School,Chicago,
Oster-Oakview School,Oster-Oakview School,New Lenox,
Oswego East High School,Oswego East High School,Oswego,
Oswego GOAL,Oswego GOAL,Oswego,
Oswego High School,Oswego High School,Oswego,
Otis Elem School,Otis Elem School,Chicago,
Otis P Graves Elem School,Otis P Graves Elem School,Summit,
OToole Elem School,OToole Elem School,Chicago,
Ottawa ESD 141,Ottawa ESD 141,Ottawa,
Ottawa Township High School,Ottawa Township High School,Ottawa,
Ottawa Twp HSD 140,Ottawa Twp HSD 140,Ottawa,
Otter Creek Elem School,Otter Creek Elem School,Elgin,
Our Lady Montessori,Our Lady Montessori,Northlake,
Our Lady Mt Carmel School,Our Lady Mt Carmel School,Herrin,
Our Lady of Charity,Our Lady of Charity,Cicero,
Our Lady of Grace Academy,Our Lady of Grace Academy,East Moline,
Our Lady of Grace School,Our Lady of Grace School,Chicago,
Our Lady of Guadalupe,Our Lady of Guadalupe,Chicago,
Our Lady of Humility,Our Lady of Humility,Beach Park,
Our Lady of Lourdes,Our Lady of Lourdes,Chicago,
Our Lady of Lourdes,Our Lady of Lourdes,Decatur,
Our Lady of Peace,Our Lady of Peace,Darien,
Our Lady of Perpetual Help,Our Lady of Perpetual Help,Glenview,
Our Lady of Tepeyac,Our Lady of Tepeyac,Chicago,
Our Lady of Tepeyac High School,Our Lady of Tepeyac High School,Chicago,
Our Lady of the Snows School,Our Lady of the Snows School,Chicago,
Our Lady of the Wayside,Our Lady of the Wayside,Arlington Heights,
Our Lady Queen of Peace,Our Lady Queen of Peace,Bethalto,
Our Lady Queen of Peace,Our Lady Queen of Peace,Belleville,
Our Lady Sacred Heart Acad,Our Lady Sacred Heart Acad,Rockford,
Our Saviors Ev Lutheran School,Our Saviors Ev Lutheran School,Zion,
Our Saviors Lutheran School,Our Saviors Lutheran School,Springfield,
Our Saviour,Our Saviour,Chicago,
Our Saviour School,Our Saviour School,Jacksonville,
Outlook Academy,Outlook Academy,South Holland,
Outreach Exceptional Learning Academy,Outreach Exceptional Learning Academy,Harvey,
Owen Elem Scholastic Academy,Owen Elem Scholastic Academy,Chicago,
Owen Elementary School,Owen Elementary School,Naperville,
Owen Marsh Elem School,Owen Marsh Elem School,Springfield,
Owens Community Academy ES,Owens Community Academy ES,Chicago,
Oxbow Academy,Oxbow Academy,Wales,
P H Miller Elem School,P H Miller Elem School,Plano,
P L A I D Academy,P L A I D Academy,Chicago,
P L Bolin Elem School,P L Bolin Elem School,East Peoria,
P R I D E School,P R I D E School,Oak Lawn,
PACE Alternative School,PACE Alternative School,Pittsfield,
Pace Elementary,Pace Elementary,Harvey,
PACTT - Elmwood Park Group Home,PACTT - Elmwood Park Group Home,Elmwood Park,
PACTT Learning Center,PACTT Learning Center,Chicago,
PACTT Learning Center - Int,PACTT Learning Center - Int,Chicago,
PACTT Transition Program,PACTT Transition Program,Chicago,
PACTT-Oak Park,PACTT-Oak Park,Oak Park,
PAEC Academy,PAEC Academy,Westchester,
PAEC Alternative Elementary,PAEC Alternative Elementary,Maywood,
PAEC Alternative High School,PAEC Alternative High School,Maywood,
PAEC Education Center EC,PAEC Education Center EC,Maywood,
Palatine CCSD 15,Palatine CCSD 15,Palatine,
Palatine High School,Palatine High School,Palatine,
Palestine CUSD 3,Palestine CUSD 3,Palestine,
Palestine Grade School,Palestine Grade School,Palestine,
Palestine High School,Palestine High School,Palestine,
Palmer Elem School,Palmer Elem School,Chicago,
Palos CCSD 118,Palos CCSD 118,Palos Park,
Palos East Elementary School,Palos East Elementary School,Palos Heights,
Palos Heights SD 128,Palos Heights SD 128,Palos Heights,
Palos Lutheran School,Palos Lutheran School,Palos Heights,
Palos South Middle School,Palos South Middle School,Palos Park,
Palos West Elementary School,Palos West Elementary School,Palos Park,
PALS (Progression & Advancement of Life Skills),PALS (Progression & Advancement of Life Skills),Belleville,
Pana CUSD 8,Pana CUSD 8,Pana,
Pana Jr High School,Pana Jr High School,Pana,
Pana Sr High School,Pana Sr High School,Pana,
Panhandle CUSD 2,Panhandle CUSD 2,Raymond,
Paris Bridges,Paris Bridges,Paris,
Paris Cooperative High School,Paris Cooperative High School,Paris,
Paris Cooperative High School 4,Paris Cooperative High School 4,Paris,
Paris Cooperative High School 95,Paris Cooperative High School 95,Paris,
Paris CUSD 4,Paris CUSD 4,Paris,
Paris-Union SD 95,Paris-Union SD 95,Paris,
Park East School,Park East School,Round Lake,
Park Elementary School,Park Elementary School,Riverdale,
Park Forest SD 163,Park Forest SD 163,Park Forest,
Park Junior High School,Park Junior High School,La Grange Park,
Park Manor Elem School,Park Manor Elem School,Chicago,
Park Meadows Baptist Academy,Park Meadows Baptist Academy,Lincoln,
Park Ridge CCSD 64,Park Ridge CCSD 64,Park Ridge,
Park School,Park School,Evanston,
Park View Elem School,Park View Elem School,Morton Grove,
Park View Elem School,Park View Elem School,Lombard,
Park View Elem School,Park View Elem School,Glen Ellyn,
Park View Montessori Inc,Park View Montessori Inc,Mt Prospect,
Park West School,Park West School,Round Lake,
Parker Elem Community Academy,Parker Elem Community Academy,Chicago,
Parker Junior High School,Parker Junior High School,Flossmoor,
Parkland Prep Acad Plainfield,Parkland Prep Acad Plainfield,Plainfield,
Parkland Prep Acad Plainfield INT,Parkland Prep Acad Plainfield INT,Plainfield,
Parkland Prep Academy South,Parkland Prep Academy South,Oak Lawn,
Parkland Prep Academy South - Int,Parkland Prep Academy South - Int,Oak Lawn,
Parkland Prep Acad-Lake in the Hills,Parkland Prep Acad-Lake in the Hills,Lk In The Hls,
Parkland Prep Acad-Lake in the Hills INT,Parkland Prep Acad-Lake in the Hills INT,Lk In The Hls,
Parkland Preparatory Academy,Parkland Preparatory Academy,Streamwood,
Parkland Preparatory Academy-Int,Parkland Preparatory Academy-Int,Streamwood,
Parkland School,Parkland School,McHenry,
Parkside Elem Community Academy,Parkside Elem Community Academy,Chicago,
Parkside Elementary School,Parkside Elementary School,Lawrenceville,
Parkside Elementary School,Parkside Elementary School,Normal,
Parkside Jr High School,Parkside Jr High School,Normal,
Parkside Middle School,Parkside Middle School,Peru,
Parkside Primary School,Parkside Primary School,Bethalto,
Parkview Christian Academy,Parkview Christian Academy,Yorkville,
Parkview Elementary School,Parkview Elementary School,Carpentersville,
Parkview Elementary School,Parkview Elementary School,Columbia,
Parkview Jr High School,Parkview Jr High School,Lawrenceville,
Parkview Jr High School,Parkview Jr High School,Creve Coeur,
Parkwood Elem School,Parkwood Elem School,Hanover Park,
Parrish Elem School,Parrish Elem School,Carbondale,
Parsons Accelerated School,Parsons Accelerated School,Decatur,
Partners for Success-Old Mill Sch,Partners for Success-Old Mill Sch,Addison,
Pass It On Academy,Pass It On Academy,Chicago,
Passow Elementary School,Passow Elementary School,Franklin Park,
Pasteur Elem School,Pasteur Elem School,Chicago,
Pathways ROE 11,Pathways ROE 11,Mattoon,
Pathways Academy,Pathways Academy,Joliet,
Pathways in Education - Humboldt Park HS,Pathways in Education - Humboldt Park HS,Chicago,
Pathways in Education Ashburn,Pathways in Education Ashburn,Chicago,
Pathways in Education Avondale,Pathways in Education Avondale,Chicago,
Pathways in Education Brighton Pa,Pathways in Education Brighton Pa,Chicago,
Pathways in Education Brighton Park,Pathways in Education Brighton Park,Chicago,
Pathways ROE 11,Pathways ROE 11,Mattoon,
Pathways School,Pathways School,Belleville,
Pathways to Learning Academy,Pathways to Learning Academy,Harvey,
Patoka CUSD 100,Patoka CUSD 100,Patoka,
Patoka Elem School,Patoka Elem School,Patoka,
Patoka Jr High School,Patoka Jr High School,Patoka,
Patoka Sr High School,Patoka Sr High School,Patoka,
Patterson Elementary School,Patterson Elementary School,Naperville,
Patton Elem School,Patton Elem School,Arlington Heights,
Paul Revere Intermediate School,Paul Revere Intermediate School,Blue Island,
Paul Revere Primary School,Paul Revere Primary School,Blue Island,
Pavilion Foundation Sch - Day Int,Pavilion Foundation Sch - Day Int,Champaign,
Pavilion Foundation School,Pavilion Foundation School,Champaign,
Pavilion Foundation School-Day,Pavilion Foundation School-Day,Champaign,
Paw Paw CUSD 271,Paw Paw CUSD 271,Paw Paw,
Paw Paw Elem School,Paw Paw Elem School,Paw Paw,
Pawnee CUSD 11,Pawnee CUSD 11,Pawnee,
Pawnee Grade School,Pawnee Grade School,Pawnee,
Pawnee Jr/Sr High Sch,Pawnee Jr/Sr High Sch,Pawnee,
PAWS,PAWS,Batavia,
PAWS Academy,PAWS Academy,Batavia,
Paxton-Buckley-Loda CUD 10,Paxton-Buckley-Loda CUD 10,Paxton,
Paxton-Buckley-Loda High School,Paxton-Buckley-Loda High School,Paxton,
Paxton-Buckley-Loda Jr High Sch,Paxton-Buckley-Loda Jr High Sch,Paxton,
Payson CUSD 1,Payson CUSD 1,Payson,
Payton College Preparatory HS,Payton College Preparatory HS,Chicago,
Peace and Education Coalition HS,Peace and Education Coalition HS,Chicago,
PEACE Center,PEACE Center,Dolton,
Peaceful Pathways Montessori,Peaceful Pathways Montessori,Yorkville,
Pearl City CUSD 200,Pearl City CUSD 200,Pearl City,
Pearl City Elementary School,Pearl City Elementary School,Pearl City,
Pearl City High School,Pearl City High School,Pearl City,
Pearl City Jr High School,Pearl City Jr High School,Pearl City,
Pecatonica Comm Middle School,Pecatonica Comm Middle School,Pecatonica,
Pecatonica CUSD 321,Pecatonica CUSD 321,Pecatonica,
Pecatonica Elem School,Pecatonica Elem School,Pecatonica,
Pecatonica High School,Pecatonica High School,Pecatonica,
Peck Elem School,Peck Elem School,Chicago,
Peckwas Preparatory Academy,Peckwas Preparatory Academy,Summit Argo,
Peirce Elem Intl Studies School,Peirce Elem Intl Studies School,Chicago,
Pekin Community High School,Pekin Community High School,Pekin,
Pekin CSD 303,Pekin CSD 303,Pekin,
Pekin Preschool Family Ed Center,Pekin Preschool Family Ed Center,Pekin,
Pekin PSD 108,Pekin PSD 108,Pekin,
Pembroke CCSD 259,Pembroke CCSD 259,Hopkins Park,
Penn Elem School,Penn Elem School,Chicago,
Penniman Elem School,Penniman Elem School,Cahokia,
Pennoyer Elem School,Pennoyer Elem School,Norridge,
Pennoyer SD 79,Pennoyer SD 79,Norridge,
Peoria Academy,Peoria Academy,Peoria,
Peoria Christian School,Peoria Christian School,Peoria,
Peoria Christian School - Monroe,Peoria Christian School - Monroe,Peoria Heights,
Peoria Co Detention Center 6-8,Peoria Co Detention Center 6-8,Peoria,
Peoria Cty Jvnl Det Ctr 9-12,Peoria Cty Jvnl Det Ctr 9-12,Peoria,
Peoria Educ Reg for Empl Traing,Peoria Educ Reg for Empl Traing,Peoria,
Peoria Hebrew Day School,Peoria Hebrew Day School,Peoria,
Peoria Heights CUSD 325,Peoria Heights CUSD 325,Peoria Heights,
Peoria Heights Grade School,Peoria Heights Grade School,Peoria Heights,
Peoria Heights High School,Peoria Heights High School,Peoria Heights,
Peoria High School,Peoria High School,Peoria,
Peoria Notre Dame High School,Peoria Notre Dame High School,Peoria,
Peoria Regional High School,Peoria Regional High School,Hanna City,
Peoria ROE,Peoria ROE,Peoria,
Peoria SD 150,Peoria SD 150,Peoria,
Peotone CUSD 207U,Peotone CUSD 207U,Peotone,
Peotone Elem School,Peotone Elem School,Peotone,
Peotone High School,Peotone High School,Peotone,
Peotone Intermediate Center,Peotone Intermediate Center,Frankfort,
Peotone Jr High School,Peotone Jr High School,Peotone,
Pepper Ridge Elementary School,Pepper Ridge Elementary School,Bloomington,
Perandoe Educational Program,Perandoe Educational Program,Tilden,
Perandoe Spec Educ District,Perandoe Spec Educ District,Red Bud,
Percy Julian Middle School,Percy Julian Middle School,Oak Park,
Perez Elem School,Perez Elem School,Chicago,
Performing Christ Christian Academy,Performing Christ Christian Academy,Chicago,
Perkins School for the Blind,Perkins School for the Blind,Watertown,
Perkins School for the Blind - D/B Multi Impaired,Perkins School for the Blind - D/B Multi Impaired,Watertown,
Perkins School for the Blind - D/B Multi Impaired RES,Perkins School for the Blind - D/B Multi Impaired RES,Watertown,
Perkins School for the Blind - Keller Sullivan Cottage,Perkins School for the Blind - Keller Sullivan Cottage,Watertown,
Perry Elem School,Perry Elem School,Belvidere,
Perry Elementary School,Perry Elementary School,Carpentersville,
Pershing Early Learning Center,Pershing Early Learning Center,Decatur,
Pershing Elem Humanities Magnet,Pershing Elem Humanities Magnet,Chicago,
Pershing Elem School,Pershing Elem School,Berwyn,
Pershing Elem School,Pershing Elem School,Joliet,
Pershing West Elem Magnet School,Pershing West Elem Magnet School,Chicago,
Perspectives Chtr - IIT Campus,Perspectives Chtr - IIT Campus,Chicago,
Perspectives Chtr - High School of Technology,Perspectives Chtr - High School of Technology,Chicago,
Perspectives Chtr - HS of Tech,Perspectives Chtr - HS of Tech,Chicago,
Perspectives Chtr - Joslin Campus,Perspectives Chtr - Joslin Campus,Chicago,
Perspectives Chtr - Leadership Acad,Perspectives Chtr - Leadership Acad,Chicago,
Perspectives IIT Math & Science Academy,Perspectives IIT Math & Science Academy,Chicago,
Peru Catholic School,Peru Catholic School,Peru,
Peru ESD 124,Peru ESD 124,Peru,
Peter J Palombi School,Peter J Palombi School,Lake Villa,
Peter M Gombert Elementary Sch,Peter M Gombert Elementary Sch,Aurora,
Petersburg Elem School,Petersburg Elem School,Petersburg,
Peterson Elem School,Peterson Elem School,Chicago,
Pheasant Ridge Primary School,Pheasant Ridge Primary School,Glendale Heights,
Philadelphia School of Arts,Philadelphia School of Arts,Chicago,
Philip J Rock Center and School,Philip J Rock Center and School,Glen Ellyn,
Phillips Academy High School,Phillips Academy High School,Chicago,
Phoenix,Phoenix,Elgin,
Phoenix Care Systems,Phoenix Care Systems,Milwaukee,
Phoenix Military Academy HS,Phoenix Military Academy HS,Chicago,
Phoenix Program,Phoenix Program,Carbon Cliff,
Phoenix Safe Schools Program,Phoenix Safe Schools Program,Raymond,
Piccolo Elem Specialty School,Piccolo Elem Specialty School,Chicago,
Pickard Elem School,Pickard Elem School,Chicago,
Pierce Downer Elem School,Pierce Downer Elem School,Downers Grove,
Pike County Christian Academy,Pike County Christian Academy,Pittsfield,
Pikeland Community School,Pikeland Community School,Pittsfield,
Pikeland CUSD 10,Pikeland CUSD 10,Pittsfield,
Pilgrim Lutheran School,Pilgrim Lutheran School,Chicago,
Pilsen Elem Community Academy,Pilsen Elem Community Academy,Chicago,
Pinckneyville CHSD 101,Pinckneyville CHSD 101,Pinckneyville,
Pinckneyville Comm High School,Pinckneyville Comm High School,Pinckneyville,
Pinckneyville Elem School,Pinckneyville Elem School,Pinckneyville,
Pinckneyville Middle School,Pinckneyville Middle School,Pinckneyville,
Pinckneyville SD 50,Pinckneyville SD 50,Pinckneyville,
Pine Crest Elementary School,Pine Crest Elementary School,Georgetown,
Pines Residential Trt Cntr,Pines Residential Trt Cntr,Portsmouth,
Piney Ridge Treatment Center,Piney Ridge Treatment Center,Fayetteville,
Pioneer Elem School,Pioneer Elem School,West Chicago,
Pioneer Elementary School,Pioneer Elementary School,Bolingbrook,
Pioneer Grove Educational Center,Pioneer Grove Educational Center,Frankfort,
Pioneer Path,Pioneer Path,Channahon,
Piper School,Piper School,Berwyn,
Pirie Elem Fine Arts & Academic C,Pirie Elem Fine Arts & Academic C,Chicago,
Pittsfield High School,Pittsfield High School,Pittsfield,
Pittsfield South Elem School,Pittsfield South Elem School,Pittsfield,
Pk Ridge Intl Mont,Pk Ridge Intl Mont,Niles,
Plainfield Academy,Plainfield Academy,Plainfield,
Plainfield East High School,Plainfield East High School,Plainfield,
Plainfield Elem School,Plainfield Elem School,Des Plaines,
Plainfield High School,Plainfield High School,Plainfield,
Plainfield North High School,Plainfield North High School,Plainfield,
Plainfield SD 202,Plainfield SD 202,Plainfield,
Plainfield South High School,Plainfield South High School,Plainfield,
Plamondon Elem School,Plamondon Elem School,Chicago,
Plank Junior High,Plank Junior High,Oswego,
Plano Area Special Ed Coop,Plano Area Special Ed Coop,Plano,
Plano CUSD 88,Plano CUSD 88,Plano,
Plano High School,Plano High School,Plano,
Plano Middle School,Plano Middle School,Plano,
Plato Academy,Plato Academy,Des Plaines,
Plato Learning Acad Elem School,Plato Learning Acad Elem School,Chicago,
Pleasant Acres Elem School,Pleasant Acres Elem School,Rantoul,
Pleasant Hill CUSD 3,Pleasant Hill CUSD 3,Pleasant Hill,
Pleasant Hill Elem School,Pleasant Hill Elem School,Pleasant Hill,
Pleasant Hill Elem School,Pleasant Hill Elem School,Palatine,
Pleasant Hill Elem School,Pleasant Hill Elem School,Winfield,
Pleasant Hill Elem School,Pleasant Hill Elem School,Peoria,
Pleasant Hill High School,Pleasant Hill High School,Pleasant Hill,
Pleasant Hill SD 69,Pleasant Hill SD 69,Peoria,
Pleasant Lane Elem School,Pleasant Lane Elem School,Lombard,
Pleasant Plains CUSD 8,Pleasant Plains CUSD 8,Pleasant Plains,
Pleasant Plains High School,Pleasant Plains High School,Pleasant Plains,
Pleasant Plains Middle School,Pleasant Plains Middle School,Pleasant Plains,
Pleasant Ridge Elem School,Pleasant Ridge Elem School,Glenview,
Pleasant Valley Intermediate School,Pleasant Valley Intermediate School,Peoria,
Pleasant Valley Primary School,Pleasant Valley Primary School,Peoria,
Pleasant Valley SD 62,Pleasant Valley SD 62,Peoria,
Pleasantdale Elementary School,Pleasantdale Elementary School,La Grange,
Pleasantdale Middle Sch,Pleasantdale Middle Sch,Burr Ridge,
Pleasantdale SD 107,Pleasantdale SD 107,Burr Ridge,
Pleviak Elem School,Pleviak Elem School,Lake Villa,
PLT Middle School,PLT Middle School,Prophetstown,
Plum Grove Jr High School,Plum Grove Jr High School,Rolling Meadows,
Pocahontas Center,Pocahontas Center,Pocahontas,
Poe Elem Classical School,Poe Elem Classical School,Chicago,
Poko Loko Early Learning Center,Poko Loko Early Learning Center,Libertyville,
Poko Loko Nursery School,Poko Loko Nursery School,Glenview,
Polaris Elem Charter Academy,Polaris Elem Charter Academy,Chicago,
Polo Comm High School,Polo Comm High School,Polo,
Polo CUSD 222,Polo CUSD 222,Polo,
Pontiac CCSD 429,Pontiac CCSD 429,Pontiac,
Pontiac Christian School,Pontiac Christian School,Pontiac,
Pontiac High School,Pontiac High School,Pontiac,
Pontiac Jr High School,Pontiac Jr High School,Pontiac,
Pontiac Jr High School,Pontiac Jr High School,Fairview Heights,
Pontiac Twp HSD 90,Pontiac Twp HSD 90,Pontiac,
Pontiac-W Holliday SD 105,Pontiac-W Holliday SD 105,Fairview Heights,
Pope Co CUD 1,Pope Co CUD 1,Golconda,
Pope Co High School,Pope Co High School,Golconda,
Pope County Elementary School,Pope County Elementary School,Golconda,
Pope Francis Global Academy North Campus,Pope Francis Global Academy North Campus,Chicago,
Pope Francis Global Academy South Campus,Pope Francis Global Academy South Campus,Chicago,
Pope John Paul II Catholic School,Pope John Paul II Catholic School,Chicago,
Pope John XXIII School,Pope John XXIII School,Evanston,
Poplar Grove Elem School,Poplar Grove Elem School,Poplar Grove,
Porta Central,Porta Central,Petersburg,
Porta CUSD 202,Porta CUSD 202,Petersburg,
Porta High School,Porta High School,Petersburg,
Portage Park Elem School,Portage Park Elem School,Chicago,
Posen Elem School,Posen Elem School,Posen,
Posen-Robbins ESD 143-5,Posen-Robbins ESD 143-5,Posen,
Potomac CUSD 10,Potomac CUSD 10,Potomac,
Potomac Elem School,Potomac Elem School,Potomac,
Powell Elem Paideia Comm Academy,Powell Elem Paideia Comm Academy,Chicago,
PPAG II LLC,PPAG II LLC,Streamwood,
PPAG LLC,PPAG LLC,Streamwood,
Prader-Willi Starlight Home,Prader-Willi Starlight Home,Oconomowoc,
Prairie Academy School,Prairie Academy School,Chicago,
Prairie Central CUSD 8,Prairie Central CUSD 8,Fairbury,
Prairie Central Elem School,Prairie Central Elem School,Fairbury,
Prairie Central High School,Prairie Central High School,Fairbury,
Prairie Central Jr High School,Prairie Central Jr High School,Forrest,
Prairie Central Primary East,Prairie Central Primary East,Chatsworth,
Prairie Central Primary West,Prairie Central Primary West,Chenoa,
Prairie Central Upper Elementary,Prairie Central Upper Elementary,Forrest,
Prairie Children Preschool,Prairie Children Preschool,Aurora,
Prairie Crossing Charter School,Prairie Crossing Charter School,Grayslake,
Prairie Du Rocher CCSD 134,Prairie Du Rocher CCSD 134,Prairie Du Rocher,
Prairie Du Rocher Elem School,Prairie Du Rocher Elem School,Prairie Du Rocher,
Prairie Elem School,Prairie Elem School,Orland Park,
Prairie Elem School,Prairie Elem School,Naperville,
Prairie Elementary School,Prairie Elementary School,Buffalo Grove,
Prairie Flower Montessori School,Prairie Flower Montessori School,Decatur,
Prairie Grove CSD 46,Prairie Grove CSD 46,Crystal Lake,
Prairie Grove Elem School,Prairie Grove Elem School,Crystal Lake,
Prairie Grove Junior High School,Prairie Grove Junior High School,Crystal Lake,
Prairie Hill CCSD 133,Prairie Hill CCSD 133,South Beloit,
Prairie Hill Elem School,Prairie Hill Elem School,South Beloit,
Prairie Jr High School,Prairie Jr High School,Alsip,
Prairie Knolls Middle Sch,Prairie Knolls Middle Sch,Elgin,
Prairie Oak School,Prairie Oak School,Berwyn,
Prairie Point Elem School,Prairie Point Elem School,Oswego,
Prairie Ridge High School,Prairie Ridge High School,Crystal Lake,
Prairie School of DuPage,Prairie School of DuPage,Wheaton,
Prairie Trail School,Prairie Trail School,Wadsworth,
Prairie View Elem School,Prairie View Elem School,Sandwich,
Prairie View Grade School,Prairie View Grade School,Elgin,
Prairie View Middle School,Prairie View Middle School,Tinley Park,
Prairie View Montessori,Prairie View Montessori,Aurora,
Prairie-Hills ESD 144,Prairie-Hills ESD 144,Markham,
Prairie-Hills Junior High School,Prairie-Hills Junior High School,Markham,
Prairieland Elementary School,Prairieland Elementary School,Normal,
Prairieview Elementary School,Prairieview Elementary School,Downers Grove,
Prairieview Elementary School,Prairieview Elementary School,Bartlett,
Prairieview School,Prairieview School,Hainesville,
Prairieview-Ogden CCSD 197,Prairieview-Ogden CCSD 197,Royal,
Prairieview-Ogden Jr High Sch,Prairieview-Ogden Jr High Sch,Thomasboro,
Prairieview-Ogden North Elem,Prairieview-Ogden North Elem,Royal,
Prairieview-Ogden South Elem,Prairieview-Ogden South Elem,Ogden,
Prairiewood Elem Sch,Prairiewood Elem Sch,Woodstock,
Prather Elementary School,Prather Elementary School,Granite City,
Prekindergarten Facility,Prekindergarten Facility,Carmi,
Premier Academy Morris,Premier Academy Morris,Morris,
Premier Academy Morris TAOEP,Premier Academy Morris TAOEP,Morris,
Presbyterian Church USA,Presbyterian Church USA,Assumption,
Prescott Elem School,Prescott Elem School,Chicago,
Prieto Math-Science Elem Sch,Prieto Math-Science Elem Sch,Chicago,
Primary Learning Center,Primary Learning Center,Markham,
Prince of Peace,Prince of Peace,Lake Villa,
Princeton Christian Academy,Princeton Christian Academy,Princeton,
Princeton ESD 115,Princeton ESD 115,Princeton,
Princeton High School,Princeton High School,Princeton,
Princeton HSD 500,Princeton HSD 500,Princeton,
Princeville CUSD 326,Princeville CUSD 326,Princeville,
Princeville Elem School,Princeville Elem School,Princeville,
Princeville High School,Princeville High School,Princeville,
Pritzker Elem School,Pritzker Elem School,Chicago,
Proegler School,Proegler School,Kankakee,
Project Challenge,Project Challenge,Oak Forest,
Project Echo,Project Echo,Johnston City,
PROJECT IMPACT,PROJECT IMPACT,Springfield,
Project Indian,Project Indian,Minooka,
Project Insight,Project Insight,Macomb,
Project SOAR,Project SOAR,Du Quoin,
Project SOAR Alternative Optional Ed Program,Project SOAR Alternative Optional Ed Program,Du Quoin,
Prologue,Prologue,Chicago,
PROLOGUE EARLY COLLEGE,PROLOGUE EARLY COLLEGE,CHICAGO,
Promise Christian Academy,Promise Christian Academy,Matteson,
Promise Christian Academy,Promise Christian Academy,Tuscola,
Prophetstown Elem School,Prophetstown Elem School,Prophetstown,
Prophetstown High School,Prophetstown High School,Prophetstown,
Prophetstown-Lyndon-Tampico CUSD3,Prophetstown-Lyndon-Tampico CUSD3,Prophetstown,
Prospect Elem School,Prospect Elem School,Clarendon Hills,
Prospect Heights SD 23,Prospect Heights SD 23,Prospect Heights,
Prospect High School,Prospect High School,Mt Prospect,
Prosser Career Academy HS,Prosser Career Academy HS,Chicago,
Charles A. Prosser Career Academy,Prosser Career Academy HS,Chicago,
Providence - St Mel School,Providence - St Mel School,Chicago,
Providence Catholic Childrens Academy,Providence Catholic Childrens Academy,New Lenox,
Providence Catholic High School,Providence Catholic High School,New Lenox,
Providence-Englewood Elem Charter,Providence-Englewood Elem Charter,Chicago,
Proviso Area Except Child Center,Proviso Area Except Child Center,Maywood,
Proviso Area Exceptional Child,Proviso Area Exceptional Child,Maywood,
Proviso East High School,Proviso East High School,Maywood,
Proviso Math and Science Academy,Proviso Math and Science Academy,Forest Park,
Proviso THSD 209 Dream School,Proviso THSD 209 Dream School,Forest Park,
Proviso Twp HSD 209,Proviso Twp HSD 209,Forest Park,
Proviso West High School,Proviso West High School,Hillside,
Provo Canyon School-Girls,Provo Canyon School-Girls,Springville,
Provo Canyon School-Orem,Provo Canyon School-Orem,Springville,
Provo Canyon School-Provo,Provo Canyon School-Provo,Provo,
Prussing Elem School,Prussing Elem School,Chicago,
Puerto Rican H S - Pedro A Campos,Puerto Rican H S - Pedro A Campos,Chicago,
Pui Tak Christian School,Pui Tak Christian School,Chicago,
Pulaski Intl Sch of Chicago,Pulaski Intl Sch of Chicago,Chicago,
Pullman Elem School,Pullman Elem School,Chicago,
Putnam Co Primary Sch,Putnam Co Primary Sch,Granville,
Putnam County CUSD 535,Putnam County CUSD 535,Granville,
Putnam County Elem School,Putnam County Elem School,Hennepin,
Putnam County High School,Putnam County High School,Granville,
Putnam County Jr High School,Putnam County Jr High School,Mc Nabb,
Pythagoras Childrens Academy,Pythagoras Childrens Academy,Elmhurst,
Quad Cities Christian School,Quad Cities Christian School,Moline,
Quad City Career and Tech Ed Cons,Quad City Career and Tech Ed Cons,East Moline,
Queen Bee School,Queen Bee School,Glendale Heights,
Queen Bee SD 16,Queen Bee SD 16,Glendale Heights,
Queen of All Saints School,Queen of All Saints School,Chicago,
Queen of Angels School,Queen of Angels School,Chicago,
Queen of Martyrs,Queen of Martyrs,Evergreen Park,
Queen of the Rosary School,Queen of the Rosary School,Elk Grove Village,
Queen of the Universe,Queen of the Universe,Chicago,
Quentin Road Christian School,Quentin Road Christian School,Lake Zurich,
Quest Charter School Academy,Quest Charter School Academy,Peoria,
Quincy Area Voc Ctr,Quincy Area Voc Ctr,Quincy,
Quincy Christian School,Quincy Christian School,Quincy,
Quincy Jr High School,Quincy Jr High School,Quincy,
Quincy Notre Dame High School,Quincy Notre Dame High School,Quincy,
Quincy SD 172,Quincy SD 172,Quincy,
Quincy Sr High School,Quincy Sr High School,Quincy,
R E A D Y Program,R E A D Y Program,Champaign,
R K Welsh Elem School,R K Welsh Elem School,Rockford,
R O W V A Elem School,R O W V A Elem School,Oneida,
R O W V A CUSD 208,R O W V A CUSD 208,Oneida,
R O W V A Jr and Sr High School,R O W V A Jr and Sr High School,Oneida,
Raby High School,Raby High School,Chicago,
Raccoon Cons Elem School,Raccoon Cons Elem School,Centralia,
Raccoon Cons SD 1,Raccoon Cons SD 1,Centralia,
RAES East Alt Ed,RAES East Alt Ed,Galesburg,
RAES Night School,RAES Night School,Galesburg,
RAES RSSP,RAES RSSP,Galesburg,
RAES West,RAES West,Monmouth,
RAES West Alt Ed,RAES West Alt Ed,Monmouth,
Rainbow of Hope,Rainbow of Hope,Danville,
Ralph J Frost Academy,Ralph J Frost Academy,Park Ridge,
Ralston Elem School,Ralston Elem School,Machesney Park,
Ramsey CUSD 204,Ramsey CUSD 204,Ramsey,
Ramsey Elem School,Ramsey Elem School,Ramsey,
Ramsey High School,Ramsey High School,Ramsey,
Ranch View Elementary School,Ranch View Elementary School,Naperville,
Randolph Elem School,Randolph Elem School,Chicago,
Rankin CSD 98,Rankin CSD 98,Pekin,
Rankin Elem School,Rankin Elem School,Pekin,
Ransom Grade School,Ransom Grade School,Ransom,
Rantoul City SD 137,Rantoul City SD 137,Rantoul,
Rantoul Township HSD 193,Rantoul Township HSD 193,Rantoul,
Rantoul Twp High School,Rantoul Twp High School,Rantoul,
RAP Elizabeth,RAP Elizabeth,Elizabeth,
RAP Freeport,RAP Freeport,Freeport,
Ravenswood Baptist Christian Sch,Ravenswood Baptist Christian Sch,Chicago,
Ravenswood Elem School,Ravenswood Elem School,Chicago,
Ravinia Elem School,Ravinia Elem School,Highland Park,
Ray Elem School,Ray Elem School,Chicago,
Raymond Benson Primary School,Raymond Benson Primary School,Itasca,
Raymond Ellis Elem School,Raymond Ellis Elem School,Round Lake Beach,
Raymond Grade School,Raymond Grade School,Raymond,
Reagan Middle School,Reagan Middle School,Dixon,
Reavis Elem Math & Sci Spec Schl,Reavis Elem Math & Sci Spec Schl,Chicago,
Reavis Elem School,Reavis Elem School,Lansing,
Reavis High School,Reavis High School,Burbank,
Reavis Twp HSD 220,Reavis Twp HSD 220,Burbank,
Reba O Steck Elementary School,Reba O Steck Elementary School,Aurora,
Red Bud CUSD 132,Red Bud CUSD 132,Red Bud,
Red Bud Elem School,Red Bud Elem School,Red Bud,
Red Bud High School,Red Bud High School,Red Bud,
Red Hill CUSD 10,Red Hill CUSD 10,Bridgeport,
Red Hill Jr/Sr High School,Red Hill Jr/Sr High School,Bridgeport,
Red Oak Elem School,Red Oak Elem School,Highland Park,
Red Rock Canyon School,Red Rock Canyon School,St George,
Reed Custer CUSD 255U,Reed Custer CUSD 255U,Braidwood,
Reed Elem School,Reed Elem School,Homer Glen,
Reed-Custer Elementary School,Reed-Custer Elementary School,Braidwood,
Reed-Custer High School,Reed-Custer High School,Braidwood,
Reed-Custer Middle School,Reed-Custer Middle School,Braidwood,
Reflections of Grace Acad College Prep,Reflections of Grace Acad College Prep,Plainfield,
Regina Dominican High School,Regina Dominican High School,Wilmette,
Region 05 North Cook ISC 1,Region 05 North Cook ISC 1,Des Plaines,
Region 06 West Cook ISC 2,Region 06 West Cook ISC 2,Hillside,
Region 07 South Cook ISC 4,Region 07 South Cook ISC 4,Chicago Heights,
Region III 5-8 BD Clip Prgm,Region III 5-8 BD Clip Prgm,Wood River,
Region III 5-8 CLIP Prgrm,Region III 5-8 CLIP Prgrm,East Alton,
Region III K-8 CLIP PRG,Region III K-8 CLIP PRG,East Alton,
Region III Spec Ed Coop,Region III Spec Ed Coop,Cottage Hills,
Regional Alop School,Regional Alop School,Bloomington,
Regional Alternative School,Regional Alternative School,Rockford,
Regional Center for Change,Regional Center for Change,Rock Falls,
Regional Center For Change ALOP Program,Regional Center For Change ALOP Program,Rock Falls,
Regional Office of Car/Tech Educ,Regional Office of Car/Tech Educ,Springfield,
Regl Inst Scholastic Excellence,Regl Inst Scholastic Excellence,Chicago Heights,
Regl Inst Scholastic Excellence,Regl Inst Scholastic Excellence,Worth,
Regl Learning Academy Star Boone,Regl Learning Academy Star Boone,Belvidere,
Reg'l Learning Academy Star Winn,Reg'l Learning Academy Star Winn,Rockford,
Reg'l Learning Center Star Boone,Reg'l Learning Center Star Boone,Belvidere,
Reg'l Learning Center Star Winn,Reg'l Learning Center Star Winn,Rockford,
Reg'l Safe School Program ROE #28,Reg'l Safe School Program ROE #28,Atkinson,
Reilly Elem School,Reilly Elem School,Chicago,
Reinberg Elem School,Reinberg Elem School,Chicago,
Rend Lake Area Reg Del System,Rend Lake Area Reg Del System,Mount Vernon,
Rescue Missionary Christian Sch,Rescue Missionary Christian Sch,Chicago,
Reskin Elem School,Reskin Elem School,Glendale Heights,
RE-Start Program,RE-Start Program,Champaign,
RESURRECTION COLLEGE PREP HIGH SCHOOL,RESURRECTION COLLEGE PREP HIGH SCHOOL,CHICAGO,
Resurrection High School,Resurrection High School,Chicago,
Resurrection Lutheran School,Resurrection Lutheran School,Aurora,
Revere Elem School,Revere Elem School,Chicago,
Revive Alternative High School,Revive Alternative High School,Raymond,
Rhodes Elem School,Rhodes Elem School,River Grove,
Rhodes SD 84-5,Rhodes SD 84-5,River Grove,
Rice Childrens Center,Rice Childrens Center,Evanston,
Rice Childrens Cntr (residential),Rice Childrens Cntr (residential),Evanston,
Rich Central Campus High School,Rich Central Campus High School,Olympia Fields,
Rich East Campus High School,Rich East Campus High School,Park Forest,
Rich South Campus High School,Rich South Campus High School,Richton Park,
Rich Twp HSD 227,Rich Twp HSD 227,Matteson,
Richard Byrd Elementary School,Richard Byrd Elementary School,Burbank,
Richard F Bernotas Middle Sch,Richard F Bernotas Middle Sch,Crystal Lake,
Richard Ira Jones Middle School,Richard Ira Jones Middle School,Plainfield,
Richards Career Academy HS,Richards Career Academy HS,Chicago,
Richardson Middle School,Richardson Middle School,Chicago,
Richland County CUSD 1,Richland County CUSD 1,Olney,
Richland County Elementary School,Richland County Elementary School,Olney,
Richland County High School,Richland County High School,Olney,
Richland County Middle School,Richland County Middle School,Olney,
Richland Elem School,Richland Elem School,Crest Hill,
Richland GSD 88A,Richland GSD 88A,Crest Hill,
Richmond Grade School,Richmond Grade School,Richmond,
Richmond Intermediate Sch,Richmond Intermediate Sch,Saint Charles,
Richmond-Burton CHSD 157,Richmond-Burton CHSD 157,Richmond,
Richmond-Burton High School,Richmond-Burton High School,Richmond,
Richton Square School,Richton Square School,Richton Park,
Richwoods High School,Richwoods High School,Peoria,
Rickover Jr High School,Rickover Jr High School,Sauk Village,
Rickover Naval Academy High Schl,Rickover Naval Academy High Schl,Chicago,
RICMS,RICMS,Rock Island,
RICMS Intermediate,RICMS Intermediate,Rock Island,
RICMS Primary,RICMS Primary,Rock Island,
Riddle Elementary School,Riddle Elementary School,Mattoon,
Ridge Academy,Ridge Academy,Chicago,
Ridge Central Elem School,Ridge Central Elem School,Chicago Ridge,
Ridge Circle Elem School,Ridge Circle Elem School,Streamwood,
Ridge Early Childhood Center,Ridge Early Childhood Center,Oak Forest,
Ridge Elementary School,Ridge Elementary School,Plainfield,
Ridge Family Center for Learning,Ridge Family Center for Learning,Elk Grove Village,
Ridge Lawn Elementary School,Ridge Lawn Elementary School,Chicago Ridge,
Ridgeland SD 122,Ridgeland SD 122,Oak Lawn,
Ridgely Elem School,Ridgely Elem School,Springfield,
Ridgeview CUSD 19,Ridgeview CUSD 19,Colfax,
Ridgeview Elementary School,Ridgeview Elementary School,Colfax,
Ridgeview Elementary School,Ridgeview Elementary School,Peoria,
Ridgeview High School,Ridgeview High School,Colfax,
Ridgeview Jr High School,Ridgeview Jr High School,Colfax,
Ridgewood CHSD 234,Ridgewood CHSD 234,Norridge,
Ridgewood Comm High School,Ridgewood Comm High School,Norridge,
Ridgewood Elem School,Ridgewood Elem School,East Moline,
Ridgewood Elem School,Ridgewood Elem School,Rock Island,
Riley CCSD 18,Riley CCSD 18,Marengo,
Riley Comm Cons School,Riley Comm Cons School,Marengo,
Riley Preschool,Riley Preschool,Harvey,
Ringwood School Primary Ctr,Ringwood School Primary Ctr,Ringwood,
River Bend CUSD 2,River Bend CUSD 2,Fulton,
River Bend Middle School,River Bend Middle School,Fulton,
River Forest SD 90,River Forest SD 90,River Forest,
River Grove Elem School,River Grove Elem School,River Grove,
River Grove SD 85-5,River Grove SD 85-5,River Grove,
River Ridge CUSD 210,River Ridge CUSD 210,Hanover,
River Ridge Elementary School,River Ridge Elementary School,Hanover,
River Ridge High School,River Ridge High School,Hanover,
River Ridge Middle School,River Ridge Middle School,Hanover,
River Trail School,River Trail School,Gurnee,
River Trails Early Learning Center at Parkview,River Trails Early Learning Center at Parkview,Mount Prospect,
River Trails Middle School,River Trails Middle School,Mount Prospect,
River Trails SD 26,River Trails SD 26,Mt Prospect,
River Valley School,River Valley School,Lemont,
River View Elementary School,River View Elementary School,Plainfield,
River Woods Elementary School,River Woods Elementary School,Naperville,
Riverdahl Elem School,Riverdahl Elem School,Rockford,
Riverdale CUSD 100,Riverdale CUSD 100,Port Byron,
Riverdale Elem School,Riverdale Elem School,Port Byron,
Riverdale Middle School,Riverdale Middle School,Port Byron,
Riverdale PreSchool Center,Riverdale PreSchool Center,Rock Falls,
Riverdale School,Riverdale School,Riverdale,
Riverdale Sr High School,Riverdale Sr High School,Port Byron,
Riveredge Hospital,Riveredge Hospital,Forest Park,
Rivers of Life Christian School,Rivers of Life Christian School,Granite City,
Riverside Brookfield Twp HS,Riverside Brookfield Twp HS,Riverside,
Riverside SD 96,Riverside SD 96,Riverside,
Riverside-Brookfield Twp SD 208,Riverside-Brookfield Twp SD 208,Riverside,
Riverton CUSD 14,Riverton CUSD 14,Riverton,
Riverton Elem School,Riverton Elem School,Riverton,
Riverton High School,Riverton High School,Riverton,
Riverton Middle School,Riverton Middle School,Riverton,
Riverview CCSD 2,Riverview CCSD 2,East Peoria,
Riverview Elem School,Riverview Elem School,East Peoria,
Riverview Elementary School,Riverview Elementary School,South Beloit,
Riverwood Elementary School,Riverwood Elementary School,McHenry,
Riverwoods Montessori School,Riverwoods Montessori School,Riverwoods,
Roanoke Benson CUSD 60,Roanoke Benson CUSD 60,Roanoke,
Roanoke-Benson High School,Roanoke-Benson High School,Roanoke,
Roanoke-Benson Jr High School,Roanoke-Benson Jr High School,Benson,
Robein Elem School,Robein Elem School,East Peoria,
Robein SD 85,Robein SD 85,East Peoria,
Robert A Jamieson School,Robert A Jamieson School,Peoria,
Robert C Hill Elem School,Robert C Hill Elem School,Romeoville,
Robert Clow Elem Sch,Robert Clow Elem Sch,Naperville,
Robert Crown School,Robert Crown School,Wauconda,
Robert E Abbott Middle School,Robert E Abbott Middle School,Waukegan,
Robert Frost Elem School,Robert Frost Elem School,Mount Prospect,
Robert Frost JHS,Robert Frost JHS,Schaumburg,
Robert T Walker Leadership Int,Robert T Walker Leadership Int,Chicago,
Robertson Charter School,Robertson Charter School,Decatur,
Robeson Elem School,Robeson Elem School,Champaign,
Robina Lyle Elementary School,Robina Lyle Elementary School,Bridgeview,
Robinson CUSD 2,Robinson CUSD 2,Robinson,
Robinson Elem School,Robinson Elem School,Chicago,
Robinson High School,Robinson High School,Robinson,
Rochelle CCSD 231,Rochelle CCSD 231,Rochelle,
Rochelle Focus House,Rochelle Focus House,Rochelle,
Rochelle Middle School,Rochelle Middle School,Rochelle,
Rochelle Twp High School,Rochelle Twp High School,Rochelle,
Rochelle Twp HSD 212,Rochelle Twp HSD 212,Rochelle,
Rochelle Zell Jewish High School,Rochelle Zell Jewish High School,Deerfield,
Rochester CUSD 3A,Rochester CUSD 3A,Rochester,
Rochester Elem 2-3,Rochester Elem 2-3,Rochester,
Rochester Elem EC-1 Sch,Rochester Elem EC-1 Sch,Rochester,
Rochester High School,Rochester High School,Rochester,
Rochester Intermediate School,Rochester Intermediate School,Rochester,
Rochester Jr High School,Rochester Jr High School,Rochester,
Rock Cut Elem School,Rock Cut Elem School,Loves Park,
Rock Falls ESD 13,Rock Falls ESD 13,Rock Falls,
Rock Falls Middle School,Rock Falls Middle School,Rock Falls,
Rock Falls Township High School,Rock Falls Township High School,Rock Falls,
Rock Falls Twp HSD 301,Rock Falls Twp HSD 301,Rock Falls,
Rock Island Academy,Rock Island Academy,Rock Island,
Rock Island High School,Rock Island High School,Rock Island,
Rock Island ROE,Rock Island ROE,Moline,
Rock Island SD 41,Rock Island SD 41,Rock Island,
Rock River Challenge,Rock River Challenge,Chana,
Rockdale Elem School,Rockdale Elem School,Rockdale,
Rockdale SD 84,Rockdale SD 84,Rockdale,
ROCKFORD BOYLAN CATHOLIC HIGH SCHOOL,ROCKFORD BOYLAN CATHOLIC HIGH SCHOOL,ROCKFORD,
Rockford Christian Schools,Rockford Christian Schools,Rockford,
Rockford East High School,Rockford East High School,Rockford,
Rockford Envrnmntl Science Acad,Rockford Envrnmntl Science Acad,Rockford,
Rockford Iqra School,Rockford Iqra School,Rockford,
Rockford Lutheran School,Rockford Lutheran School,Rockford,
Rockford SD 205,Rockford SD 205,Rockford,
Rockland Elem School,Rockland Elem School,Libertyville,
Rockridge CUSD 300,Rockridge CUSD 300,Taylor Ridge,
Rockridge High School,Rockridge High School,Taylor Ridge,
Rockridge Jr High School,Rockridge Jr High School,Taylor Ridge,
Rockton Elem School,Rockton Elem School,Rockton,
Rockton SD 140,Rockton SD 140,Rockton,
RocVale Childrens Home,RocVale Childrens Home,Rockford,
ROE #40 Safe School Jersey,ROE #40 Safe School Jersey,Carlinville,
ROE 20 Learning Alt Branch School,ROE 20 Learning Alt Branch School,Norris City,
ROE 20 Learning Alternative Branch School,ROE 20 Learning Alternative Branch School,Norris City,
ROE 53 Academy,ROE 53 Academy,Germantwn Hls,
ROE 53 Safe School,ROE 53 Safe School,Metamora,
ROE Adult Learning Ctr Jersey,ROE Adult Learning Ctr Jersey,Jerseyville,
ROE Adult Learning Ctr Macoupin,ROE Adult Learning Ctr Macoupin,Carlinville,
ROE Alternative Prog of Lake Co,ROE Alternative Prog of Lake Co,Zion,
ROE Safe Sch Greene,ROE Safe Sch Greene,White Hall,
ROE Safe Sch Macoupin,ROE Safe Sch Macoupin,Carlinville,
Rogers Elem School,Rogers Elem School,Chicago,
Rogers Elem School,Rogers Elem School,Waterloo,
Rogers Elementary School,Rogers Elementary School,North Pekin,
Rogers Park Montessori School,Rogers Park Montessori School,Chicago,
Rolling Acres Middle School,Rolling Acres Middle School,Peoria,
Rolling Green,Rolling Green,Rockford,
Rolling Meadows High School,Rolling Meadows High School,Rolling Meadows,
Rome CCSD 2,Rome CCSD 2,Dix,
Rome Comm Cons Elem School,Rome Comm Cons Elem School,Dix,
Romeoville Christian Academy,Romeoville Christian Academy,Romeoville,
Romeoville High School,Romeoville High School,Romeoville,
Romona Elem School,Romona Elem School,Wilmette,
Ronald D O Neal,Ronald D O Neal,Elgin,
Ronald Knox Montessori School,Ronald Knox Montessori School,Wilmette,
Rondout Elem School,Rondout Elem School,Lake Forest,
Rondout SD 72,Rondout SD 72,Lake Forest,
Rooks Creek CCSD 425,Rooks Creek CCSD 425,Graymont,
Roosevelt Academy,Roosevelt Academy,Forest Park,
Roosevelt Center,Roosevelt Center,Rockford,
Roosevelt Elem School,Roosevelt Elem School,Broadview,
Roosevelt Elem School,Roosevelt Elem School,Dolton,
Roosevelt Elem School,Roosevelt Elem School,Chicago Heights,
Roosevelt Elem School,Roosevelt Elem School,Moline,
Roosevelt Elem School,Roosevelt Elem School,Belleville,
Roosevelt High School,Roosevelt High School,Chicago,
Roosevelt Junior High School,Roosevelt Junior High School,Dolton,
Roosevelt Magnet School,Roosevelt Magnet School,Peoria,
Roosevelt Middle School,Roosevelt Middle School,Bellwood,
Roosevelt School,Roosevelt School,River Forest,
Rosa L Parks Middle School,Rosa L Parks Middle School,Dixmoor,
Rosary High School,Rosary High School,Aurora,
Roscoe Middle School,Roscoe Middle School,Roscoe,
Rose E Krug Elem School,Rose E Krug Elem School,Aurora,
Rosehill Montessori School,Rosehill Montessori School,Lisle,
Roselle Middle School,Roselle Middle School,Roselle,
Roselle SD 12,Roselle SD 12,Roselle,
Rosemont Elem School,Rosemont Elem School,Rosemont,
Rosemont ESD 78,Rosemont ESD 78,Rosemont,
Roslyn Road Elem School,Roslyn Road Elem School,Barrington,
Rossville-Alvin CUSD 7,Rossville-Alvin CUSD 7,Rossville,
Rossville-Alvin Elem School,Rossville-Alvin Elem School,Rossville,
Round Lake Beach Elem School,Round Lake Beach Elem School,Round Lake Beach,
Round Lake CUSD 116,Round Lake CUSD 116,Round Lake,
Round Lake Middle School,Round Lake Middle School,Round Lake Heights,
Round Lake Senior High School,Round Lake Senior High School,Round Lake,
Round Lake Transition Center,Round Lake Transition Center,Round Lake,
Routt Catholic High School,Routt Catholic High School,Jacksonville,
Rowe Elementary,Rowe Elementary,Chicago,
Roxana CUSD 1,Roxana CUSD 1,Roxana,
Roxana Junior High School,Roxana Junior High School,Roxana,
Roxana Sr High School,Roxana Sr High School,Roxana,
Roy De Shane Elementary School,Roy De Shane Elementary School,Carol Stream,
Roy Elem School,Roy Elem School,Northlake,
ROYALS Academy Canton,ROYALS Academy Canton,Canton,
ROYALS Academy Carthage,ROYALS Academy Carthage,Carthage,
ROYALS Academy Macomb,ROYALS Academy Macomb,Macomb,
ROYALS RSSP Canton,ROYALS RSSP Canton,Canton,
ROYALS RSSP Carthage,ROYALS RSSP Carthage,Carthage,
ROYALS RSSP Macomb,ROYALS RSSP Macomb,Macomb,
Roycemore School,Roycemore School,Evanston,
RTC Options Acquisition Corp,RTC Options Acquisition Corp,Indianapolis,
Rudolph Elem Learning Center,Rudolph Elem Learning Center,Chicago,
Ruggles Elem School,Ruggles Elem School,Chicago,
Ruiz Elem School,Ruiz Elem School,Chicago,
Rupley Elem School,Rupley Elem School,Elk Grove Village,
Rural Champaign Co Spec Ed Coop,Rural Champaign Co Spec Ed Coop,Champaign,
Rush Day School,Rush Day School,Chicago,
Rush Medical Center,Rush Medical Center,Chicago,
Rush University Medical Center,Rush University Medical Center,Chicago,
Rushville-Industry High School,Rushville-Industry High School,Rushville,
Russell Elem School,Russell Elem School,Litchfield,
Ruth M Schneider Elem School,Ruth M Schneider Elem School,Farmer City,
Rutland CCSD 230,Rutland CCSD 230,Ottawa,
Rutland Elem School,Rutland Elem School,Ottawa,
Rutledge Hall Elem School,Rutledge Hall Elem School,Lincolnwood,
Ryan Banks Academy,Ryan Banks Academy,Chicago,
Ryder Elem Math & Sci Spec School,Ryder Elem Math & Sci Spec School,Chicago,
S E Gross Middle School,S E Gross Middle School,Brookfield,
S T E M Academy,S T E M Academy,Calumet City,
S Will Co Coop for Spec Ed,S Will Co Coop for Spec Ed,Joliet,
Sabin Elem Magnet School,Sabin Elem Magnet School,Chicago,
Sacred Heart,Sacred Heart,Pana,
Sacred Heart,Sacred Heart,Lombard,
SACRED HEART GRIFFIN HIGH SCHOOL,SACRED HEART GRIFFIN HIGH SCHOOL,SPRINGFIELD,
Sacred Heart School,Sacred Heart School,Effingham,
Sacred Heart School,Sacred Heart School,Winnetka,
Sacred Heart School,Sacred Heart School,Melrose Park,
Sacred Heart School,Sacred Heart School,Chicago,
Sacred Heart/Griffin High School,Sacred Heart/Griffin High School,Springfield,
Safe Care Academy,Safe Care Academy,Posen,
Safe Haven School,Safe Haven School,Libertyville,
Safe Haven School Lake Bluff,Safe Haven School Lake Bluff,Lake Bluff,
Safe School Program,Safe School Program,Mount Vernon,
Safe School Program,Safe School Program,Bloomington,
Safe School Program Centralia,Safe School Program Centralia,Centralia,
Sager Solomon Schechter Day Sch,Sager Solomon Schechter Day Sch,Northbrook,
Saint Clair Co Juv Detention Center,Saint Clair Co Juv Detention Center,Belleville,
Saint Clair Co ROE Safe School,Saint Clair Co ROE Safe School,Belleville,
Saint Clair ROE,Saint Clair ROE,Belleville,
Salazar Elem Bilingual Center,Salazar Elem Bilingual Center,Chicago,
Salem CHSD 600,Salem CHSD 600,Salem,
Salem Community High School,Salem Community High School,Salem,
Salem Lutheran,Salem Lutheran,Jacksonville,
Salem Ranch Jr & Sr High Sch,Salem Ranch Jr & Sr High Sch,Flanagan,
Salem SD 111,Salem SD 111,Salem,
Salt Creek Elem School,Salt Creek Elem School,Elk Grove Village,
Salt Creek Elem School,Salt Creek Elem School,Elmhurst,
Salt Creek SD 48,Salt Creek SD 48,Villa Park,
Salt Fork Community Unit District 512,Salt Fork Community Unit District 512,Catlin,
Salt Fork High School,Salt Fork High School,Catlin,
Salt Fork Junior High School,Salt Fork Junior High School,Sidell,
Salt Fork North Elementary School,Salt Fork North Elementary School,Catlin,
Salt Fork South Elementary School,Salt Fork South Elementary School,Sidell,
Salt School,Salt School,Kankakee,
Sam Rotolo Middle Sch,Sam Rotolo Middle Sch,Batavia,
San Miguel/Back-of-the-Yards,San Miguel/Back-of-the-Yards,Chicago,
Sandburg Elem School,Sandburg Elem School,Springfield,
Sandburg Middle School,Sandburg Middle School,Elmhurst,
Sanders Academy of Excellence,Sanders Academy of Excellence,Chicago,
Sandoval CUSD 501,Sandoval CUSD 501,Sandoval,
Sandoval Elem School,Sandoval Elem School,Sandoval,
Sandoval Elem School,Sandoval Elem School,Chicago,
Sandoval Jr High School,Sandoval Jr High School,Sandoval,
Sandoval Sr High School,Sandoval Sr High School,Sandoval,
Sandridge Elem School,Sandridge Elem School,Lynwood,
Sandridge SD 172,Sandridge SD 172,Lynwood,
Sandusky Christian School,Sandusky Christian School,Tamms,
Sandwich Community High School,Sandwich Community High School,Sandwich,
Sandwich CUSD 430,Sandwich CUSD 430,Sandwich,
Sandwich Middle School,Sandwich Middle School,Sandwich,
Sangamon Area Spec Ed Dist,Sangamon Area Spec Ed Dist,Springfield,
Sangamon Co Detention Center,Sangamon Co Detention Center,Springfield,
Sangamon County Learning Academy,Sangamon County Learning Academy,Springfield,
Sangamon Safe School Program,Sangamon Safe School Program,Springfield,
Sangamon Valley CUSD 9,Sangamon Valley CUSD 9,Niantic,
Sangamon Valley High School,Sangamon Valley High School,Niantic,
Sangamon Valley Intermediate School,Sangamon Valley Intermediate School,Illiopolis,
Sangamon Valley Middle School,Sangamon Valley Middle School,Illiopolis,
Sangamon Valley Primary School,Sangamon Valley Primary School,Harristown,
Sarah A Raymond Sch of Early Educ,Sarah A Raymond Sch of Early Educ,Bloomington,
Sarah Adams Elementary School,Sarah Adams Elementary School,Lake Zurich,
Sarah Atwater Denman Elementary School,Sarah Atwater Denman Elementary School,Quincy,
Saratoga CCSD 60C,Saratoga CCSD 60C,Morris,
Saratoga Elem School,Saratoga Elem School,Morris,
SASED Central-Proj Ican & Pace,SASED Central-Proj Ican & Pace,Springfield,
Sator Sanchez Elem School,Sator Sanchez Elem School,Joliet,
Saucedo Elem Scholastic Academy,Saucedo Elem Scholastic Academy,Chicago,
Sauganash Elem School,Sauganash Elem School,Chicago,
Sauganash Montessori Sch,Sauganash Montessori Sch,Chicago,
Sauk Elem School,Sauk Elem School,Richton Park,
Saunemin CCSD 438,Saunemin CCSD 438,Saunemin,
Saunemin Elem School,Saunemin Elem School,Saunemin,
Sawyer Elem School,Sawyer Elem School,Chicago,
Sayre Elem Language Academy,Sayre Elem Language Academy,Chicago,
Scales Mound CUSD 211,Scales Mound CUSD 211,Scales Mound,
Scales Mound Elem School,Scales Mound Elem School,Scales Mound,
Scales Mound High School,Scales Mound High School,Scales Mound,
Scales Mound Jr High School,Scales Mound Jr High School,Scales Mound,
Scammon Elem School,Scammon Elem School,Chicago,
Scarlet Oak Elem School,Scarlet Oak Elem School,Oak Forest,
Schafer Elem School,Schafer Elem School,Lombard,
Schaumburg CCSD 54,Schaumburg CCSD 54,Schaumburg,
Schaumburg Christian School,Schaumburg Christian School,Schaumburg,
Schaumburg High School,Schaumburg High School,Schaumburg,
Schiller Elem School,Schiller Elem School,Centralia,
Schiller Park SD 81,Schiller Park SD 81,Schiller Park,
Schlarman Academy,Schlarman Academy,Danville,
Schmid Elem School,Schmid Elem School,Chicago,
Schneider Elem School,Schneider Elem School,North Aurora,
School Assn For Special Educ,School Assn For Special Educ,Lisle,
School Dist 133 Annex,School Dist 133 Annex,Riverdale,
School District 428 IYC-HRB,School District 428 IYC-HRB,Harrisburg,
School of Exp Arts & Learn - South,School of Exp Arts & Learn - South,Romeoville,
School of Exp Arts & Learn (SEAL),School of Exp Arts & Learn (SEAL),Lombard,
School of Fine Arts,School of Fine Arts,Calumet City,
School of Social Justice HS,School of Social Justice HS,Chicago,
School of St Mary,School of St Mary,Lake Forest,
Schramm Education Center,Schramm Education Center,Pekin,
Schrum Memorial School,Schrum Memorial School,Calumet City,
Schubert Elem School,Schubert Elem School,Chicago,
Schurz High School,Schurz High School,Chicago,
Schuyler Industry Middle School,Schuyler Industry Middle School,Rushville,
Schuyler-Industry CUSD 5,Schuyler-Industry CUSD 5,Rushville,
Science Academy of Chicago,Science Academy of Chicago,Mount Prospect,
Science and Arts Academy,Science and Arts Academy,Des Plaines,
Scott Altman Primary School,Scott Altman Primary School,Pekin,
Scott Elem School,Scott Elem School,Scott Air Force Base,
Scott Elementary School,Scott Elementary School,Melrose Park,
Scott Elementary School,Scott Elementary School,Naperville,
Scott-Morgan CUSD 2,Scott-Morgan CUSD 2,Bluffs,
Scullen Middle School,Scullen Middle School,Naperville,
Scuola Italiana Enrico Fermi,Scuola Italiana Enrico Fermi,Chicago,
SD 45 DuPage County,SD 45 DuPage County,Villa Park,
SD U-46,SD U-46,Elgin,
SEAL,SEAL,Lombard,
SEAL - West,SEAL - West,Woodstock,
Seal Quest,Seal Quest,Woodstock,
Seal-West Intensive,Seal-West Intensive,Woodstock,
SEAPCO Academy,SEAPCO Academy,Peoria,
SEAPCO RISE,SEAPCO RISE,Peoria,
Searcie Smith Learning Academy,Searcie Smith Learning Academy,Chicago,
SEDOL Sector Programs,SEDOL Sector Programs,Gages Lake,
Selmaville CCSD 10,Selmaville CCSD 10,Salem,
Selmaville Elem School,Selmaville Elem School,Salem,
Seneca CCSD 170,Seneca CCSD 170,Seneca,
Seneca Elem School South Campus,Seneca Elem School South Campus,Seneca,
Seneca Grade School North Campus,Seneca Grade School North Campus,Seneca,
Seneca High School,Seneca High School,Seneca,
Seneca Twp HSD 160,Seneca Twp HSD 160,Seneca,
Senn High School,Senn High School,Chicago,
Sequel Pomegranate Hlth Systems-Lumin,Sequel Pomegranate Hlth Systems-Lumin,Columbus,
Sequel Youth & Family Srvcs-Woodward Youth Corp,Sequel Youth & Family Srvcs-Woodward Youth Corp,Madrid,
Sequel Youth & Family Srvcs-Woodward Youth Corp,Sequel Youth & Family Srvcs-Woodward Youth Corp,Estherville,
Sequel Youth and Family Services,Sequel Youth and Family Services,Kalamazoo,
Sequel Youth Srvs Pomegranate Hlth,Sequel Youth Srvs Pomegranate Hlth,Columbus,
Serena CUSD 2,Serena CUSD 2,Serena,
Serena High School,Serena High School,Serena,
Serena Hills Elem School,Serena Hills Elem School,Chicago Heights,
Serena Middle School,Serena Middle School,Serena,
SESE School,SESE School,Sainte Marie,
Sesser-Valier CUSD 196,Sesser-Valier CUSD 196,Sesser,
Sesser-Valier Elem School,Sesser-Valier Elem School,Sesser,
Sesser-Valier High School,Sesser-Valier High School,Sesser,
Sesser-Valier Jr High School,Sesser-Valier Jr High School,Sesser,
Seth Paine Elem School,Seth Paine Elem School,Hawthorn Woods,
Seth Whitman Elem Sch,Seth Whitman Elem Sch,Belvidere,
Seton Academy,Seton Academy,Villa Park,
Seton Catholic School,Seton Catholic School,Moline,
Seton Little Peoples Montessori,Seton Little Peoples Montessori,Clarendon Hills,
Seven Hills Foundation,Seven Hills Foundation,Barre,
Seventh Ave Elem School,Seventh Ave Elem School,La Grange,
Seventh Day Adventist School,Seventh Day Adventist School,Sheridan,
Seward Elem Communication Arts Ac,Seward Elem Communication Arts Ac,Chicago,
Seymour Elementary School,Seymour Elementary School,Payson,
Seymour High School,Seymour High School,Payson,
Shabbona Elem School,Shabbona Elem School,Bourbonnais,
Shabbona Middle School,Shabbona Middle School,Morris,
Shabonee School,Shabonee School,Northbrook,
Shawnee CUSD 84,Shawnee CUSD 84,Wolf Lake,
Shawnee Elementary School,Shawnee Elementary School,Wolf Lake,
Shawnee High School,Shawnee High School,Wolf Lake,
Shawnee Jr High School,Shawnee Jr High School,Wolf Lake,
Shelbyville Bridges,Shelbyville Bridges,Shelbyville,
Shelbyville CUSD 4,Shelbyville CUSD 4,Shelbyville,
Shelbyville High School,Shelbyville High School,Shelbyville,
Shelbyville Kindergarten Center,Shelbyville Kindergarten Center,Shelbyville,
Shelia Daniels Christian Academy,Shelia Daniels Christian Academy,Waukegan,
Shepherd Middle School,Shepherd Middle School,Ottawa,
Sheridan Elem Math & Science Acad,Sheridan Elem Math & Science Acad,Chicago,
Sheridan Elem School,Sheridan Elem School,Bloomington,
Sheridan Elem School,Sheridan Elem School,Lake Forest,
Sheridan Elem School,Sheridan Elem School,Sheridan,
Sheridan Elem School,Sheridan Elem School,Elgin,
Sherlock Elem School,Sherlock Elem School,Cicero,
Sherman Elem School,Sherman Elem School,Chicago,
Sherman Elem School,Sherman Elem School,Sherman,
Sherrard CUSD 200,Sherrard CUSD 200,Sherrard,
Sherrard Elementary School,Sherrard Elementary School,Sherrard,
Sherrard High School,Sherrard High School,Sherrard,
Sherrard Jr High School,Sherrard Jr High School,Sherrard,
Sherwood Elem School,Sherwood Elem School,Chicago,
Sherwood Elem School,Sherwood Elem School,Highland Park,
Shields Elem School,Shields Elem School,Chicago,
Shields Middle School,Shields Middle School,Chicago,
Shiloh CUSD 1,Shiloh CUSD 1,Hume,
Shiloh Elementary School,Shiloh Elementary School,Hume,
Shiloh Elementary School,Shiloh Elementary School,Shiloh,
Shiloh High School,Shiloh High School,Hume,
Shiloh Middle School,Shiloh Middle School,Shiloh,
Shiloh Park Elem School,Shiloh Park Elem School,Zion,
Shiloh Village SD 85,Shiloh Village SD 85,Shiloh,
Shining Stars Early Learning Center,Shining Stars Early Learning Center,Aurora,
Shining Stars Early Learning Cntr,Shining Stars Early Learning Cntr,Algonquin,
Shipman Elem School,Shipman Elem School,Shipman,
Shirland C C School,Shirland C C School,Shirland,
Shirland CCSD 134,Shirland CCSD 134,Shirland,
Shoesmith Elem School,Shoesmith Elem School,Chicago,
Shoop Math-Sci Tech Elem Academy,Shoop Math-Sci Tech Elem Academy,Chicago,
Sieden Prairie Elementary School,Sieden Prairie Elementary School,Matteson,
Signal Hill Elem School,Signal Hill Elem School,Belleville,
Signal Hill SD 181,Signal Hill SD 181,Belleville,
Sigwalt CLS Center,Sigwalt CLS Center,Rolling Meadows,
Silas Willard Elem School,Silas Willard Elem School,Galesburg,
Silver Creek Elementary,Silver Creek Elementary,Troy,
Silvis SD 34,Silvis SD 34,East Moline,
Simeon Career Academy High School,Simeon Career Academy High School,Chicago,
Simmons Middle School,Simmons Middle School,Oak Lawn,
Simpson Acad HS for Young Women,Simpson Acad HS for Young Women,Chicago,
Sisters of St Joseph,Sisters of St Joseph,Wheaton,
SIU Charter Sch of East St Louis,SIU Charter Sch of East St Louis,East Saint Louis,
SJPWC Prep Academy,SJPWC Prep Academy,Pulaski,
Skinner Elem School,Skinner Elem School,Chicago,
Skinner North Elem Sch,Skinner North Elem Sch,Chicago,
Skoff Elementary,Skoff Elementary,Romeoville,
Skokie Montessori School,Skokie Montessori School,Skokie,
Skokie SD 68,Skokie SD 68,Skokie,
Skokie SD 69,Skokie SD 69,Skokie,
Skokie SD 73-5,Skokie SD 73-5,Skokie,
Skyline Academy,Skyline Academy,Marion,
Sleepy Hollow Elem School,Sleepy Hollow Elem School,Sleepy Hollow,
Smith W Elem School,Smith W Elem School,Chicago,
Smith Elem School,Smith Elem School,Aurora,
Smithton CCSD 130,Smithton CCSD 130,Smithton,
Smithton Elem School,Smithton Elem School,Smithton,
Smyser Elem School,Smyser Elem School,Chicago,
Smyth J Elem School,Smyth J Elem School,Chicago,
So Central Comm Serv-So Shore,So Central Comm Serv-So Shore,Chicago,
Soaring Eagle - Transition,Soaring Eagle - Transition,Lombard,
Soaring Eagle Academy,Soaring Eagle Academy,Lombard,
Social-Emotional Alt Program,Social-Emotional Alt Program,Decatur,
Solomon Elem School,Solomon Elem School,Chicago,
Solorio Academy High School,Solorio Academy High School,Chicago,
Somonauk Christian School,Somonauk Christian School,Somonauk,
Somonauk CUSD 432,Somonauk CUSD 432,Somonauk,
Somonauk High School,Somonauk High School,Somonauk,
Somonauk Middle School,Somonauk Middle School,Somonauk,
Sonia Shankman Ortho Day - Int,Sonia Shankman Ortho Day - Int,Chicago,
Sonia Shankman Orthogenic,Sonia Shankman Orthogenic,Chicago,
Sonia Shankman Orthogenic - Int,Sonia Shankman Orthogenic - Int,Chicago,
Sonia Shankman Orthogenic-Day,Sonia Shankman Orthogenic-Day,Chicago,
Sor Juana Ines de la Cruz,Sor Juana Ines de la Cruz,Chicago,
Sorento Elem School,Sorento Elem School,Sorento,
South Beloit Jr High School,South Beloit Jr High School,South Beloit,
South Beloit Sr High School,South Beloit Sr High School,South Beloit,
South Campus,South Campus,Palatine,
South Campus of Pope St John Paull II Catholic Academy,South Campus of Pope St John Paull II Catholic Academy,Aurora,
South Campus-Extended Day,South Campus-Extended Day,Palatine,
South Central Comm Serv Inc,South Central Comm Serv Inc,Chicago,
South Central Community Services,South Central Community Services,Chicago,
SOUTH CENTRAL COMMUNITY SERVICES - SOUTH SHORE,SOUTH CENTRAL COMMUNITY SERVICES - SOUTH SHORE,CHICAGO,
South Central CUD 401,South Central CUD 401,Kinmundy,
South Central Elementary-Kinmundy,South Central Elementary-Kinmundy,Kinmundy,
South Central High School,South Central High School,Farina,
South Central Middle School,South Central Middle School,Kinmundy,
South Central School,South Central School,Chicago,
SOUTH CENTRAL SCHOOL MAIN CAMPUS,SOUTH CENTRAL SCHOOL MAIN CAMPUS,CHICAGO,
South Central School-Main Campus,South Central School-Main Campus,Chicago,
South Eastern Sp Ed Program,South Eastern Sp Ed Program,Sainte Marie,
South Elem School,South Elem School,Glencoe,
South Elem School,South Elem School,Des Plaines,
South Elem School,South Elem School,Marshall,
South Elem School,South Elem School,Crystal Lake,
South Elementary School,South Elementary School,Chillicothe,
South Elgin High School,South Elgin High School,South Elgin,
South Fork Elementary School,South Fork Elementary School,Kincaid,
South Fork Jr Sr High School,South Fork Jr Sr High School,Kincaid,
South Fork SD 14,South Fork SD 14,Kincaid,
South Holland SD 150,South Holland SD 150,South Holland,
South Holland SD 151,South Holland SD 151,South Holland,
South Jacksonville Elem School,South Jacksonville Elem School,South Jacksonville,
South Loop Elem School,South Loop Elem School,Chicago,
South Loop Montessori School,South Loop Montessori School,Chicago,
South Macoupin Association,South Macoupin Association,Staunton,
South Middle School,South Middle School,Arlington Heights,
South Park Elem School,South Park Elem School,Deerfield,
South Pekin Elem School,South Pekin Elem School,South Pekin,
South Pekin SD 137,South Pekin SD 137,South Pekin,
South Prairie Elementary School,South Prairie Elementary School,Sycamore,
South Primary School,South Primary School,South Roxana,
South School,South School,Mundelein,
South School,South School,Westmont,
South Shore Fine Arts Elem Sch,South Shore Fine Arts Elem Sch,Chicago,
South Shore Intl Col Prep HS,South Shore Intl Col Prep HS,Chicago,
South Shores Elem School,South Shores Elem School,Decatur,
South Side Christian Academy,South Side Christian Academy,Peoria,
South Side Elementary School,South Side Elementary School,Champaign,
South Side Grade School,South Side Grade School,Effingham,
South Subrbn Acadmy of Early Lrng,South Subrbn Acadmy of Early Lrng,Orland Park,
South Suburban Christian Academy,South Suburban Christian Academy,Matteson,
South Suburban SDA Christian Sch,South Suburban SDA Christian Sch,Park Forest,
South View Upper Elem School,South View Upper Elem School,Danville,
South Wilmington CCSD 74,South Wilmington CCSD 74,South Wilmington,
South Wilmington Grade School,South Wilmington Grade School,South Wilmington,
Southbury Elem School,Southbury Elem School,Oswego,
Southeast Alternative School,Southeast Alternative School,Naperville,
Southeast Area Elementary School,Southeast Area Elementary School,Chicago,
Southeast Elem School,Southeast Elem School,Evergreen Park,
Southeast Elem School,Southeast Elem School,Sycamore,
Southeast Learning Center,Southeast Learning Center,Decatur,
Southeastern CUSD 337,Southeastern CUSD 337,Augusta,
Southeastern Elementary School,Southeastern Elementary School,Bowen,
Southeastern Jr/Sr High School,Southeastern Jr/Sr High School,Augusta,
Southern View Elem School,Southern View Elem School,Springfield,
Southland College Prep Charter High School,Southland College Prep Charter High School,Richton Park,
Southland College Prep Chtr HS,Southland College Prep Chtr HS,Richton Park,
Southside Occupational Acad HS,Southside Occupational Acad HS,Chicago,
Southside School,Southside School,Morrison,
Southwest Elem School,Southwest Elem School,Danville,
Southwest Chicago Christian Sch,Southwest Chicago Christian Sch,Oak Lawn,
Southwest Chicago Christian School - TP Campus,Southwest Chicago Christian School - TP Campus,Tinley Park,
Southwest Cook Coop Spec Ed,Southwest Cook Coop Spec Ed,Oak Forest,
Southwest Elem School,Southwest Elem School,Evergreen Park,
Southwest Elem School,Southwest Elem School,Geneseo,
Southwest Suburban Montessori Sch,Southwest Suburban Montessori Sch,Palos Park,
Southwestern CUSD 9,Southwestern CUSD 9,Brighton,
Southwestern High School,Southwestern High School,Piasa,
Southwestern Illinois Career & Technical Education System,Southwestern Illinois Career & Technical Education System,O Fallon,
Southwestern Middle School,Southwestern Middle School,Piasa,
Southwood Middle School,Southwood Middle School,Country Club Hills,
Southwood Psychiatric Hospital,Southwood Psychiatric Hospital,Pittsburgh,
Sowers Elementary School,Sowers Elementary School,Roanoke,
SOWIC Education Center,SOWIC Education Center,Wilmington,
SOWIC-Com & Adaptive Bhvr NB Galloway,SOWIC-Com & Adaptive Bhvr NB Galloway,Channahon,
SOWIC-Comm & Adaptive Bhvr CJH,SOWIC-Comm & Adaptive Bhvr CJH,Channahon,
SOWIC-Comm & Adaptive Bhvr Pioneer,SOWIC-Comm & Adaptive Bhvr Pioneer,Channahon,
SOWIC-Comm & Adaptive Bhvr Three Rivers,SOWIC-Comm & Adaptive Bhvr Three Rivers,Channahon,
SOWIC-Early Childhood Channahon,SOWIC-Early Childhood Channahon,Channahon,
SOWIC-EC Reed Custer,SOWIC-EC Reed Custer,Braidwood,
SOWIC-EC Wilmington,SOWIC-EC Wilmington,Wilmington,
SOWIC-Educ & Life Skills-Reed Custer ELEM,SOWIC-Educ & Life Skills-Reed Custer ELEM,Braidwood,
SOWIC-Educ & Life Skills-Reed Custer MS,SOWIC-Educ & Life Skills-Reed Custer MS,Braidwood,
SOWIC-Educ & Life Skills-Wilmington HS,SOWIC-Educ & Life Skills-Wilmington HS,Wilmington,
Sparta CUSD 140,Sparta CUSD 140,Sparta,
Sparta High School,Sparta High School,Sparta,
Sparta Lincoln School,Sparta Lincoln School,Sparta,
Spaulding Elementary School,Spaulding Elementary School,Gurnee,
Spaulding School,Spaulding School,Midlothian,
Spec Ed Dist of McHenry Co-Sedom,Spec Ed Dist of McHenry Co-Sedom,Woodstock,
Spec Educ Assoc of Adams County,Spec Educ Assoc of Adams County,Quincy,
Spec Educ Assoc of Peoria County,Spec Educ Assoc of Peoria County,Peoria,
Spec Educ Dist Lake County/Sedol,Spec Educ Dist Lake County/Sedol,Grayslake,
Special Creations,Special Creations,Elgin,
Special Education and Student Services,Special Education and Student Services,Jacksonville,
Special Education Services,Special Education Services,North Aurora,
Specialized Ed Services Inc-SESI,Specialized Ed Services Inc-SESI,Yardley,
Spectrum Center,Spectrum Center,San Pablo,
Spectrum Center L.C. Int,Spectrum Center L.C. Int,Lindenhurst,
Spectrum Center Lake County,Spectrum Center Lake County,Lindenhurst,
Spectrum School,Spectrum School,Rockford,
Speed Early Learning Center,Speed Early Learning Center,Chicago Heights,
Speed Independence Elem Sch,Speed Independence Elem Sch,Chicago Heights,
Speed Independence High School,Speed Independence High School,Chicago Heights,
Speed Program for Adaptive Learn,Speed Program for Adaptive Learn,Chicago Heights,
Speed SEJA #802,Speed SEJA #802,Chicago Heights,
Spencer Crossing,Spencer Crossing,New Lenox,
Spencer Loomis Elementary School,Spencer Loomis Elementary School,Hawthorn Woods,
Spencer Pointe,Spencer Pointe,New Lenox,
Spencer Technology Acad Elem Sch,Spencer Technology Acad Elem Sch,Chicago,
Spencer Trail,Spencer Trail,New Lenox,
Spero Family Services,Spero Family Services,Mount Vernon,
Spfld Diocese Catholic Charities,Spfld Diocese Catholic Charities,Springfield,
Spoon River Valley CUSD 4,Spoon River Valley CUSD 4,London Mills,
Spoon River Valley Elem School,Spoon River Valley Elem School,London Mills,
Spoon River Valley Jr High Sch,Spoon River Valley Jr High Sch,London Mills,
Spoon River Valley Sr High Sch,Spoon River Valley Sr High Sch,London Mills,
Spring Ave Elem School,Spring Ave Elem School,La Grange,
Spring Brook Elementary School,Spring Brook Elementary School,Naperville,
Spring Creek Elem School,Spring Creek Elem School,Rockford,
Spring Garden Community Consolidated School District 178,Spring Garden Community Consolidated School District 178,Mount Vernon,
Spring Garden Elementary School,Spring Garden Elementary School,Mount Vernon,
Spring Garden Middle School,Spring Garden Middle School,Ina,
Spring Grove Elementary School,Spring Grove Elementary School,Spring Grove,
Spring Hills Elem School,Spring Hills Elem School,Roselle,
Spring Lake CCSD 606,Spring Lake CCSD 606,Manito,
Spring Lake Elem School,Spring Lake Elem School,Manito,
Spring Trail Elementary School,Spring Trail Elementary School,Carol Stream,
Spring Valley CCSD 99,Spring Valley CCSD 99,Spring Valley,
Spring Wood Middle School,Spring Wood Middle School,Hanover Park,
Springfield Ball Charter School,Springfield Ball Charter School,Springfield,
Springfield Christian Sch,Springfield Christian Sch,Springfield,
Springfield Elem School,Springfield Elem School,Midlothian,
Springfield High School,Springfield High School,Springfield,
Springfield Learning Academy,Springfield Learning Academy,Springfield,
Springfield SD 186,Springfield SD 186,Springfield,
Springfield Southeast High Sch,Springfield Southeast High Sch,Springfield,
Springman Middle School,Springman Middle School,Glenview,
Sprout Academy,Sprout Academy,Chicago,
Spry Community Links High School,Spry Community Links High School,Chicago,
Spry Elem Community School,Spry Elem Community School,Chicago,
Sr Thea Bowman Catholic School,Sr Thea Bowman Catholic School,East Saint Louis,
SS Cyril & Methodius School,SS Cyril & Methodius School,Lemont,
SS Peter and Paul School,SS Peter and Paul School,Naperville,
SS Peter and Paul School,SS Peter and Paul School,Collinsville,
SS Peter and Paul School,SS Peter and Paul School,Waterloo,
SSP Tioga Elem Sch,SSP Tioga Elem Sch,Bensenville,
SSP-F.E. Peacock MS-Itasca SD 10,SSP-F.E. Peacock MS-Itasca SD 10,Itasca,
SSP-Roselle MS-Roselle SD 12,SSP-Roselle MS-Roselle SD 12,Roselle,
SSP-Spring Hills Elem-Roselle SD 12,SSP-Spring Hills Elem-Roselle SD 12,Roselle,
St Agatha School,St Agatha School,New Athens,
St Agnes of Bohemia,St Agnes of Bohemia,Chicago,
St Agnes School,St Agnes School,Chicago Heights,
St Agnes School,St Agnes School,Springfield,
St Ailbe School,St Ailbe School,Chicago,
St Albert the Great School,St Albert the Great School,Burbank,
St Alexander School,St Alexander School,Palos Heights,
St Aloysius School,St Aloysius School,Springfield,
St Alphonsus - St Patrick,St Alphonsus - St Patrick,Lemont,
St Alphonsus Liguori,St Alphonsus Liguori,Prospect Heights,
St Ambrose School,St Ambrose School,Godfrey,
St Anastasia,St Anastasia,Waukegan,
St Andrew School,St Andrew School,Chicago,
St Andrew the Apostle School,St Andrew the Apostle School,Romeoville,
St Andrews,St Andrews,Rock Falls,
St Andrews Lutheran School,St Andrews Lutheran School,Park Ridge,
St Andrews School,St Andrews School,Murphysboro,
St Angela School,St Angela School,Chicago,
St Ann,St Ann,Chicago,
St Ann Catholic School,St Ann Catholic School,Nashville,
St Ann School,St Ann School,Lansing,
St Anne,St Anne,Barrington,
St Anne CCSD 256,St Anne CCSD 256,Saint Anne,
St Anne CHSD 302,St Anne CHSD 302,Saint Anne,
St Anne Comm High School,St Anne Comm High School,Saint Anne,
St Anne Elem School,St Anne Elem School,Saint Anne,
St Anne School,St Anne School,Dixon,
St Anthony Grade School,St Anthony Grade School,Effingham,
St Anthony High School,St Anthony High School,Effingham,
St Athanasius School,St Athanasius School,Evanston,
St Barnabas Christian Preschool and Kindergarten,St Barnabas Christian Preschool and Kindergarten,Cary,
St Barnabas School,St Barnabas School,Chicago,
St Bartholomew School,St Bartholomew School,Chicago,
St Bede,St Bede,Ingleside,
St Bede Academy,St Bede Academy,Peru,
St Bede the Venerable,St Bede the Venerable,Chicago,
St Benedict,St Benedict,Blue Island,
St Benedict Elem School,St Benedict Elem School,Chicago,
St Bernadette School,St Bernadette School,Evergreen Park,
St Bernardine School,St Bernardine School,Forest Park,
St Boniface,St Boniface,Edwardsville,
St Bridget School,St Bridget School,Loves Park,
St Bruno,St Bruno,Pinckneyville,
St Bruno School,St Bruno School,Chicago,
St Cajetan,St Cajetan,Chicago,
St Catherine Laboure,St Catherine Laboure,Glenview,
St Catherine of Alexandria,St Catherine of Alexandria,Oak Lawn,
St Catherine of Siena,St Catherine of Siena,West Dundee,
St Catherine of Siena-St Lucy,St Catherine of Siena-St Lucy,Oak Park,
St Celestine School,St Celestine School,Elmwood Park,
St Charles Borromeo,St Charles Borromeo,Hampshire,
St Charles CUSD 303,St Charles CUSD 303,Saint Charles,
St Charles East High School,St Charles East High School,Saint Charles,
St Charles East High School,St Charles East High School,St Charles,
St Charles North High School,St Charles North High School,Saint Charles,
St Charles North High School,St Charles North High School,St Charles,
St Christina,St Christina,Chicago,
St Christopher School,St Christopher School,Midlothian,
St Clair Co Juv Detention Center,St Clair Co Juv Detention Center,Belleville,
St Clair ROE Special Education,St Clair ROE Special Education,Belleville,
St Clare Catholic School,St Clare Catholic School,O Fallon,
St Clement School,St Clement School,Chicago,
St Cletus School,St Cletus School,La Grange,
St Coletta of Illinois,St Coletta of Illinois,Tinley Park,
St Coletta/Cardinal Cushing,St Coletta/Cardinal Cushing,Hanover,
St Colette School,St Colette School,Rolling Meadows,
St Constance School,St Constance School,Chicago,
St Damian School,St Damian School,Oak Forest,
St Daniel the Prophet School,St Daniel the Prophet School,Chicago,
St Dennis,St Dennis,Lockport,
St Dominic,St Dominic,Bolingbrook,
St Dominic School,St Dominic School,Quincy,
St Edward,St Edward,Chicago,
St Edward Central Catholic H S,St Edward Central Catholic H S,Elgin,
ST EDWARD CENTRAL CATHOLIC HIGH SCHOOL,ST EDWARD CENTRAL CATHOLIC HIGH SCHOOL,ELGIN,
St Edward School,St Edward School,Chillicothe,
St Elizabeth School,St Elizabeth School,Granite City,
St Elizabeth Seton Preschool,St Elizabeth Seton Preschool,Naperville,
St Elmo CUSD 202,St Elmo CUSD 202,Saint Elmo,
St Elmo Elem School,St Elmo Elem School,Saint Elmo,
St Elmo Jr High School,St Elmo Jr High School,Saint Elmo,
St Elmo Sr High School,St Elmo Sr High School,Saint Elmo,
St Emily School,St Emily School,Mt Prospect,
St Ethelreda School,St Ethelreda School,Chicago,
St Eugene,St Eugene,Chicago,
St Faith Hope & Charity,St Faith Hope & Charity,Winnetka,
St Ferdinand School,St Ferdinand School,Chicago,
St Florian,St Florian,Chicago,
St Frances of Rome,St Frances of Rome,Cicero,
St Francis Borgia School,St Francis Borgia School,Chicago,
St Francis De Sales,St Francis De Sales,Lake Zurich,
St Francis De Sales High School,St Francis De Sales High School,Chicago,
St Francis High School,St Francis High School,Wheaton,
St Francis Solanus,St Francis Solanus,Quincy,
St Francis Xavier,St Francis Xavier,Wilmette,
St Francis Xavier,St Francis Xavier,La Grange,
St Francis/Holy Ghost School,St Francis/Holy Ghost School,Jerseyville,
St Gabriel,St Gabriel,Chicago,
St Gall,St Gall,Chicago,
St Genevieve School,St Genevieve School,Chicago,
St George CCSD 258,St George CCSD 258,Bourbonnais,
St George Elem School,St George Elem School,Bourbonnais,
St George School,St George School,Tinley Park,
St Gerald School,St Gerald School,Oak Lawn,
St Germaine School,St Germaine School,Oak Lawn,
St Gilbert,St Gilbert,Grayslake,
St Giles School,St Giles School,Oak Park,
St Helen School,St Helen School,Chicago,
St Hilary School,St Hilary School,Chicago,
St Hubert School,St Hubert School,Hoffman Estates,
St Ignatius College Prep,St Ignatius College Prep,Chicago,
St Irene School,St Irene School,Warrenville,
St Isaac Jogues,St Isaac Jogues,Hinsdale,
St Isidore School,St Isidore School,Bloomingdale,
St Jacob Elem School,St Jacob Elem School,Saint Jacob,
St James Catholic School,St James Catholic School,Millstadt,
St James Lutheran,St James Lutheran,Quincy,
St James Lutheran,St James Lutheran,Chicago,
St James School,St James School,Belvidere,
St James School,St James School,Arlington Heights,
St James the Apostle,St James the Apostle,Glen Ellyn,
St Jane De Chantal School,St Jane De Chantal School,Chicago,
St Jerome School,St Jerome School,Chicago,
St Joan of Arc,St Joan of Arc,Lisle,
St John Berchmans School,St John Berchmans School,Chicago,
St John Brebeuf School,St John Brebeuf School,Niles,
St John De La Salle School,St John De La Salle School,Chicago,
St John Ev Lutheran School,St John Ev Lutheran School,Chicago,
St John Fisher,St John Fisher,Chicago,
St John Lutheran,St John Lutheran,Country Club Hills,
St John Lutheran School,St John Lutheran School,Champaign,
St John Lutheran School,St John Lutheran School,Chester,
St John Neumann,St John Neumann,Maryville,
St John of the Cross,St John of the Cross,Western Springs,
St John The Baptist,St John The Baptist,Winfield,
St John the Baptist,St John the Baptist,West Frankfort,
St John the Baptist,St John the Baptist,Red Bud,
St John the Baptist Catholic,St John the Baptist Catholic,Smithton,
St John The Baptist Catholic Sch,St John The Baptist Catholic Sch,Johnsburg,
St John the Evangelist,St John the Evangelist,Streamwood,
St John the Evangelist School,St John the Evangelist School,Carrollton,
St John Vianney School,St John Vianney School,Northlake,
St Johns Lutheran,St Johns Lutheran,Lombard,
St Johns Lutheran Grade School,St Johns Lutheran Grade School,New Berlin,
St Johns Lutheran Parochial Sch,St Johns Lutheran Parochial Sch,Mattoon,
St Johns Lutheran School,St Johns Lutheran School,La Grange,
St Johns Lutheran School,St Johns Lutheran School,Elgin,
St Johns Lutheran School,St Johns Lutheran School,Buckley,
St Johns Lutheran School,St Johns Lutheran School,Libertyville,
St Johns Lutheran School,St Johns Lutheran School,Red Bud,
St Josaphat,St Josaphat,Chicago,
St Joseph,St Joseph,Summit,
St Joseph,St Joseph,Round Lake,
St Joseph,St Joseph,Manhattan,
St Joseph Academy,St Joseph Academy,Joliet,
St Joseph CCSD 169,St Joseph CCSD 169,Saint Joseph,
St Joseph Elem School,St Joseph Elem School,Saint Joseph,
St Joseph Grade School,St Joseph Grade School,Olney,
St Joseph High School,St Joseph High School,Westchester,
St Joseph Middle School,St Joseph Middle School,Saint Joseph,
St Joseph Ogden CHSD 305,St Joseph Ogden CHSD 305,Saint Joseph,
St Joseph School,St Joseph School,Wilmette,
St Joseph School,St Joseph School,Downers Grove,
St Joseph School,St Joseph School,Elgin,
St Joseph School,St Joseph School,Libertyville,
St Joseph School,St Joseph School,Freeburg,
St Joseph School,St Joseph School,Pekin,
St Joseph School,St Joseph School,Lockport,
St Joseph-Ogden High School,St Joseph-Ogden High School,Saint Joseph,
St Jude,St Jude,Joliet,
St Jude Catholic School,St Jude Catholic School,Peoria,
St Jude School,St Jude School,New Lenox,
St Juliana School,St Juliana School,Chicago,
St Ladislaus,St Ladislaus,Chicago,
ST LAURENCE H.S.,ST LAURENCE H.S.,BURBANK,
St Laurence High School,St Laurence High School,Burbank,
St Laurence School,St Laurence School,Elgin,
St Leonard School,St Leonard School,Berwyn,
St Libory Cons SD 30,St Libory Cons SD 30,Saint Libory,
St Libory Elem School,St Libory Elem School,Saint Libory,
St Linus School,St Linus School,Oak Lawn,
St Louis Catholic School,St Louis Catholic School,Nokomis,
St Louise De Marillac School,St Louise De Marillac School,La Grange Park,
St Luke Academy,St Luke Academy,Chicago,
St Luke Catholic School,St Luke Catholic School,River Forest,
St Lukes Christian Academy,St Lukes Christian Academy,Montgomery,
St Malachy,St Malachy,Rantoul,
St Malachy School,St Malachy School,Chicago,
St Malachy School,St Malachy School,Geneseo,
St Margaret Mary,St Margaret Mary,Algonquin,
St Margaret of Scotland School,St Margaret of Scotland School,Chicago,
St Maria Goretti School,St Maria Goretti School,Schiller Park,
St Mark,St Mark,Peoria,
St Mark Lutheran School,St Mark Lutheran School,Sauk Village,
St Marks Lutheran School,St Marks Lutheran School,Steeleville,
St Mary,St Mary,DeKalb,
St Mary,St Mary,West Chicago,
St Mary,St Mary,Buffalo Grove,
St Mary,St Mary,Alton,
St Mary,St Mary,Sterling,
St Mary,St Mary,Mokena,
St Mary Elem & Jr High School,St Mary Elem & Jr High School,Dixon,
St Mary Immaculate School,St Mary Immaculate School,Plainfield,
St Mary Nativity,St Mary Nativity,Joliet,
St Mary of Gostyn School,St Mary of Gostyn School,Downers Grove,
St Mary of the Angels,St Mary of the Angels,Chicago,
St Mary of the Lake School,St Mary of the Lake School,Chicago,
St Mary of the Woods School,St Mary of the Woods School,Chicago,
St Mary School,St Mary School,Mount Sterling,
St Mary School,St Mary School,Taylorville,
St Mary School,St Mary School,Riverside,
St Mary School,St Mary School,Mattoon,
St Mary School,St Mary School,Centralia,
St Mary School,St Mary School,Sycamore,
St Mary School,St Mary School,Pontiac,
St Mary School,St Mary School,Bloomington,
St Mary School,St Mary School,Mount Carmel,
St Mary School,St Mary School,Plano,
St Mary School,St Mary School,Elgin,
St Mary School,St Mary School,Brussels,
St Mary School,St Mary School,Woodstock,
St Mary School,St Mary School,Chester,
St Mary Star of the Sea,St Mary Star of the Sea,Chicago,
St Marys,St Marys,Mount Vernon,
St Marys Adolescent Ed Program,St Marys Adolescent Ed Program,Decatur,
St Marys Parish Sch of Kickapoo,St Marys Parish Sch of Kickapoo,Edwards,
St Marys School,St Marys School,East Dubuque,
St Marys School,St Marys School,Edwardsville,
St Marys School,St Marys School,Metamora,
St Matthew School,St Matthew School,Glendale Heights,
St Matthews School,St Matthews School,Champaign,
St Matthias/Transfiguration Sch,St Matthias/Transfiguration Sch,Chicago,
St Michael,St Michael,Wheaton,
St Michael School,St Michael School,Orland Park,
St Michael School,St Michael School,Sigel,
St Michael the Archangel Sch,St Michael the Archangel Sch,Streator,
St Monica School,St Monica School,Chicago,
St Nicholas Cathedral,St Nicholas Cathedral,Chicago,
St Nicholas of Tolentine School,St Nicholas of Tolentine School,Chicago,
St Norbert School,St Norbert School,Northbrook,
St Norbert School,St Norbert School,Hardin,
St Odilo School,St Odilo School,Berwyn,
St Patricia School,St Patricia School,Hickory Hills,
St Patrick,St Patrick,Wadsworth,
St Patrick,St Patrick,Washington,
St Patrick,St Patrick,Joliet,
St Patrick Elem,St Patrick Elem,Decatur,
St Patrick Grade School,St Patrick Grade School,Springfield,
St Patrick High School,St Patrick High School,Chicago,
St Patrick School,St Patrick School,St Charles,
St Paul C O G I C Academy,St Paul C O G I C Academy,Rockford,
St Paul Catholic School,St Paul Catholic School,Highland,
St Paul Early Childhood Center,St Paul Early Childhood Center,Chicago,
St Paul Lutheran,St Paul Lutheran,Brookfield,
St Paul Lutheran,St Paul Lutheran,Troy,
St Paul Lutheran School,St Paul Lutheran School,Mt Prospect,
St Paul Lutheran School,St Paul Lutheran School,Chicago,
St Paul Lutheran School,St Paul Lutheran School,Rochelle,
St Paul of the Cross School,St Paul of the Cross School,Park Ridge,
St Paul School,St Paul School,Odell,
St Paul School,St Paul School,Macomb,
St Paul the Apostle,St Paul the Apostle,Joliet,
St Pauls Christian School,St Pauls Christian School,Monee,
St Pauls Lutheran,St Pauls Lutheran,Aurora,
St Pauls Lutheran School,St Pauls Lutheran School,Milford,
St Pauls Lutheran School,St Pauls Lutheran School,Bourbonnais,
St Pauls Lutheran School,St Pauls Lutheran School,Moline,
St Peter,St Peter,Geneva,
St Peter and Paul,St Peter and Paul,Nauvoo,
St Peter and Paul,St Peter and Paul,Cary,
St Peter Lutheran,St Peter Lutheran,Saint Peter,
St Peter Lutheran School,St Peter Lutheran School,Arlington Heights,
St Peter Lutheran School,St Peter Lutheran School,Schaumburg,
St Peter Lutheran School,St Peter Lutheran School,Dorsey,
St Peter Lutheran School,St Peter Lutheran School,Joliet,
St Peter School,St Peter School,Quincy,
St Peter the Apostle Sch,St Peter the Apostle Sch,Itasca,
St Peters School,St Peters School,South Beloit,
St Petronille,St Petronille,Glen Ellyn,
St Philip Lutheran,St Philip Lutheran,Chicago,
St Philip Neri School,St Philip Neri School,Chicago,
St Philip the Apostle School,St Philip the Apostle School,Addison,
St Philomena School,St Philomena School,Peoria,
St Pius V School,St Pius V School,Chicago,
St Pius X,St Pius X,Lombard,
St Procopius Elem School,St Procopius Elem School,Chicago,
St Raphael School,St Raphael School,Naperville,
St Raymond School,St Raymond School,Mt Prospect,
St Rene Goupil,St Rene Goupil,Chicago,
St Richard School,St Richard School,Chicago,
St Rita High School,St Rita High School,Chicago,
St. Rita of Cascia High School,St. Rita of Cascia High School,Chicago,
St Rita of Cascia,St Rita of Cascia,Aurora,
ST RITA OF CASCIA HIGH SCHOOL,ST RITA OF CASCIA HIGH SCHOOL,CHICAGO,
St Rita School,St Rita School,Rockford,
St Robert Bellarmine School,St Robert Bellarmine School,Chicago,
St Rose Elem School,St Rose Elem School,Breese,
St Rose School,St Rose School,Wilmington,
St Rose SD 14-15,St Rose SD 14-15,Breese,
St Sabina Academy,St Sabina Academy,Chicago,
St Sava Academy,St Sava Academy,Chicago,
St Scholastica School,St Scholastica School,Woodridge,
St Stanislaus Kostka School,St Stanislaus Kostka School,Chicago,
St Sylvester Catholic School,St Sylvester Catholic School,Chicago,
St Symphorosa School,St Symphorosa School,Chicago,
St Teresa,St Teresa,Belleville,
St Teresa High School,St Teresa High School,Decatur,
St Thecla,St Thecla,Chicago,
St Theresa School,St Theresa School,Palatine,
St Therese School East,St Therese School East,Chicago,
ST Therese School West,ST Therese School West,Chicago,
St Thomas,St Thomas,Newton,
St Thomas More,St Thomas More,Elgin,
St Thomas of Canterbury,St Thomas of Canterbury,Chicago,
St Thomas of Villanova,St Thomas of Villanova,Palatine,
St Thomas School,St Thomas School,Philo,
St Thomas The Apostle,St Thomas The Apostle,Crystal Lake,
St Thomas the Apostle,St Thomas the Apostle,Peoria Heights,
St Thomas the Apostle Elementary,St Thomas the Apostle Elementary,Chicago,
St Viator High School,St Viator High School,Arlington Heights,
St Viator School,St Viator School,Chicago,
St Vincent De Paul,St Vincent De Paul,Peoria,
St Vincent Ferrer,St Vincent Ferrer,River Forest,
St Walter School,St Walter School,Chicago,
St Walter School,St Walter School,Roselle,
St William School,St William School,Chicago,
St Zachary School,St Zachary School,Des Plaines,
Stagg Elem School,Stagg Elem School,Chicago,
Standberry Christian Academy,Standberry Christian Academy,South Holland,
Stanton School,Stanton School,Fox Lake,
Stark County CUSD 100,Stark County CUSD 100,Wyoming,
Stark County Elem Sch,Stark County Elem Sch,Wyoming,
Stark County High School,Stark County High School,Toulon,
Stark County Junior High School,Stark County Junior High School,Toulon,
Starquest Acad RSSP North,Starquest Acad RSSP North,Johnston City,
Starquest Acad RSSP South,Starquest Acad RSSP South,Metropolis,
Starr Commonwealth,Starr Commonwealth,Albion,
STARS Autism Program,STARS Autism Program,Lisle,
Starved Rock for Voc Tech Ed,Starved Rock for Voc Tech Ed,Peru,
Staunton CUSD 6,Staunton CUSD 6,Staunton,
Staunton Elem School,Staunton Elem School,Staunton,
Staunton High School,Staunton High School,Staunton,
Staunton Jr High School,Staunton Jr High School,Staunton,
Ste Marie Elem School,Ste Marie Elem School,Sainte Marie,
Steele School,Steele School,Galesburg,
Steeleville CUSD 138,Steeleville CUSD 138,Steeleville,
Steeleville Elem School,Steeleville Elem School,Steeleville,
Steeleville High School,Steeleville High School,Steeleville,
Steeple Run Elem School,Steeple Run Elem School,Naperville,
Steger Intermediate Center,Steger Intermediate Center,Steger,
Steger Primary Center,Steger Primary Center,South Chicago Heights,
Steger SD 194,Steger SD 194,Steger,
Steinmetz College Prep HS,Steinmetz College Prep HS,Chicago,
Stella May Swartz Elem School,Stella May Swartz Elem School,Oakbrook Terrace,
STEM Magnet Academy Elem,STEM Magnet Academy Elem,Chicago,
Stephen Decatur Middle School,Stephen Decatur Middle School,Decatur,
Stephen Mack Middle School,Stephen Mack Middle School,Rockton,
Stepping Stones Early Childhood,Stepping Stones Early Childhood,Chicago,
Sterling Central - Chicago Campus,Sterling Central - Chicago Campus,Elk Grove Village,
Sterling CUSD 5,Sterling CUSD 5,Sterling,
Sterling High School,Sterling High School,Sterling,
Sterling Middle School,Sterling Middle School,Peoria,
Stetson School,Stetson School,Barre,
Steuben Elementary School,Steuben Elementary School,Kankakee,
Stevens Academy of Life,Stevens Academy of Life,Chicago,
Stevenson Accelerated School,Stevenson Accelerated School,Decatur,
Stevenson Elem School,Stevenson Elem School,Chicago,
Stevenson Elem School,Stevenson Elem School,Bloomington,
Stevenson Middle School,Stevenson Middle School,Melrose Park,
Stevenson School,Stevenson School,Lombard,
Steward Elementary School,Steward Elementary School,Steward,
Steward ESD 220,Steward ESD 220,Steward,
Stewardson-Strasburg CUD 5A,Stewardson-Strasburg CUD 5A,Strasburg,
Stewardson-Strasburg Elem School,Stewardson-Strasburg Elem School,Strasburg,
Stewardson-Strasburg High School,Stewardson-Strasburg High School,Strasburg,
Still Middle School,Still Middle School,Aurora,
Stillman Valley High School,Stillman Valley High School,Stillman Valley,
Stock Early Childhood Center,Stock Early Childhood Center,Chicago,
Stockton CUSD 206,Stockton CUSD 206,Stockton,
Stockton Elem School,Stockton Elem School,Stockton,
Stockton Middle School,Stockton Middle School,Stockton,
Stockton Sr High School,Stockton Sr High School,Stockton,
Stone Creek School,Stone Creek School,Roscoe,
Stone Elem Scholastic Academy,Stone Elem Scholastic Academy,Chicago,
Stone Elem School,Stone Elem School,Addison,
Stony Creek Elem School,Stony Creek Elem School,Alsip,
Stowe Elem School,Stowe Elem School,Chicago,
Strassburg Elem,Strassburg Elem,Sauk Village,
Stratford Middle School,Stratford Middle School,Bloomingdale,
Stratton Elementary School,Stratton Elementary School,Champaign,
Streamwood Behavioral Healthcare,Streamwood Behavioral Healthcare,Streamwood,
Streamwood High School,Streamwood High School,Streamwood,
Streamwood Montessori,Streamwood Montessori,Streamwood,
Streator ESD 44,Streator ESD 44,Streator,
Streator Twp High School,Streator Twp High School,Streator,
Streator Twp HSD 40,Streator Twp HSD 40,Streator,
Stuart R Paddock School,Stuart R Paddock School,Palatine,
SUCCESS Academy,SUCCESS Academy,Aurora,
Success Academy,Success Academy,Carpentersville,
Success Academy 4-5,Success Academy 4-5,Algonquin,
Success Academy HS,Success Academy HS,Carpentersville,
Suder Montessori Elem Magnet Schl,Suder Montessori Elem Magnet Schl,Chicago,
Sugar Creek Elem School,Sugar Creek Elem School,Normal,
Sullivan CUSD 300,Sullivan CUSD 300,Sullivan,
Sullivan Elem School,Sullivan Elem School,Sullivan,
Sullivan Elem School,Sullivan Elem School,Chicago,
Sullivan High School,Sullivan High School,Sullivan,
Sullivan High School,Sullivan High School,Chicago,
Sullivan House H S,Sullivan House H S,Chicago,
Sullivan Middle School,Sullivan Middle School,Sullivan,
Summerdale Early Childhood Center,Summerdale Early Childhood Center,Rockford,
Summersville Grade School,Summersville Grade School,Mount Vernon,
Summersville SD 79,Summersville SD 79,Mount Vernon,
Summit Elementary School,Summit Elementary School,Collinsville,
Summit Hill Junior High School,Summit Hill Junior High School,Frankfort,
Summit Hill SD 161,Summit Hill SD 161,Frankfort,
Summit School,Summit School,Elgin,
Summit SD 104,Summit SD 104,Summit,
Sumner Attendance Center,Sumner Attendance Center,Sumner,
Sumner Elem Math & Sci Comm Acad,Sumner Elem Math & Sci Comm Acad,Chicago,
Sunflower Montessori School,Sunflower Montessori School,Western Springs,
Sunny Hill Elem School,Sunny Hill Elem School,Carpentersville,
Sunnybrook SD 171,Sunnybrook SD 171,Lansing,
Sunnydale Elem School,Sunnydale Elem School,Streamwood,
Sunnyside Intermediate School,Sunnyside Intermediate School,Berkeley,
Sunrise Montessori Academy,Sunrise Montessori Academy,Addison,
Sunset Ridge Elem School,Sunset Ridge Elem School,Northfield,
Sunset Ridge SD 29,Sunset Ridge SD 29,Northfield,
Sutherland Elem School,Sutherland Elem School,Chicago,
Swan Hillman Elem School,Swan Hillman Elem School,Rockford,
Swann School,Swann School,Champaign,
Swann Special Care Center,Swann Special Care Center,Champaign,
Swann Special Care-Elementary,Swann Special Care-Elementary,Champaign,
Swann Special Care-Secondary,Swann Special Care-Secondary,Champaign,
Sward Elem School,Sward Elem School,Oak Lawn,
Swift Elem Specialty School,Swift Elem Specialty School,Chicago,
Sycamore CUSD 427,Sycamore CUSD 427,Sycamore,
Sycamore High School,Sycamore High School,Sycamore,
Sycamore Middle School,Sycamore Middle School,Sycamore,
Sycamore Trails Elementary School,Sycamore Trails Elementary School,Bartlett,
T E Culbertson Elem School,T E Culbertson Elem School,Joliet,
T Roosevelt Elem School,T Roosevelt Elem School,Cicero,
Taft Elementary School,Taft Elementary School,Joliet,
Taft Grade School,Taft Grade School,Lockport,
Taft High School,Taft High School,Chicago,
Taft Primary School,Taft Primary School,Kankakee,
Taft School,Taft School,Harvey,
Taft SD 90,Taft SD 90,Lockport,
Talala Elementary School,Talala Elementary School,Park Forest,
Talcott Elem School,Talcott Elem School,Chicago,
Tallgrass Sudbury School,Tallgrass Sudbury School,Riverside,
Talman Elem School,Talman Elem School,Chicago,
Tamaroa Elem School,Tamaroa Elem School,Tamaroa,
Tamaroa School Dist 5,Tamaroa School Dist 5,Tamaroa,
Tampico Elem School,Tampico Elem School,Tampico,
Tanner Elem School,Tanner Elem School,Chicago,
TAPESTRY ALOP,TAPESTRY ALOP,Hillside,
Tarkington Elem School,Tarkington Elem School,Chicago,
Taylor Elem School,Taylor Elem School,Chicago,
Taylor Park Elem School,Taylor Park Elem School,Freeport,
Taylor Ridge Elem School,Taylor Ridge Elem School,Taylor Ridge,
Taylorville Alternative School,Taylorville Alternative School,Taylorville,
Taylorville CUSD 3,Taylorville CUSD 3,Taylorville,
Taylorville Jr High School,Taylorville Jr High School,Taylorville,
Taylorville Sr High School,Taylorville Sr High School,Taylorville,
Tazewell Co Area EFE RDS,Tazewell Co Area EFE RDS,Pekin,
Tazewell-Mason Cntys Sp Ed Assoc,Tazewell-Mason Cntys Sp Ed Assoc,Pekin,
TCRC Inc,TCRC Inc,Tremont,
Technology Center of DuPage,Technology Center of DuPage,Addison,
Tefft Middle School,Tefft Middle School,Streamwood,
Telpochcalli Elem School,Telpochcalli Elem School,Chicago,
Telshe High School,Telshe High School,Chicago,
Temple Christian Academy,Temple Christian Academy,Moline,
Tender Loving Care Mont,Tender Loving Care Mont,Lombard,
Terrace Elem School,Terrace Elem School,Des Plaines,
Teutopolis CUSD 50,Teutopolis CUSD 50,Teutopolis,
Teutopolis Grade School,Teutopolis Grade School,Teutopolis,
Teutopolis High School,Teutopolis High School,Teutopolis,
Teutopolis Junior High School,Teutopolis Junior High School,Teutopolis,
Thayer J Hill Middle School,Thayer J Hill Middle School,Naperville,
The Academy,The Academy,Rantoul,
The Academy at Forest View,The Academy at Forest View,Arlington Heights,
The Academy of Excellance,The Academy of Excellance,Marion,
The Academy of Joan of Arc,The Academy of Joan of Arc,Evanston,
The Cambridge Sch Chicago,The Cambridge Sch Chicago,Chicago,
The Camelot Schools,The Camelot Schools,Genoa,
The Camphill School,The Camphill School,Glenmoore,
THE CHICAGO ACADEMY FOR THE ARTS,THE CHICAGO ACADEMY FOR THE ARTS,CHICAGO,
The Childrens School,The Childrens School,Oak Park,
The Communications Program,The Communications Program,Bourbonnais,
The District 54 Early Learning Center,The District 54 Early Learning Center,Schaumburg,
The Early Years,The Early Years,Jacksonville,
The Family Matters School,The Family Matters School,Chicago,
The Field School,The Field School,Oak Park,
The Grove Montessori School,The Grove Montessori School,Long Grove,
The High School of Saint Thomas More,The High School of Saint Thomas More,Champaign,
The Hunter Lab Academy,The Hunter Lab Academy,Chicago,
The Institute for Person Centered Enrichment,The Institute for Person Centered Enrichment,Rolling Meadows,
The Joseph Sears School,The Joseph Sears School,Kenilworth,
The Lafayette Academy,The Lafayette Academy,Jacksonville,
The Lane Elem School,The Lane Elem School,Hinsdale,
The Learning Experience,The Learning Experience,Crest Hill,
The Learning House,The Learning House,Wheeling,
The Learning House - Intensive,The Learning House - Intensive,Wheeling,
The Nautilus School,The Nautilus School,Chicago,
The Nights Shield,The Nights Shield,West Frankfort,
The Richardson School Int,The Richardson School Int,Beloit,
The Richardson School LLC,The Richardson School LLC,Beloit,
The Ryan Jury Child Dev Learning Cntr,The Ryan Jury Child Dev Learning Cntr,Rockford,
The Shirley Deer Education and Technology Institute,The Shirley Deer Education and Technology Institute,Chicago,
The Skokie School,The Skokie School,Winnetka,
The Waldorf School of DuPage,The Waldorf School of DuPage,Warrenville,
The Wheatlands Elementary School,The Wheatlands Elementary School,Aurora,
Theodore Roosevelt Elem School,Theodore Roosevelt Elem School,Park Ridge,
Thomas Dooley Elem School,Thomas Dooley Elem School,Schaumburg,
Thomas Early Childhood Center,Thomas Early Childhood Center,Chicago,
Thomas Edison Elem School,Thomas Edison Elem School,Morton Grove,
Thomas Elementary School,Thomas Elementary School,Carbondale,
Thomas Jefferson Elem Sch,Thomas Jefferson Elem Sch,Joliet,
Thomas Jefferson Elem School,Thomas Jefferson Elem School,Hoffman Estates,
Thomas Jefferson Elem School,Thomas Jefferson Elem School,Milan,
Thomas Jefferson Elem School,Thomas Jefferson Elem School,Joliet,
Thomas Jefferson Jr High School,Thomas Jefferson Jr High School,Woodridge,
Thomas Jefferson Middle School,Thomas Jefferson Middle School,Waukegan,
Thomas Jefferson Primary School,Thomas Jefferson Primary School,Peoria,
Thomas Kelly College Preparatory,Thomas Kelly College Preparatory,Chicago,
Thomas Kelly High School,Thomas Kelly High School,Chicago,
Thomas Metcalf School,Thomas Metcalf School,Normal,
Thomas Middle School,Thomas Middle School,Arlington Heights,
Thomas Paine Elem School,Thomas Paine Elem School,Urbana,
Thomas S Baldwin Elementary School,Thomas S Baldwin Elementary School,Quincy,
Thomasboro CCSD 130,Thomasboro CCSD 130,Thomasboro,
Thomasboro Grade School,Thomasboro Grade School,Thomasboro,
Thome Ed School,Thome Ed School,Rock Falls,
Thompson Instructional Center,Thompson Instructional Center,Joliet,
Thompson Jr High School,Thompson Jr High School,Oswego,
Thompson Middle School,Thompson Middle School,Saint Charles,
Thompsonville Christian Sch,Thompsonville Christian Sch,Thompsonville,
Thompsonville CUSD 174,Thompsonville CUSD 174,Thompsonville,
Thompsonville Grade School,Thompsonville Grade School,Thompsonville,
Thompsonville High School,Thompsonville High School,Thompsonville,
Thornridge High School,Thornridge High School,Dolton,
Thornton Fractional Twp HSD 215,Thornton Fractional Twp HSD 215,Lansing,
Thornton Fractnl No High School,Thornton Fractnl No High School,Calumet City,
Thornton Fractnl So High School,Thornton Fractnl So High School,Lansing,
Thornton SD 154,Thornton SD 154,Thornton,
Thornton Township High School,Thornton Township High School,Harvey,
Thornton Twp HSD 205,Thornton Twp HSD 205,South Holland,
Thornwood High School,Thornwood High School,South Holland,
Thorp J N Elem School,Thorp J N Elem School,Chicago,
Thorp O A Elem Scholastic Acad,Thorp O A Elem Scholastic Acad,Chicago,
Three Oaks School,Three Oaks School,Cary,
Three Rivers EFE System,Three Rivers EFE System,Joliet,
Three Rivers School,Three Rivers School,Channahon,
Thresholds,Thresholds,Chicago,
Thresholds Loren Juhl School YAP,Thresholds Loren Juhl School YAP,Chicago,
Thresholds-Dianes House,Thresholds-Dianes House,Chicago,
Thresholds-James House,Thresholds-James House,Chicago,
Thresholds-Loren Juhl High School,Thresholds-Loren Juhl High School,Chicago,
Thresholds-Mary Hill House,Thresholds-Mary Hill House,Chicago,
Thurgood Marshall Elem School,Thurgood Marshall Elem School,Bellwood,
Thurgood Marshall Elementary,Thurgood Marshall Elementary,Rockford,
Thurgood Marshall Learning Ctr,Thurgood Marshall Learning Ctr,Rock Island,
Thurgood Marshall School,Thurgood Marshall School,Rockford,
Tilden Career Communty Academy HS,Tilden Career Communty Academy HS,Chicago,
Till Elem Math & Science Academy,Till Elem Math & Science Academy,Chicago,
Tilton Elem School,Tilton Elem School,Chicago,
Tilton Elem School,Tilton Elem School,Rochelle,
Timber Ridge Middle School,Timber Ridge Middle School,Plainfield,
Timber Ridge School,Timber Ridge School,Arlington Heights,
Timber Trails Elementary School,Timber Trails Elementary School,Hoffman Estates,
Timothy Christian Elem Midd Sch,Timothy Christian Elem Midd Sch,Elmhurst,
Timothy Christian High School,Timothy Christian High School,Elmhurst,
Tinley Park High School,Tinley Park High School,Tinley Park,
Tioga Elementary School,Tioga Elementary School,Bensenville,
Todd Hall Elem School,Todd Hall Elem School,Lincolnwood,
Together in Love Academy,Together in Love Academy,Chicago,
Tolono CUSD 7,Tolono CUSD 7,Tolono,
Tomorrows Hope Christian Acad,Tomorrows Hope Christian Acad,Pekin,
Tonica CCSD 79,Tonica CCSD 79,Tonica,
Tonica Grade School,Tonica Grade School,Tonica,
Tonti Elem School,Tonti Elem School,Chicago,
Torah Academy,Torah Academy,Buffalo Grove,
Towanda Elem School,Towanda Elem School,Towanda,
Township HSD 211,Township HSD 211,Palatine,
Township HSD 214,Township HSD 214,Arlington Heights,
Transfiguration,Transfiguration,Wauconda,
Transition,Transition,Orland Park,
Transition,Transition,Vernon Hills,
Transition Learning Center,Transition Learning Center,Bensenville,
Transition Program,Transition Program,Lisle,
Transitional Employment Program,Transitional Employment Program,Orland Park,
Transitions of Western IL,Transitions of Western IL,Quincy,
Transitions of Western Illinois,Transitions of Western Illinois,Quincy,
Transitions School,Transitions School,Quincy,
Transitions School - Intensive,Transitions School - Intensive,Quincy,
Traughber Jr High School,Traughber Jr High School,Oswego,
Treatment & Learning Center,Treatment & Learning Center,Kansas,
Treatment & Learning Center-H,Treatment & Learning Center-H,Humboldt,
Tremont CUSD 702,Tremont CUSD 702,Tremont,
Tremont Elem School,Tremont Elem School,Tremont,
Tremont High School,Tremont High School,Tremont,
Tremont Middle School,Tremont Middle School,Tremont,
Trenton Elem School,Trenton Elem School,Trenton,
Trewyn Primary School,Trewyn Primary School,Peoria,
Tri City CUSD 1,Tri City CUSD 1,Buffalo,
Tri Point CUSD 6-J,Tri Point CUSD 6-J,Kempton,
Tri Point Elementary School,Tri Point Elementary School,Kempton,
Tri Valley CUSD 3,Tri Valley CUSD 3,Downs,
Triad CUSD 2,Triad CUSD 2,Troy,
Triad High School,Triad High School,Troy,
Triad Middle School,Triad Middle School,Saint Jacob,
Tri-C Elementary School,Tri-C Elementary School,Carterville,
Tri-City Elem School,Tri-City Elem School,Buffalo,
Tri-City High School,Tri-City High School,Buffalo,
Tri-City Jr High School,Tri-City Jr High School,Buffalo,
Trico CUSD 176,Trico CUSD 176,Campbell Hill,
Trico Elementary School,Trico Elementary School,Campbell Hill,
Trico Jr High School,Trico Jr High School,Campbell Hill,
Trico Senior High School,Trico Senior High School,Campbell Hill,
Tri-County Center,Tri-County Center,Murphysboro,
Tri-County Christian School,Tri-County Christian School,Freeport,
Tri-County South - Choate,Tri-County South - Choate,Anna,
Tri-County Sp Ed Jnt Agreement,Tri-County Sp Ed Jnt Agreement,Murphysboro,
Tri-County Spec Educ Assoc,Tri-County Spec Educ Assoc,Bloomington,
Tri-County Ward,Tri-County Ward,Du Quoin,
Trinity Academy,Trinity Academy,Industry,
Trinity Catholic Academy,Trinity Catholic Academy,La Salle,
Trinity Christian School,Trinity Christian School,Carbondale,
Trinity Christian School,Trinity Christian School,Shorewood,
Trinity Ev Lutheran,Trinity Ev Lutheran,Tinley Park,
Trinity High School,Trinity High School,River Forest,
TRINITY HIGH SCHOOL,TRINITY HIGH SCHOOL,CHICAGO,
Trinity Lutheran,Trinity Lutheran,Arenzville,
Trinity Lutheran,Trinity Lutheran,Burr Ridge,
Trinity Lutheran,Trinity Lutheran,Hoyleton,
Trinity Lutheran,Trinity Lutheran,Bloomington,
Trinity Lutheran,Trinity Lutheran,Edwardsville,
Trinity Lutheran,Trinity Lutheran,Springfield,
Trinity Lutheran Pre-School,Trinity Lutheran Pre-School,West Chicago,
Trinity Lutheran School,Trinity Lutheran School,Stewardson,
Trinity Lutheran School,Trinity Lutheran School,Hoffman,
Trinity Lutheran School,Trinity Lutheran School,Centralia,
Trinity Lutheran School,Trinity Lutheran School,Roselle,
Trinity Lutheran School,Trinity Lutheran School,Lombard,
Trinity Lutheran School,Trinity Lutheran School,Red Bud,
Trinity Lutheran School,Trinity Lutheran School,Danville,
Trinity Oaks Christian Academy,Trinity Oaks Christian Academy,Cary,
Trinity School,Trinity School,New Lenox,
Trinity School,Trinity School,West Chicago,
Trinity Services,Trinity Services,New Lenox,
Trinity Services Inc,Trinity Services Inc,New Lenox,
Trinity-St John Lutheran,Trinity-St John Lutheran,Nashville,
Triopia CUSD 27,Triopia CUSD 27,Concord,
Triopia Grade School,Triopia Grade School,Concord,
Triopia Jr-Sr High School,Triopia Jr-Sr High School,Concord,
Triple R Child Care,Triple R Child Care,Mokena,
Triple R Child Care Inc,Triple R Child Care Inc,Oak Forest,
Tri-Point High School,Tri-Point High School,Cullom,
Tri-Point Jr High/Elementary,Tri-Point Jr High/Elementary,Piper City,
Tripp School,Tripp School,Buffalo Grove,
Tristar Acad Safe Sch Program,Tristar Acad Safe Sch Program,Effingham,
Triumph Academy,Triumph Academy,Brigham City,
Tri-Valley Elem School,Tri-Valley Elem School,Downs,
Tri-Valley High School,Tri-Valley High School,Downs,
Tri-Valley Middle School,Tri-Valley Middle School,Downs,
Troy CCSD 30C,Troy CCSD 30C,Plainfield,
Troy Craughwell School,Troy Craughwell School,Joliet,
Troy Cronin Elem School,Troy Cronin Elem School,Shorewood,
Troy Heritage Trail School,Troy Heritage Trail School,Joliet,
Troy Hofer Elem Sch,Troy Hofer Elem Sch,Shorewood,
Troy Middle School,Troy Middle School,Plainfield,
Troy Shorewood School,Troy Shorewood School,Shorewood,
True Vine Christian Center,True Vine Christian Center,Fairview Heights,
Tru-Source ALF,Tru-Source ALF,Oak Park,
Turner Elem School,Turner Elem School,Crestwood,
Turner Elem School,Turner Elem School,West Chicago,
Turner-Drew Elem Language Academy,Turner-Drew Elem Language Academy,Chicago,
Turning Pointe Autism Foundation,Turning Pointe Autism Foundation,Naperville,
Turning Pointe CN Day School,Turning Pointe CN Day School,Naperville,
Tuscola CUSD 301,Tuscola CUSD 301,Tuscola,
Tuscola High School,Tuscola High School,Tuscola,
Twain Elem School,Twain Elem School,Chicago,
Twin Echo Elem School,Twin Echo Elem School,Collinsville,
Twin Groves Middle School,Twin Groves Middle School,Buffalo Grove,
Twin Rivers Career & Tech Ed Sys,Twin Rivers Career & Tech Ed Sys,Robinson,
Two Rivers Career Educ System,Two Rivers Career Educ System,Virginia,
Twp HSD 113,Twp HSD 113,Highland Park,
Tyler Elementary School,Tyler Elementary School,De Kalb,
U S Grant Elem School,U S Grant Elem School,South Chicago Heights,
U S Grant Middle School,U S Grant Middle School,Springfield,
UCAN,UCAN,Chicago,
UCAN Academy South,UCAN Academy South,Chicago,
UCAN Academy South - Intensive,UCAN Academy South - Intensive,Chicago,
Ucan/High School,Ucan/High School,Chicago,
UCP of Illinois Prairieland,UCP of Illinois Prairieland,Joliet,
Uhlich Academy,Uhlich Academy,Chicago,
UIC College Prep,UIC College Prep,Chicago,
Ulysses S Grant Intermediate Sch,Ulysses S Grant Intermediate Sch,Marengo,
Union Elem School,Union Elem School,Belleville,
Union Elementary School,Union Elementary School,Joliet,
Union Ridge Elem School,Union Ridge Elem School,Harwood Heights,
Union Ridge SD 86,Union Ridge SD 86,Harwood Heights,
Union SD 81,Union SD 81,Joliet,
United CUSD 304,United CUSD 304,Monmouth,
United Educational Cultural Acad,United Educational Cultural Acad,Chicago,
United Elem Sch - North,United Elem Sch - North,Alexis,
United Elem Sch - West,United Elem Sch - West,Monmouth,
United High School,United High School,Monmouth,
United Jr High Sch,United Jr High Sch,Monmouth,
United Twp Area Career Ctr,United Twp Area Career Ctr,East Moline,
United Twp High School,United Twp High School,East Moline,
United Twp HSD 30,United Twp HSD 30,East Moline,
Unity Christian Academy,Unity Christian Academy,South Holland,
Unity Christian School,Unity Christian School,Energy,
Unity Christian School,Unity Christian School,Fulton,
Unity East,Unity East,Philo,
Unity Elem School,Unity Elem School,Brookport,
Unity Elementary School,Unity Elementary School,Mendon,
Unity High School,Unity High School,Mendon,
Unity High School,Unity High School,Tolono,
Unity Jr High School,Unity Jr High School,Cicero,
Unity Jr High School,Unity Jr High School,Tolono,
Unity Lutheran Christian Elem Sch,Unity Lutheran Christian Elem Sch,East Saint Louis,
Unity Middle School,Unity Middle School,Mendon,
Unity Point CCSD 140,Unity Point CCSD 140,Carbondale,
Unity Point Elem School,Unity Point Elem School,Carbondale,
Unity West,Unity West,Tolono,
Univ of Chicago Chtr-Donoghue,Univ of Chicago Chtr-Donoghue,Chicago,
Univ of Chicago Chtr-Nth Kenwood,Univ of Chicago Chtr-Nth Kenwood,Chicago,
Univ of Chicago Chtr-Woodlawn,Univ of Chicago Chtr-Woodlawn,Chicago,
Universal Health Services,Universal Health Services,Nashville,
Universal Health Svcs. Rockford,Universal Health Svcs. Rockford,Rockford,
Universal Health System,Universal Health System,Champaign,
Universal School,Universal School,Bridgeview,
University Charter School,University Charter School,Liberty Hill,
University High School,University High School,Normal,
University of Chicago Laboratory Schools,University of Chicago Laboratory Schools,Chicago,
University of Chicago Charter School: Woodlawn Campus,University of Chicago Charter School: Woodlawn Campus,Chicago,
University of Chicago Lab Schs,University of Chicago Lab Schs,Chicago,
University of Chicago Woodlawn,University of Chicago Woodlawn,Chicago,
University of Ill Lab School,University of Ill Lab School,Urbana,
University of Illinois High Sch,University of Illinois High Sch,Urbana,
University Primary School,University Primary School,Champaign,
Uplift Community High School,Uplift Community High School,Chicago,
Urban Prairie Waldorf School,Urban Prairie Waldorf School,Chicago,
Urban Prep Chtr Acad Bronzeville HS,Urban Prep Chtr Acad Bronzeville HS,Chicago,
Urban Prep Chtr Acad Englewood HS,Urban Prep Chtr Acad Englewood HS,Chicago,
Urban Prep Chtr Bronzeville HS,Urban Prep Chtr Bronzeville HS,Chicago,
Urban Prep Chtr West Campus HS,Urban Prep Chtr West Campus HS,Chicago,
Urban Prep West Charter School,Urban Prep West Charter School,Chicago,
Urbana Early Childhood Ctr,Urbana Early Childhood Ctr,Urbana,
Urbana Gerber School,Urbana Gerber School,Urbana,
Urbana High School,Urbana High School,Urbana,
Urbana Middle School,Urbana Middle School,Urbana,
Urbana SD 116,Urbana SD 116,Urbana,
Utah Youth Village,Utah Youth Village,Salt Lake City,
V Blanche Graham Elementary,V Blanche Graham Elementary,Naperville,
V H Nelson Elem School,V H Nelson Elem School,Niles,
V I T CUSD 2,V I T CUSD 2,Table Grove,
V I T Elementary School,V I T Elementary School,Table Grove,
V I T Jr High School,V I T Jr High School,Table Grove,
V I T Sr High School,V I T Sr High School,Table Grove,
Valeo Academy,Valeo Academy,Hoffman Estates,
Valeska Hinton Early Ch Ed Ctr,Valeska Hinton Early Ch Ed Ctr,Peoria,
Valley Educ for Employ System,Valley Educ for Employ System,Sugar Grove,
Valley Kingdom Christian Academy,Valley Kingdom Christian Academy,Olympia Fields,
Valley View CUSD 365U,Valley View CUSD 365U,Romeoville,
Valley View Early Childhood Cntr,Valley View Early Childhood Cntr,Romeoville,
Valley View Elem School,Valley View Elem School,Mchenry,
Valmeyer CUSD 3,Valmeyer CUSD 3,Valmeyer,
Valmeyer Elementary School,Valmeyer Elementary School,Valmeyer,
Valmeyer High School,Valmeyer High School,Valmeyer,
Valmeyer Jr High,Valmeyer Jr High,Valmeyer,
Van Orin Elem School,Van Orin Elem School,Van Orin,
Vandalia Christian Academy,Vandalia Christian Academy,Vandalia,
Vandalia Community High School,Vandalia Community High School,Vandalia,
Vandalia CUSD 203,Vandalia CUSD 203,Vandalia,
Vandalia Elementary School,Vandalia Elementary School,Vandalia,
Vandalia Junior High School,Vandalia Junior High School,Vandalia,
Vanderpoel Elem Magnet School,Vanderpoel Elem Magnet School,Chicago,
Vanguard Gifted Academy,Vanguard Gifted Academy,Batavia,
Vanguard School,Vanguard School,Arlington Heights,
Vaughn Occupational High School,Vaughn Occupational High School,Chicago,
Venice CUSD 3,Venice CUSD 3,Venice,
Venice Elem School,Venice Elem School,Venice,
Verda Dierzen Early Learning Ctr,Verda Dierzen Early Learning Ctr,Woodstock,
Vermilion Assoc for Spec Educ,Vermilion Assoc for Spec Educ,Danville,
Vermilion Co Detention Center,Vermilion Co Detention Center,Danville,
Vermilion ROE,Vermilion ROE,Danville,
Vermilion Voc Ed Deliver System,Vermilion Voc Ed Deliver System,Danville,
Vernon Hills High School,Vernon Hills High School,Vernon Hills,
Vernon Hills Montessori Academy,Vernon Hills Montessori Academy,Vernon Hills,
Vernon L Barkstall Elementary Sch,Vernon L Barkstall Elementary Sch,Champaign,
Veterans Memorial Middle Sch,Veterans Memorial Middle Sch,Blue Island,
Vick Early Childhood & Family Ctr,Vick Early Childhood & Family Ctr,Chicago,
Victor J Andrew High School,Victor J Andrew High School,Orland Hills,
Victory Christian Academy,Victory Christian Academy,Mount Vernon,
Vienna Elem School Dist 55,Vienna Elem School Dist 55,Vienna,
Vienna High School,Vienna High School,Vienna,
Vienna HSD 133,Vienna HSD 133,Vienna,
Vienna SD 55,Vienna SD 55,Vienna,
Viking School,Viking School,Gurnee,
Villa Grove CUSD 302,Villa Grove CUSD 302,Villa Grove,
Villa Grove Elem School,Villa Grove Elem School,Villa Grove,
Villa Grove High School,Villa Grove High School,Villa Grove,
Villa Grove Jr High School,Villa Grove Jr High School,Villa Grove,
Villa Montessori,Villa Montessori,Moline,
Village Elementary School,Village Elementary School,Round Lake,
Village Leadership Academy,Village Leadership Academy,Chicago,
Vincent Gray Academy,Vincent Gray Academy,East Saint Louis,
Vine Academy,Vine Academy,Hinsdale,
Virgil I Grissom Middle School,Virgil I Grissom Middle School,Tinley Park,
Virginia CUSD 64,Virginia CUSD 64,Virginia,
Virginia Elem School,Virginia Elem School,Virginia,
Virginia Jr/ Sr High School,Virginia Jr/ Sr High School,Virginia,
Virginia Lake Elem School,Virginia Lake Elem School,Palatine,
Virtual Connections Academy,Virtual Connections Academy,Palatine,
Virtual Connections Academy Inc,Virtual Connections Academy Inc,Palatine,
Visionway Christian School,Visionway Christian School,Taylorville,
Visitation,Visitation,Elmhurst,
Visitation,Visitation,Kewanee,
Visitation Catholic School,Visitation Catholic School,Chicago,
Visually Impaired Programs,Visually Impaired Programs,Lisle,
Vivian Adams Early Child Ctr,Vivian Adams Early Child Ctr,East Saint Louis,
Volta Elem School,Volta Elem School,Chicago,
Von Steuben Metro Science HS,Von Steuben Metro Science HS,Chicago,
Von Steuben Metropolitan Science Center,Von Steuben Metropolitan Science Center,Chicago,
Von Steuben Middle School,Von Steuben Middle School,Peoria,
W A Johnson Sch,W A Johnson Sch,Bensenville,
W C Petty Elementary School,W C Petty Elementary School,Antioch,
W Harvey-Dixmoor PSD 147,W Harvey-Dixmoor PSD 147,Harvey,
W J Murphy Elem School,W J Murphy Elem School,Round Lake Park,
W J Zahnow Elem School,W J Zahnow Elem School,Waterloo,
W K at Hoffman Est. Campus INT,W K at Hoffman Est. Campus INT,Hoffman Estates,
W S Beaupre Elem School,W S Beaupre Elem School,Aurora,
W W Walker Elem School,W W Walker Elem School,Bedford Park,
W W Woodbury Elem School,W W Woodbury Elem School,Sandwich,
W. Knolls at Hoffman Est. Campus,W. Knolls at Hoffman Est. Campus,Hoffman Estates,
Wabash & Ohio Valley Sp Ed Dist,Wabash & Ohio Valley Sp Ed Dist,Norris City,
Wabash CUSD 348,Wabash CUSD 348,Mount Carmel,
Wacker Elem School,Wacker Elem School,Chicago,
Wadsworth Elem School,Wadsworth Elem School,Chicago,
Wagoner Elem,Wagoner Elem,Sauk Village,
Walden Elem School,Walden Elem School,Deerfield,
Walker Elem School,Walker Elem School,Evanston,
Walker Intermediate School,Walker Intermediate School,Tinley Park,
Walker School,Walker School,Clarendon Hills,
Walkers Grove Elementary School,Walkers Grove Elementary School,Plainfield,
Wallace CCSD 195,Wallace CCSD 195,Ottawa,
Wallace Elem School,Wallace Elem School,Ottawa,
Walnut Trails Elem School,Walnut Trails Elem School,Shorewood,
Walsh Elem School,Walsh Elem School,Summit,
Walsh Elem School,Walsh Elem School,Chicago,
Walsh Elem School,Walsh Elem School,Lockport,
Walt Whitman Elem School,Walt Whitman Elem School,Wheeling,
Walter F Fierke Ed Center,Walter F Fierke Ed Center,Oak Forest,
Walter Henri Dyett High School for the Arts,Walter Henri Dyett High School for the Arts,Chicago,
Walter Lawson Childrens Home,Walter Lawson Childrens Home,Loves Park,
Walter Payton College Prep,Walter Payton College Prep,Chicago,
Walter Payton College Preparatory High School,Walter Payton College Preparatory High School,Chicago,
Walter R Sundling Jr High Sch,Walter R Sundling Jr High Sch,Palatine,
Waltham CCSD 185,Waltham CCSD 185,Utica,
Waltham Elementary School,Waltham Elementary School,Utica,
Walther Christian Academy,Walther Christian Academy,Melrose Park,
Waltonville CUSD 1,Waltonville CUSD 1,Waltonville,
Waltonville Grade School,Waltonville Grade School,Waltonville,
Waltonville High School,Waltonville High School,Waltonville,
Wanda Kendall Elem School,Wanda Kendall Elem School,Watseka,
Ward J Elem School,Ward J Elem School,Chicago,
Ward L Elem School,Ward L Elem School,Chicago,
Warren CUSD 205,Warren CUSD 205,Warren,
Warren Elem School,Warren Elem School,Chicago,
Warren Elementary School,Warren Elementary School,Warren,
Warren Jr/Sr High School,Warren Jr/Sr High School,Warren,
Warren Park School,Warren Park School,Cicero,
Warren Township High School,Warren Township High School,Gurnee,
Warren Twp HSD 121,Warren Twp HSD 121,Gurnee,
Warrensburg-Latham CUSD 11,Warrensburg-Latham CUSD 11,Warrensburg,
Warrensburg-Latham Elem Sch,Warrensburg-Latham Elem Sch,Warrensburg,
Warrensburg-Latham High School,Warrensburg-Latham High School,Warrensburg,
Warrensburg-Latham Middle Sch,Warrensburg-Latham Middle Sch,Warrensburg,
Warsaw CUSD 316,Warsaw CUSD 316,Warsaw,
Warsaw Elem School,Warsaw Elem School,Warsaw,
Warsaw Sr High School,Warsaw Sr High School,Warsaw,
Wasco Elem School,Wasco Elem School,Wasco,
Washington G Elem School,Washington G Elem School,Chicago,
Washington H Elem School,Washington H Elem School,Chicago,
Washington Academy,Washington Academy,Belvidere,
Washington Attendance Center,Washington Attendance Center,Carmi,
Washington CHSD 308,Washington CHSD 308,Washington,
Washington Comm High School,Washington Comm High School,Washington,
Washington Dual Language Academy,Washington Dual Language Academy,Maywood,
Washington Elem School,Washington Elem School,Jacksonville,
Washington Elem School,Washington Elem School,Pana,
Washington Elem School,Washington Elem School,Glenview,
Washington Elem School,Washington Elem School,Evanston,
Washington Elem School,Washington Elem School,Schiller Park,
Washington Elem School,Washington Elem School,Riverdale,
Washington Elem School,Washington Elem School,Champaign,
Washington Elem School,Washington Elem School,Robinson,
Washington Elem School,Washington Elem School,Pontiac,
Washington Elem School,Washington Elem School,Bloomington,
Washington Elem School,Washington Elem School,Marion,
Washington Elem School,Washington Elem School,Rushville,
Washington Elem School,Washington Elem School,Elgin,
Washington Elem School,Washington Elem School,Waukegan,
Washington Elem School,Washington Elem School,Mundelein,
Washington Elem School,Washington Elem School,Oglesby,
Washington Elem School,Washington Elem School,East Alton,
Washington Elem School,Washington Elem School,Harvard,
Washington Elem School,Washington Elem School,Dixon,
Washington Elem School,Washington Elem School,Sterling,
Washington Elementary School,Washington Elementary School,Rockford,
Washington Elementary School,Washington Elementary School,Wheaton,
Washington G High School,Washington G High School,Chicago,
Washington Gifted School,Washington Gifted School,Peoria,
Washington Gifted School,Washington Gifted School,Rockford,
Washington Intermediate School,Washington Intermediate School,Pekin,
Washington Jr High & Academy Prgm,Washington Jr High & Academy Prgm,Joliet,
Washington Jr High School,Washington Jr High School,Naperville,
Washington Jr High School,Washington Jr High School,Rock Island,
Washington Junior High,Washington Junior High,Riverdale,
Washington Middle School,Washington Middle School,Lyons,
Washington Middle School,Washington Middle School,Johnston City,
Washington Middle School,Washington Middle School,Aurora,
Washington Middle School,Washington Middle School,Springfield,
Washington Middle School,Washington Middle School,Washington,
Washington School,Washington School,Monticello,
Washington School,Washington School,Belleville,
Washington SD 52,Washington SD 52,Washington,
Washington-McKinley Elem Sch,Washington-McKinley Elem Sch,Chicago Heights,
Washington-Monroe Elem School,Washington-Monroe Elem School,Lincoln,
Waterbury Elem School,Waterbury Elem School,Roselle,
Waterfall Canyon Acad Res 2,Waterfall Canyon Acad Res 2,Ogden,
Waterfall Canyon Academy,Waterfall Canyon Academy,Ogden,
Waterfall Canyon Boys Trans,Waterfall Canyon Boys Trans,Ogden,
Waterfall Canyon Girls Trans,Waterfall Canyon Girls Trans,North Ogden,
Waterfall Canyon Res 1,Waterfall Canyon Res 1,Ogden,
Waterloo CUSD 5,Waterloo CUSD 5,Waterloo,
Waterloo High School,Waterloo High School,Waterloo,
Waterloo Junior High School,Waterloo Junior High School,Waterloo,
Waters Elem School,Waters Elem School,Chicago,
Watseka Comm High School,Watseka Comm High School,Watseka,
Waubonsie Valley High School,Waubonsie Valley High School,Aurora,
Wauconda CUSD 118,Wauconda CUSD 118,Wauconda,
Wauconda CUSD 118 ALOP,Wauconda CUSD 118 ALOP,Wauconda,
Wauconda Grade School,Wauconda Grade School,Wauconda,
Wauconda High School,Wauconda High School,Wauconda,
Wauconda Middle School,Wauconda Middle School,Wauconda,
Waukegan CUSD 60,Waukegan CUSD 60,Waukegan,
Waukegan High School,Waukegan High School,Waukegan,
Waverly CUSD 6,Waverly CUSD 6,Waverly,
Waverly Elementary School,Waverly Elementary School,Waverly,
Waverly Junior/Senior High School,Waverly Junior/Senior High School,Waverly,
Wayne Builta Elementary School,Wayne Builta Elementary School,Bolingbrook,
Wayne City Attendance Center,Wayne City Attendance Center,Wayne City,
Wayne City CUSD 100,Wayne City CUSD 100,Wayne City,
Wayne City High School,Wayne City High School,Wayne City,
Wayne Elem School,Wayne Elem School,Wayne,
Wayne Thomas Elem School,Wayne Thomas Elem School,Highland Park,
WCISEC ED,WCISEC ED,Rushville,
WCISEC HS ED,WCISEC HS ED,Macomb,
WCISEC HS MD,WCISEC HS MD,Carthage,
WCISEC MD,WCISEC MD,Colchester,
WCSEA Black Partridge Pub Day Prog,WCSEA Black Partridge Pub Day Prog,Germantwn Hls,
WCSEA-Benson,WCSEA-Benson,Benson,
WCSEA-GH-4-8,WCSEA-GH-4-8,Germantwn Hls,
WCSEA-Lowpoint Washburn,WCSEA-Lowpoint Washburn,Washburn,
WCSEA-MGS,WCSEA-MGS,Metamora,
WCSEA-Minonk-K-2,WCSEA-Minonk-K-2,Minonk,
WCSEA-MTHS-9-12,WCSEA-MTHS-9-12,Metamora,
WCSEA-Riverview,WCSEA-Riverview,East Peoria,
WCSEA-Sowers-K-4,WCSEA-Sowers-K-4,Roanoke,
WCSEA-Wenona-6-8,WCSEA-Wenona-6-8,Wenona,
WCSEC-Intermediate Instruc Prgrm,WCSEC-Intermediate Instruc Prgrm,Rockton,
WCSEC-Primary Instructional Prgrm,WCSEC-Primary Instructional Prgrm,Rockton,
WCSEC-Soc Emotnl Learn Found-Elementary,WCSEC-Soc Emotnl Learn Found-Elementary,Rockton,
WCSEC-Soc Emtlnl Learn Found-MS Program,WCSEC-Soc Emtlnl Learn Found-MS Program,Roscoe,
Webber High School,Webber High School,Bluford,
Webster Elem School,Webster Elem School,Chicago,
Webster Elem School,Webster Elem School,Rushville,
Webster Elementary School,Webster Elementary School,Collinsville,
Webster-Cantrell Hall,Webster-Cantrell Hall,Decatur,
Wediko Childrens Service,Wediko Childrens Service,Boston,
Wediko School,Wediko School,Windsor,
Wediko School - Intensive,Wediko School - Intensive,Windsor,
Wegner Elementary School,Wegner Elementary School,West Chicago,
Wells Community Academy HS,Wells Community Academy HS,Chicago,
Wells Elem School,Wells Elem School,East Moline,
Wells Elementary School,Wells Elementary School,Grayville,
Wells Preparatory Elem Academy,Wells Preparatory Elem Academy,Chicago,
Wentworth Elem School,Wentworth Elem School,Chicago,
Wentworth Intermediate School,Wentworth Intermediate School,Calumet City,
Wentworth Jr High School,Wentworth Jr High School,Calumet City,
Wesclin CUSD 3,Wesclin CUSD 3,Trenton,
Wesclin Middle School,Wesclin Middle School,Trenton,
Wesclin Sr High School,Wesclin Sr High School,Trenton,
Wescott Elementary School,Wescott Elementary School,Northbrook,
Wesley Elem School,Wesley Elem School,Addison,
Wesmere Elementary School,Wesmere Elementary School,Plainfield,
West 40 ALOP Achievers,West 40 ALOP Achievers,Hillside,
West 40 Reg Safe Sch Middle Prg,West 40 Reg Safe Sch Middle Prg,Hillside,
West 40-Sr. Plus,West 40-Sr. Plus,Hillside,
West Aurora High School,West Aurora High School,Aurora,
West Aurora HS RSSP,West Aurora HS RSSP,Aurora,
West Aurora Learning Center/Early Learning Academy,West Aurora Learning Center/Early Learning Academy,Aurora,
West Campus Facility,West Campus Facility,Mason City,
West Carroll CUSD 314,West Carroll CUSD 314,Mount Carroll,
West Carroll High School,West Carroll High School,Savanna,
West Carroll Middle School,West Carroll Middle School,Mount Carroll,
West Carroll Primary,West Carroll Primary,Savanna,
West Central CUSD 235,West Central CUSD 235,Biggsville,
West Central Early Childhood,West Central Early Childhood,Media,
West Central Elementary School,West Central Elementary School,Biggsville,
West Central High School,West Central High School,Biggsville,
West Central IL Spec Educ Coop,West Central IL Spec Educ Coop,Macomb,
West Central Middle School,West Central Middle School,Stronghurst,
West Central Regional System,West Central Regional System,Quincy,
West Chicago D33 ELC Winfield Primary Annex,West Chicago D33 ELC Winfield Primary Annex,Winfield,
West Chicago ESD 33,West Chicago ESD 33,West Chicago,
West Elem School,West Elem School,Sycamore,
West Elem School,West Elem School,Crystal Lake,
West Elementary School,West Elementary School,Zion,
West Elementary School,West Elementary School,Alton,
West Englewood Christian Comm Sch,West Englewood Christian Comm Sch,Chicago,
West Jr High School,West Jr High School,Belleville,
West Leyden High School,West Leyden High School,Northlake,
West Lincoln-Broadwell Elem Sch,West Lincoln-Broadwell Elem Sch,Lincoln,
West Lincoln-Broadwell ESD 92,West Lincoln-Broadwell ESD 92,Lincoln,
West Middle School,West Middle School,Rockford,
West Northfield SD 31,West Northfield SD 31,Northbrook,
West Oak Intermediate School,West Oak Intermediate School,Mundelein,
West Oak Middle School,West Oak Middle School,Mundelein,
West Park Elem Academy,West Park Elem Academy,Chicago,
West Prairie CUSD 103,West Prairie CUSD 103,Colchester,
West Prairie High School,West Prairie High School,Sciota,
West Prairie Middle School,West Prairie Middle School,Colchester,
West Prairie North Elementary,West Prairie North Elementary,Good Hope,
West Prairie South Elementary,West Prairie South Elementary,Colchester,
West Ridge Elem School,West Ridge Elem School,Chicago,
West Salem Grade School,West Salem Grade School,West Salem,
West School,West School,Glencoe,
West Side Primary School,West Side Primary School,Harrisburg,
West Suburban Montessori School,West Suburban Montessori School,Oak Park,
West Town Academy,West Town Academy,Chicago,
West View Elem School,West View Elem School,Rockford,
West Washington Co CUD 10,West Washington Co CUD 10,Okawville,
Westbrook Early Learning Cntr,Westbrook Early Learning Cntr,Mt Prospect,
Westbrook Elementary School,Westbrook Elementary School,Glenview,
Westchester Intermediate School,Westchester Intermediate School,Westchester,
Westchester Middle School,Westchester Middle School,Westchester,
Westchester Primary School,Westchester Primary School,Westchester,
Westchester SD 92-5,Westchester SD 92-5,Westchester,
Westcott Elem School,Westcott Elem School,Chicago,
Westdale Elem School,Westdale Elem School,Northlake,
Western Area Career System 265,Western Area Career System 265,Macomb,
Western Avenue Elem School,Western Avenue Elem School,Flossmoor,
Western Avenue Elem School,Western Avenue Elem School,Geneva,
Western Barry Elem,Western Barry Elem,Barry,
Western CUSD 12,Western CUSD 12,Barry,
Western High School,Western High School,Barry,
Western Jr High School,Western Jr High School,Kinderhook,
Western Springs SD 101,Western Springs SD 101,Western Springs,
Western Trails Elem School,Western Trails Elem School,Carol Stream,
Westfair Christian Academy,Westfair Christian Academy,Jacksonville,
Westfield School,Westfield School,Winthrop Harbor,
Westfield Community School,Westfield Community School,Algonquin,
Westfield Elem School,Westfield Elem School,Glen Ellyn,
Westfield Middle School,Westfield Middle School,Bloomingdale,
Westgate Elem School,Westgate Elem School,Arlington Heights,
Westhaven Elementary,Westhaven Elementary,Belleville,
Westinghouse High School,Westinghouse High School,Chicago,
Westlake Christian Academy,Westlake Christian Academy,Grayslake,
Westminster Christian School,Westminster Christian School,Elgin,
Westmont High School,Westmont High School,Westmont,
Westmont Jr High School,Westmont Jr High School,Westmont,
Westmoor Elem School,Westmoor Elem School,Northbrook,
Westmore Elem School,Westmore Elem School,Lombard,
Westside Christian Academy,Westside Christian Academy,Robinson,
Westside Holistic Leadership Aca,Westside Holistic Leadership Aca,Chicago,
Westview Elem School,Westview Elem School,Champaign,
Westview Elem School,Westview Elem School,Wood Dale,
Westview Elementary School,Westview Elementary School,Canton,
Westview Hills Middle School,Westview Hills Middle School,Willowbrook,
Westville CUSD 2,Westville CUSD 2,Westville,
Westville High School,Westville High School,Westville,
Westville Jr High School,Westville Jr High School,Westville,
Westwood Elem School,Westwood Elem School,Woodstock,
Wethersfield CUSD 230,Wethersfield CUSD 230,Kewanee,
Wethersfield Elem School,Wethersfield Elem School,Kewanee,
Wethersfield Jr/Sr High School,Wethersfield Jr/Sr High School,Kewanee,
Wheatland Academy,Wheatland Academy,Naperville,
Wheatland Salem Christian Acad,Wheatland Salem Christian Acad,Naperville,
Wheaton Academy,Wheaton Academy,West Chicago,
Wheaton Christian Grammar School,Wheaton Christian Grammar School,Winfield,
Wheaton Montessori School,Wheaton Montessori School,Wheaton,
Wheaton North High School,Wheaton North High School,Wheaton,
Wheaton Warrenville South H S,Wheaton Warrenville South H S,Wheaton,
Wheeling CCSD 21,Wheeling CCSD 21,Wheeling,
Wheeling High School,Wheeling High School,Wheeling,
Whistler Elem School,Whistler Elem School,Chicago,
White Eagle Elementary,White Eagle Elementary,Naperville,
White Elem Career Academy,White Elem Career Academy,Chicago,
White Heath Elem School,White Heath Elem School,White Heath,
White Oak Elementary,White Oak Elementary,Morris,
Whitehead Elem School,Whitehead Elem School,Rockford,
Whiteside Area Career,Whiteside Area Career,Sterling,
Whiteside Elem School,Whiteside Elem School,Belleville,
Whiteside Middle School,Whiteside Middle School,Belleville,
Whiteside Regional Voc System,Whiteside Regional Voc System,Sterling,
Whiteside SD 115,Whiteside SD 115,Belleville,
Whitman Post Elem School,Whitman Post Elem School,Rockton,
Whitney Elem School,Whitney Elem School,Chicago,
Whitney M. Young High School,Whitney M. Young High School,Chicago,
Whitney Young Magnet High School,Whitney Young Magnet High School,Chicago,
Whittier Elem School,Whittier Elem School,Oak Park,
Whittier Elem School,Whittier Elem School,Harvey,
Whittier Elem School,Whittier Elem School,Chicago,
Whittier Elem School,Whittier Elem School,Downers Grove,
Whittier Elem School,Whittier Elem School,Wheaton,
Whittier Elem School,Whittier Elem School,Waukegan,
Whittier Elementary School,Whittier Elementary School,Blue Island,
Whittier Primary School,Whittier Primary School,Northlake,
Whittier Primary School,Whittier Primary School,Peoria,
Wiesbrook Elem School,Wiesbrook Elem School,Wheaton,
Wilbur Trimpe Middle School,Wilbur Trimpe Middle School,Bethalto,
Wilco Area Career Center,Wilco Area Career Center,Romeoville,
Wilcox Elem School,Wilcox Elem School,Springfield,
Wild Rose Elem School,Wild Rose Elem School,Saint Charles,
Wilder-Waite Grade School,Wilder-Waite Grade School,Peoria,
Wildwood Elem School,Wildwood Elem School,Chicago,
Wiley Elementary School,Wiley Elementary School,Urbana,
Will Co Detention Center 6-8,Will Co Detention Center 6-8,Joliet,
Will Co Detention Center 9-12,Will Co Detention Center 9-12,Joliet,
Will County SD 92,Will County SD 92,Lockport,
Will ROE,Will ROE,Joliet,
Willard Elem School,Willard Elem School,Evanston,
Willard Elem School,Willard Elem School,River Forest,
Willard Elem School,Willard Elem School,South Elgin,
Willard Elem School,Willard Elem School,Moline,
William Beye Elem School,William Beye Elem School,Oak Park,
William E Young School,William E Young School,Homer Glen,
William F Murphy Elem School,William F Murphy Elem School,Woodridge,
William Hatch Elem School,William Hatch Elem School,Oak Park,
William Holliday Elem School,William Holliday Elem School,Fairview Heights,
William J Butler School,William J Butler School,Lockport,
William L Thompson School,William L Thompson School,Lake Villa,
William M Bedell-ARC,William M Bedell-ARC,Wood River,
William M Bedell-Wood River,William M Bedell-Wood River,Wood River,
Williams Medical Prep High Sch,Williams Medical Prep High Sch,Chicago,
Williamsburg Elem School,Williamsburg Elem School,Geneva,
Williamsfield CUSD 210,Williamsfield CUSD 210,Williamsfield,
Williamsfield Elem School,Williamsfield Elem School,Williamsfield,
Williamsfield High School,Williamsfield High School,Williamsfield,
Williamsfield Middle School,Williamsfield Middle School,Williamsfield,
Williamson Co CTE System,Williamson Co CTE System,Marion,
Williamson Co Intensive Program,Williamson Co Intensive Program,Marion,
Williamson Co Learning Cntr,Williamson Co Learning Cntr,Marion,
Williamson Co Spec Educ District,Williamson Co Spec Educ District,Marion,
Williamsville CUSD 15,Williamsville CUSD 15,Williamsville,
Williamsville High School,Williamsville High School,Williamsville,
Williamsville Jr High School,Williamsville Jr High School,Williamsville,
Willow Bend Elem School,Willow Bend Elem School,Rolling Meadows,
Willow Creek Elem School,Willow Creek Elem School,Woodridge,
Willow Elem School,Willow Elem School,Pekin,
Willow Grove Early Learning Center,Willow Grove Early Learning Center,Buffalo Grove,
Willow Grove Elem School,Willow Grove Elem School,Centralia,
Willow Grove SD 46,Willow Grove SD 46,Centralia,
Willow School,Willow School,Homewood,
Willow Springs Elem School,Willow Springs Elem School,Willow Springs,
Willow Springs SD 108,Willow Springs SD 108,Willow Springs,
Willowbrook Elem School,Willowbrook Elem School,Glenview,
Willowbrook High School,Willowbrook High School,Villa Park,
Willowbrook Middle School,Willowbrook Middle School,South Beloit,
Willowglen-Brewster,Willowglen-Brewster,Freeport,
Willowglen-DeBoer,Willowglen-DeBoer,Freeport,
Willowglen-Illinois,Willowglen-Illinois,Freeport,
Willowglen-Illinois Intensive,Willowglen-Illinois Intensive,Freeport,
Willowglen-Kunkle,Willowglen-Kunkle,Freeport,
Willowglen-Washington,Willowglen-Washington,Freeport,
Willowglen-Whistler,Willowglen-Whistler,Freeport,
Willows Academy,Willows Academy,Des Plaines,
Wilmette Community Sp Ed Agreement,Wilmette Community Sp Ed Agreement,Wilmette,
Wilmette Junior High School,Wilmette Junior High School,Wilmette,
Wilmette SD 39,Wilmette SD 39,Wilmette,
Wilmington CUSD 209U,Wilmington CUSD 209U,Wilmington,
Wilmington High School,Wilmington High School,Wilmington,
Wilmington Middle School,Wilmington Middle School,Wilmington,
Wilmot Elem School,Wilmot Elem School,Deerfield,
Wilson ASPIRE,Wilson ASPIRE,Rockford,
Wilson Creek Elem Sch,Wilson Creek Elem Sch,Manhattan,
Wilson Elem School,Wilson Elem School,Chicago Heights,
Wilson Elem School,Wilson Elem School,Granite City,
Wilson Elementary School,Wilson Elementary School,Calumet City,
Wilson Intermediate School,Wilson Intermediate School,Pekin,
Wilson Montessori Academy,Wilson Montessori Academy,Elmhurst,
Winchester CUSD 1,Winchester CUSD 1,Winchester,
Winchester Elem School,Winchester Elem School,Winchester,
Winchester High School,Winchester High School,Winchester,
Windsor CUSD 1,Windsor CUSD 1,Windsor,
Windsor Elem School,Windsor Elem School,Loves Park,
Windsor Elem School,Windsor Elem School,Windsor,
Windsor Elementary School,Windsor Elementary School,Arlington Heights,
Windsor Jr & Sr High School,Windsor Jr & Sr High School,Windsor,
Winfield Central School,Winfield Central School,Winfield,
Winfield Primary School,Winfield Primary School,Winfield,
Winfield SD 34,Winfield SD 34,Winfield,
Wingate Elementary School,Wingate Elementary School,Shiloh,
Winnebago Co Detention Center,Winnebago Co Detention Center,Rockford,
Winnebago County Spec Educ Coop,Winnebago County Spec Educ Coop,Rockton,
Winnebago CUSD 323,Winnebago CUSD 323,Winnebago,
Winnebago Elem School,Winnebago Elem School,Bloomingdale,
Winnebago High School,Winnebago High School,Winnebago,
Winnebago Middle School,Winnebago Middle School,Winnebago,
Winnetka Covenant Church-Preschool,Winnetka Covenant Church-Preschool,Wilmette,
Winnetka SD 36,Winnetka SD 36,Winnetka,
Winola Elementary School,Winola Elementary School,Viola,
Winston Campus Elementary,Winston Campus Elementary,Palatine,
Winston Campus Jr High,Winston Campus Jr High,Palatine,
Winston Churchill Elem School,Winston Churchill Elem School,Schaumburg,
Winston Churchill School,Winston Churchill School,Homewood,
Winston Knolls Education Group,Winston Knolls Education Group,Hoffman Estates,
Winthrop Harbor SD 1,Winthrop Harbor SD 1,Winthrop Harbor,
Wisdom Learning Academy,Wisdom Learning Academy,Chicago,
Wm Bedell Achievemnt/Resource Ctr,Wm Bedell Achievemnt/Resource Ctr,Wood River,
Wm F Gurrie Middle School,Wm F Gurrie Middle School,La Grange,
Wm Fremd High School,Wm Fremd High School,Palatine,
Wm Hammerschmidt Elem School,Wm Hammerschmidt Elem School,Lombard,
Wm Nashold Early Childhood Center,Wm Nashold Early Childhood Center,Rockford,
Wolcott School,Wolcott School,Chicago,
Wolcott School,Wolcott School,Thornton,
Wolf Branch Elem School,Wolf Branch Elem School,Swansea,
Wolf Branch Middle School,Wolf Branch Middle School,Swansea,
Wolf Branch SD 113,Wolf Branch SD 113,Swansea,
Wolf Ridge Education Center,Wolf Ridge Education Center,Bunker Hill,
Wolfs Crossing Elem School,Wolfs Crossing Elem School,Aurora,
Wonder Montessori School,Wonder Montessori School,Chicago,
Wonderland Kids Academy,Wonderland Kids Academy,Fox River Grv,
Wood Dale Jr High School,Wood Dale Jr High School,Wood Dale,
Wood Dale SD 7,Wood Dale SD 7,Wood Dale,
Wood Oaks Jr High School,Wood Oaks Jr High School,Northbrook,
Wood River-Hartford ESD 15,Wood River-Hartford ESD 15,Wood River,
Wood View Elem School,Wood View Elem School,Bolingbrook,
Woodford Cty Special Ed Assoc,Woodford Cty Special Ed Assoc,Metamora,
Woodgate Elem School,Woodgate Elem School,Matteson,
Woodland CCSD 50,Woodland CCSD 50,Gurnee,
Woodland CUSD 5,Woodland CUSD 5,Streator,
Woodland Elem School,Woodland Elem School,Joliet,
Woodland Elementary,Woodland Elementary,Gages Lake,
Woodland Elementary School,Woodland Elementary School,Edwardsville,
Woodland Elementary/Jr High Sch,Woodland Elementary/Jr High Sch,Streator,
Woodland High School,Woodland High School,Streator,
Woodland Intermediate Sch,Woodland Intermediate Sch,Gurnee,
Woodland Middle School,Woodland Middle School,Gurnee,
Woodland Primary School,Woodland Primary School,Gages Lake,
Woodlands Acad of the Sacred Hrt,Woodlands Acad of the Sacred Hrt,Lake Forest,
Woodlawn Academy College Preparatory,Woodlawn Academy College Preparatory,Chicago,
Woodlawn Elem Community School,Woodlawn Elem Community School,Chicago,
Woodlawn Grade School,Woodlawn Grade School,Woodlawn,
Woodlawn High School,Woodlawn High School,Woodlawn,
Woodlawn Middle School,Woodlawn Middle School,Long Grove,
Woodlawn Unit School District 209,Woodlawn Unit School District 209,Woodlawn,
Woodridge of Missouri LLLC,Woodridge of Missouri LLLC,Madison,
Woodridge SD 68,Woodridge SD 68,Woodridge,
Woodrow Wilson Elem School,Woodrow Wilson Elem School,Cicero,
Woodrow Wilson Elem School,Woodrow Wilson Elem School,East Peoria,
Woodrow Wilson Middle School,Woodrow Wilson Middle School,Moline,
Woodruff Career & Tech Center,Woodruff Career & Tech Center,Peoria,
Woods Creek Elementary School,Woods Creek Elementary School,Crystal Lake,
Woodson South Elem School,Woodson South Elem School,Chicago,
Woodstock Christian School,Woodstock Christian School,Woodstock,
Woodstock CUSD 200,Woodstock CUSD 200,Woodstock,
Woodstock High School,Woodstock High School,Woodstock,
Woodstock North High School,Woodstock North High School,Woodstock,
Woodview School,Woodview School,Grayslake,
Woodward Youth Corporation,Woodward Youth Corporation,Woodward,
Word Made Flesh Academy,Word Made Flesh Academy,Midlothian,
Word of God Christian Acad,Word of God Christian Acad,Melrose Park,
Word of Life Christian,Word of Life Christian,Granite City,
Worden Elementary School,Worden Elementary School,Worden,
World Language High School,World Language High School,Chicago,
Worldwide Christian Academy,Worldwide Christian Academy,Matteson,
Worship Academy College Preparatory,Worship Academy College Preparatory,Chicago,
Worth Elem School,Worth Elem School,Worth,
Worth Jr High School,Worth Jr High School,Worth,
Worth SD 127,Worth SD 127,Worth,
Worthridge School,Worthridge School,Worth,
Worthwoods Elem School,Worthwoods Elem School,Worth,
Wredling Middle School,Wredling Middle School,Saint Charles,
WRFS Services LLC,WRFS Services LLC,Wabash,
Wyvetter Younge Alternative Center for Education,Wyvetter Younge Alternative Center for Education,East Saint Louis,
Xilin Academy Day Care Cntr,Xilin Academy Day Care Cntr,Naperville,
Yankee Ridge Elem School,Yankee Ridge Elem School,Urbana,
Yates Elem School,Yates Elem School,Chicago,
YBMC Charter Sch,YBMC Charter Sch,Normal,
YCCS Chtr - Chatham,YCCS Chtr - Chatham,Chicago,
YCCS- McKinley-Lakeside Leadership Academy,YCCS- McKinley-Lakeside Leadership Academy,Chicago,
YCCS-Albizu Campos Puerto Rican HS,YCCS-Albizu Campos Puerto Rican HS,Chicago,
YCCS-ASPIRA Pantoja Alt HS,YCCS-ASPIRA Pantoja Alt HS,Chicago,
YCCS-Association House,YCCS-Association House,Chicago,
YCCS-Austin Career Ed Cntr HS,YCCS-Austin Career Ed Cntr HS,Chicago,
YCCS-CCA Academy HS,YCCS-CCA Academy HS,Chicago,
YCCS-Community Youth Dev Inst HS,YCCS-Community Youth Dev Inst HS,Chicago,
YCCS-Innovations of Arts Integr HS,YCCS-Innovations of Arts Integr HS,Chicago,
YCCS-Jane Addams Alternative HS,YCCS-Jane Addams Alternative HS,Chicago,
YCCS-Latino Youth Alternative HS,YCCS-Latino Youth Alternative HS,Chicago,
YCCS-Olive Harvey Mid College HS,YCCS-Olive Harvey Mid College HS,Chicago,
YCCS-Progressive Leadership Academy,YCCS-Progressive Leadership Academy,Chicago,
YCCS-Scholastic Achievement HS,YCCS-Scholastic Achievement HS,Chicago,
YCCS-Sullivan House Alt HS,YCCS-Sullivan House Alt HS,Chicago,
YCCS-Truman Middle College HS,YCCS-Truman Middle College HS,Chicago,
YCCS-Virtual HS,YCCS-Virtual HS,Chicago,
YCCS-West Town Academy Alt HS,YCCS-West Town Academy Alt HS,Chicago,
YCCS-Westside Holistic Ldr Acad HS,YCCS-Westside Holistic Ldr Acad HS,Chicago,
YCCS-Youth Connection Leadership Academy,YCCS-Youth Connection Leadership Academy,Chicago,
YEA Program,YEA Program,Yorkville,
Yellowstone Academy,Yellowstone Academy,Billings,
Yellowstone Boys & Girls Ranch,Yellowstone Boys & Girls Ranch,Billings,
Yellowstone Ranch-Therapeutic,Yellowstone Ranch-Therapeutic,Billings,
Yeshiva Derech Hatorah of Chicago,Yeshiva Derech Hatorah of Chicago,Chicago,
Yeshiva Gedola of the Midwest - Yeshiva Eitz Chaim,Yeshiva Gedola of the Midwest - Yeshiva Eitz Chaim,Chicago,
Yeshiva High School of Chicago,Yeshiva High School of Chicago,Chicago,
Yeshiva Ohr Boruch,Yeshiva Ohr Boruch,Chicago,
Yeshivas Meor Hatorah,Yeshivas Meor Hatorah,Chicago,
YESHIVAS MEOR HATORAH OF CHICAGO,YESHIVAS MEOR HATORAH OF CHICAGO,CHICAGO,
York Center Elem School,York Center Elem School,Lombard,
York Comm High School,York Comm High School,Elmhurst,
YORKVILLE CHRISITAN HIGH SCHOOL,YORKVILLE CHRISITAN HIGH SCHOOL,YORKVILLE,
Yorkville Christian High School,Yorkville Christian High School,Yorkville,
Yorkville CUSD 115,Yorkville CUSD 115,Yorkville,
Yorkville Grade School,Yorkville Grade School,Yorkville,
Yorkville High School,Yorkville High School,Yorkville,
Yorkville Intermediate School,Yorkville Intermediate School,Yorkville,
Yorkville Middle School,Yorkville Middle School,Yorkville,
Young Adult Program,Young Adult Program,Arlington Heights,
Young Elem School,Young Elem School,Chicago,
Young Magnet High School,Young Magnet High School,Chicago,
Young Womens Leadership Chartr HS,Young Womens Leadership Chartr HS,Chicago,
Youthbuild Academy,Youthbuild Academy,Normal,
Zadok Casey Middle School,Zadok Casey Middle School,Mount Vernon,
Zapata Elem Academy,Zapata Elem Academy,Chicago,
Zeigler Christian Academy,Zeigler Christian Academy,Zeigler,
Zeigler-Royalton CUSD 188,Zeigler-Royalton CUSD 188,Zeigler,
Zeigler-Royalton Elem School,Zeigler-Royalton Elem School,Zeigler,
Zeigler-Royalton High School,Zeigler-Royalton High School,Zeigler,
Zeigler-Royalton Jr High School,Zeigler-Royalton Jr High School,Zeigler,
Zenon J Sykuta School,Zenon J Sykuta School,Country Club Hills,
Zimmerman Consulting,Zimmerman Consulting,Los Lunas,
Zion Buds of Promise Christian Acad,Zion Buds of Promise Christian Acad,South Holland,
Zion Central Middle School,Zion Central Middle School,Zion,
Zion Christian School,Zion Christian School,Zion,
Zion ESD 6,Zion ESD 6,Zion,
Zion Lutheran Belleville,Zion Lutheran Belleville,Belleville,
Zion Lutheran Early Childhood Center,Zion Lutheran Early Childhood Center,Tinley Park,
Zion Lutheran School,Zion Lutheran School,Litchfield,
Zion Lutheran School,Zion Lutheran School,Mount Pulaski,
Zion Lutheran School,Zion Lutheran School,Lincoln,
Zion Lutheran School,Zion Lutheran School,Staunton,
Zion Lutheran School,Zion Lutheran School,Bethalto,
Zion Lutheran School,Zion Lutheran School,Marengo,
Zion Lutheran School,Zion Lutheran School,Beecher,
Zion Lutheran School and Preschool,Zion Lutheran School and Preschool,Mchenry,
Zion-Benton Twnshp Hi Sch,Zion-Benton Twnshp Hi Sch,Zion,
Zion-Benton Twp HSD 126,Zion-Benton Twp HSD 126,Zion,
John Hancock College Prep,John Hancock College Prep,Chicago,
Chicago Math and Science Academy,Chicago Math and Science Academy,Chicago,
King College Prep,King College Prep,Chicago,
George Westinghouse College Prep,George Westinghouse College Prep,Chicago,
Northside College Prep,Northside College Prep,Chicago,
Phoenix Military Academy,Phoenix Military Academy,Chicago,
Horizon Science Academy Southwest,Horizon Science Academy Southwest,Chicago,
Horizon Science Academy,Horizon Science Academy,Chicago,
Muchin College Prep,Muchin College Prep,Chicago,
Sarah E. Goode STEM Academy,Sarah E. Goode STEM Academy,Chicago,
Rowe-Clark Math & Science Academy,Rowe-Clark Math & Science Academy,Chicago,
Baker College Prep,Baker College Prep,Chicago,
Steinmetz College Prep,Steinmetz College Prep,Chicago,
John F. Kennedy High School,John F. Kennedy High School,Chicago,
ITW David Speer Academy,ITW David Speer Academy,Chicago,
St. Ignatius College Prep,St. Ignatius College Prep,Chicago,
George Washington High School,George Washington High School,Chicago,
Nicholas Senn High School,Nicholas Senn High School,Chicago,
Hyman G. Rickover Naval Academy,Hyman G. Rickover Naval Academy,Chicago,
Butler College Prep,Butler College Prep,Chicago,
Back of the yards,Back of the yards,Chicago,
Horizon Science Academy McKinley,Horizon Science Academy McKinley,Chicago,
Golder College Prep,Golder College Prep,Chicago,
Latin School of Chicago,Latin School of Chicago,Chicago,
Air Force Academy High School,Air Force Academy High School,Chicago,
Gwendolyn Brooks College Prep,Gwendolyn Brooks College Prep,Chicago,
Victoria Soto High School,Victoria Soto High School,Chicago,
Illinois Math and Science Academy,Illinois Math and Science Academy,Aurora,
Marine Leadership Academy,Marine Leadership Academy,Chicago,
Pritzker College Prep,Pritzker College Prep,Chicago,
Urban Prep Academy,Urban Prep Academy,Chicago,
DePaul College Prep,DePaul College Prep,Chicago,
Theodore Roosevelt High school,Theodore Roosevelt High school,Chicago,
Uno Garcia,Uno Garcia,Chicago,
Brother Rice High School,Brother Rice High School,Chicago,
Benito Juarez High School,Benito Juarez High School,Chicago,
Stone Elementary Scholastic Academy,Stone Elementary Scholastic Academy,,
Charles G Hammond Elementary School,Charles G Hammond Elementary School,,
Polaris Charter Academy,Polaris Charter Academy,,
Pathways in Education- Brighton Park,Pathways in Education- Brighton Park,,
Noble - UIC College Prep,Noble - UIC College Prep,,
William H Ryder Math & Science Specialty ES,William H Ryder Math & Science Specialty ES,,
Louis Pasteur Elementary School,Louis Pasteur Elementary School,,
Henry H Nash Elementary School,Henry H Nash Elementary School,,
Ludwig Van Beethoven Elementary School,Ludwig Van Beethoven Elementary School,,
Esmond Elementary School,Esmond Elementary School,,
William C. Goudy Technology Academy,William C. Goudy Technology Academy,,
Irene C. Hernandez Middle School for the Advancement of Science,Irene C. Hernandez Middle School for the Advancement of Science,,
David G Farragut Career Academy High School,David G Farragut Career Academy High School,,
John Milton Gregory Elementary School,John Milton Gregory Elementary School,,
Martha Ruggles Elementary School,Martha Ruggles Elementary School,,
Helge A Haugan Elementary School,Helge A Haugan Elementary School,,
Dr. Martin L. King Jr Academy of Social Justice,Dr. Martin L. King Jr Academy of Social Justice,,
William Howard Taft High School,William Howard Taft High School,,
Noble - John and Eunice Johnson College Prep,Noble - John and Eunice Johnson College Prep,,
William P Nixon Elementary School,William P Nixon Elementary School,,
Enrico Tonti Elementary School,Enrico Tonti Elementary School,,
Luke O'Toole Elementary School,Luke O'Toole Elementary School,,
CICS - Loomis Primary,CICS - Loomis Primary,,
James Madison Elementary School,James Madison Elementary School,,
Wilma Rudolph Elementary Learning Center,Wilma Rudolph Elementary Learning Center,,
Portage Park Elementary School,Portage Park Elementary School,,
Richard J Oglesby Elementary School,Richard J Oglesby Elementary School,,
Irvin C Mollison Elementary School,Irvin C Mollison Elementary School,,
Albany Park Multicultural Academy,Albany Park Multicultural Academy,,
Stephen K Hayt Elementary School,Stephen K Hayt Elementary School,,
Acero Charter Schools - PFC Omar E. Torres,Acero Charter Schools - PFC Omar E. Torres,,
Johann W von Goethe Elementary School,Johann W von Goethe Elementary School,,
Perspectives - High School of Technology,Perspectives - High School of Technology,,
Ralph H Metcalfe Elementary Community Academy,Ralph H Metcalfe Elementary Community Academy,,
YCCS-Association House HS,YCCS-Association House HS,,
Bronzeville Classical Elementary School,Bronzeville Classical Elementary School,,
Melville W Fuller Elementary School,Melville W Fuller Elementary School,,
Simpson Academy HS for Young Women,Simpson Academy HS for Young Women,,
Blair Early Childhood Center,Blair Early Childhood Center,,
Lawndale Elementary Community Academy,Lawndale Elementary Community Academy,,
Adlai E Stevenson Elementary School,Adlai E Stevenson Elementary School,,
Leslie Lewis Elementary School,Leslie Lewis Elementary School,,
CICS - Prairie,CICS - Prairie,,
Mahalia Jackson Elementary School,Mahalia Jackson Elementary School,,
Fairfield Elementary Academy,Fairfield Elementary Academy,,
Acero Charter Schools - Major Hector P. Garcia MD,Acero Charter Schools - Major Hector P. Garcia MD,,
Major Hector P. Garcia M.D. High School,Major Hector P. Garcia M.D. High School,Chicago,,
Pathways in Education - Humboldt Park HS,Pathways in Education - Humboldt Park HS,,
Ronald Brown Elementary Community Academy,Ronald Brown Elementary Community Academy,,
Joseph Brennemann Elementary School,Joseph Brennemann Elementary School,,
Beulah Shoesmith Elementary School,Beulah Shoesmith Elementary School,,
Namaste Charter School,Namaste Charter School,,
Robert Nathaniel Dett Elementary School,Robert Nathaniel Dett Elementary School,,
Barbara Vick Early Childhood & Family Center,Barbara Vick Early Childhood & Family Center,,
Oriole Park Elementary School,Oriole Park Elementary School,,
James Hedges Elementary School,James Hedges Elementary School,,
Wendell Phillips Academy High School,Wendell Phillips Academy High School,,
Noble - Baker College Prep,Noble - Baker College Prep,,
Dunne Technology Academy,Dunne Technology Academy,,
Carroll-Rosenwald Specialty Elementary School,Carroll-Rosenwald Specialty Elementary School,,
YCCS-Dr. Pedro Albizu Campos Puerto Rican HS,YCCS-Dr. Pedro Albizu Campos Puerto Rican HS,,
Myra Bradwell Communications Arts & Sciences ES,Myra Bradwell Communications Arts & Sciences ES,,
Paul Laurence Dunbar Career Academy High School,Paul Laurence Dunbar Career Academy High School,,
James G Blaine Elementary School,James G Blaine Elementary School,,
Acero Charter Schools - Officer Donald J. Marquez,Acero Charter Schools - Officer Donald J. Marquez,,
William J Bogan High School,William J Bogan High School,,
Alessandro Volta Elementary School,Alessandro Volta Elementary School,,
Providence Englewood Charter School,Providence Englewood Charter School,,
CICS - West Belden,CICS - West Belden,,
YCCS-Olive Harvey Middle College HS,YCCS-Olive Harvey Middle College HS,,
George W Tilton Elementary School,George W Tilton Elementary School,,
Annie Keller Regional Gifted Center,Annie Keller Regional Gifted Center,,
Carl Schurz High School,Carl Schurz High School,,
John D Shoop Math-Science Technical Academy ES,John D Shoop Math-Science Technical Academy ES,,
Joseph Lovett Elementary School,Joseph Lovett Elementary School,,
Oliver S Westcott Elementary School,Oliver S Westcott Elementary School,,
CICS - Lloyd Bond,CICS - Lloyd Bond,,
KIPP One Academy,KIPP One Academy,,
Noble - The Noble Academy,Noble - The Noble Academy,,
Noble Academy,Noble Academy,Chicago,
University of Chicago - Donoghue,University of Chicago - Donoghue,,
Noble - Rauner College Prep,Noble - Rauner College Prep,,
Noble Mansueto High School,Noble Mansueto High School,,
Chicago Collegiate Charter School,Chicago Collegiate Charter School,,
Instituto - Justice Lozano,Instituto - Justice Lozano,,
Stephen Decatur Classical Elementary School,Stephen Decatur Classical Elementary School,,
John H Hamline Elementary School,John H Hamline Elementary School,,
Evergreen Academy Middle School,Evergreen Academy Middle School,,
Arthur Dixon Elementary School,Arthur Dixon Elementary School,,
YCCS-Latino Youth Alternative HS,YCCS-Latino Youth Alternative HS,,
Henry O Tanner Elementary School,Henry O Tanner Elementary School,,
Mary Lyon Elementary School,Mary Lyon Elementary School,,
George Washington Carver Military Academy HS,George Washington Carver Military Academy HS,,
Amelia Earhart Options for Knowledge ES,Amelia Earhart Options for Knowledge ES,,
George Washington Carver Primary School,George Washington Carver Primary School,,
Art in Motion Charter School,Art in Motion Charter School,,
William H Prescott Elementary School,William H Prescott Elementary School,,
Robert Fulton Elementary School,Robert Fulton Elementary School,,
Carrie Jacobs Bond Elementary School,Carrie Jacobs Bond Elementary School,,
Richard Edwards Elementary School,Richard Edwards Elementary School,,
Theodore Herzl Elementary School,Theodore Herzl Elementary School,,
Chicago Virtual Charter School,Chicago Virtual Charter School,,
Bowen High School,Bowen High School,,
ASPIRA Charter School - Early College High School,ASPIRA Charter School - Early College High School,,
Roswell B Mason Elementary School,Roswell B Mason Elementary School,,
Laughlin Falconer Elementary School,Laughlin Falconer Elementary School,,
Hannah G Solomon Elementary School,Hannah G Solomon Elementary School,,
Peter Cooper Elementary Dual Language Academy,Peter Cooper Elementary Dual Language Academy,,
George M Pullman Elementary School,George M Pullman Elementary School,,
Talman Elementary School,Talman Elementary School,,
Disney II Magnet School,Disney II Magnet School,,
Edwin G. Foreman College and Career Academy,Edwin G. Foreman College and Career Academy,,
Perspectives - Rodney D. Joslin,Perspectives - Rodney D. Joslin,,
Genevieve Melody Elementary School,Genevieve Melody Elementary School,,
Hope College Preparatory High School,Hope College Preparatory High School,,
John Whistler Elementary School,John Whistler Elementary School,,
John Barry Elementary School,John Barry Elementary School,,
L.E.A.R.N. - Romano Butler Campus,L.E.A.R.N. - Romano Butler Campus,,
A.N. Pritzker School,A.N. Pritzker School,,
Cyrus H McCormick Elementary School,Cyrus H McCormick Elementary School,,
Inter-American Elementary Magnet School,Inter-American Elementary Magnet School,,
West Park Elementary Academy,West Park Elementary Academy,,
Jonathan Burr Elementary School,Jonathan Burr Elementary School,,
Academy for Global Citizenship Charter School,Academy for Global Citizenship Charter School,,
John B Murphy Elementary School,John B Murphy Elementary School,,
Frank W Gunsaulus Elementary Scholastic Academy,Frank W Gunsaulus Elementary Scholastic Academy,,
Emil G Hirsch Metropolitan High School,Emil G Hirsch Metropolitan High School,,
Walter S Christopher Elementary School,Walter S Christopher Elementary School,,
Catalyst - Maria Charter School,Catalyst - Maria Charter School,,
James Shields Elementary School,James Shields Elementary School,,
Moving Everest Charter School,Moving Everest Charter School,,
L.E.A.R.N. - Charles and Dorothy Campbell Campus,L.E.A.R.N. - Charles and Dorothy Campbell Campus,,
John H Kinzie Elementary School,John H Kinzie Elementary School,,
Burnham Elementary Inclusive Academy,Burnham Elementary Inclusive Academy,,
Marquette Elementary School,Marquette Elementary School,,
Brian Piccolo Elementary Specialty School,Brian Piccolo Elementary Specialty School,,
George Manierre Elementary School,George Manierre Elementary School,,
Jordan Elementary Community School,Jordan Elementary Community School,,
Anna R. Langford Community Academy,Anna R. Langford Community Academy,,
Southside Occupational Academy High School,Southside Occupational Academy High School,,
Hyman G Rickover Naval Academy High School,Hyman G Rickover Naval Academy High School,,
Josefa Ortiz De Dominguez Elementary School,Josefa Ortiz De Dominguez Elementary School,,
Eliza Chappell Elementary School,Eliza Chappell Elementary School,,
Noble - Gary Comer College Prep,Noble - Gary Comer College Prep,,
Jose De Diego Elementary Community Academy,Jose De Diego Elementary Community Academy,,
James B McPherson Elementary School,James B McPherson Elementary School,,
Wolfgang A Mozart Elementary School,Wolfgang A Mozart Elementary School,,
William Bishop Owen Scholastic Academy ES,William Bishop Owen Scholastic Academy ES,,
Frederick A Douglass Academy High School,Frederick A Douglass Academy High School,,
Ronald E McNair Elementary School,Ronald E McNair Elementary School,,
Sharon Christa McAuliffe Elementary School,Sharon Christa McAuliffe Elementary School,,
George Westinghouse College Prep,George Westinghouse College Prep,,
Dvorak Technology Academy,Dvorak Technology Academy,,
James E McDade Elementary Classical School,James E McDade Elementary Classical School,,
"YCCS-ASPIRA,Antonia Pantoja Alternative HS ","YCCS-ASPIRA,Antonia Pantoja Alternative HS ",,
John M Smyth Elementary School,John M Smyth Elementary School,,
Theodore Roosevelt High School,Theodore Roosevelt High School,,
Norwood Park Elementary School,Norwood Park Elementary School,,
Michele Clark Academic Prep Magnet High School,Michele Clark Academic Prep Magnet High School,,
Avondale-Logandale Elementary School,Avondale-Logandale Elementary School,,
Edward K Ellington Elementary School,Edward K Ellington Elementary School,,
Edward Tilden Career Community Academy HS,Edward Tilden Career Community Academy HS,,
CICS - Irving Park,CICS - Irving Park,,
Mark Skinner Elementary School,Mark Skinner Elementary School,,
Tarkington School of Excellence ES,Tarkington School of Excellence ES,,
Camelot - Chicago Excel Academy,Camelot - Chicago Excel Academy,,
John B Drake Elementary School,John B Drake Elementary School,,
Peace & Education Coalition HS,Peace & Education Coalition HS,,
Nancy B Jefferson Alternative HS,Nancy B Jefferson Alternative HS,,
John W Cook Elementary School,John W Cook Elementary School,,
Nicholas Senn High School,Nicholas Senn High School,,
Nathan Hale Elementary School,Nathan Hale Elementary School,,
Rodolfo Lozano Bilingual & International Ctr ES,Rodolfo Lozano Bilingual & International Ctr ES,,
Rudyard Kipling Elementary School,Rudyard Kipling Elementary School,,
Acero Charter Schools - Carlos Fuentes,Acero Charter Schools - Carlos Fuentes,,
L.E.A.R.N. - South Chicago Campus,L.E.A.R.N. - South Chicago Campus,,
Thomas J Higgins Elementary Community Academy,Thomas J Higgins Elementary Community Academy,,
William Penn Elementary School,William Penn Elementary School,,
Louis Nettelhorst Elementary School,Louis Nettelhorst Elementary School,,
Wells Community Academy High School,Wells Community Academy High School,,
William T Sherman Elementary School,William T Sherman Elementary School,,
William B Ogden Elementary School,William B Ogden Elementary School,,
Disney II Magnet High School,Disney II Magnet High School,,
Grover Cleveland Elementary School,Grover Cleveland Elementary School,,
Roald Amundsen High School,Roald Amundsen High School,,
William Jones College Preparatory High School,William Jones College Preparatory High School,,
Adam Clayton Powell Paideia Community Academy ES,Adam Clayton Powell Paideia Community Academy ES,,
William G Hibbard Elementary School,William G Hibbard Elementary School,,
Austin College and Career Academy High School,Austin College and Career Academy High School,,
William H Ray Elementary School,William H Ray Elementary School,,
Camelot Excel - Southwest HS,Camelot Excel - Southwest HS,,
Joyce Kilmer Elementary School,Joyce Kilmer Elementary School,,
Mark Sheridan Math & Science Academy,Mark Sheridan Math & Science Academy,,
Edward Beasley Elementary Magnet Academic Center,Edward Beasley Elementary Magnet Academic Center,,
Paul Revere Elementary School,Paul Revere Elementary School,,
Horace Mann Elementary School,Horace Mann Elementary School,,
Charles N Holden Elementary School,Charles N Holden Elementary School,,
Albert G Lane Technical High School,Albert G Lane Technical High School,,
Kelvyn Park High School,Kelvyn Park High School,,
Edward Everett Elementary School,Edward Everett Elementary School,,
Albert R Sabin Elementary Magnet School,Albert R Sabin Elementary Magnet School,,
Ravenswood Elementary School,Ravenswood Elementary School,,
YCCS-Jane Addams Alternative HS,YCCS-Jane Addams Alternative HS,,
Milton Brunson Math & Science Specialty ES,Milton Brunson Math & Science Specialty ES,,
John Hay Elementary Community Academy,John Hay Elementary Community Academy,,
YCCS-Truman Middle College HS,YCCS-Truman Middle College HS,,
Patrick Henry Elementary School,Patrick Henry Elementary School,,
Mary E Courtenay Elementary Language Arts Center,Mary E Courtenay Elementary Language Arts Center,,
Ombudsman Chicago - South,Ombudsman Chicago - South,,
Greater Lawndale High School For Social Justice,Greater Lawndale High School For Social Justice,,
CICS - Northtown,CICS - Northtown,,
Josephine C Locke Elementary School,Josephine C Locke Elementary School,,
University of Chicago - Woodlawn,University of Chicago - Woodlawn,,
YCCS-CCA Academy HS,YCCS-CCA Academy HS,,
Carl von Linne Elementary School,Carl von Linne Elementary School,,
John F Eberhart Elementary School,John F Eberhart Elementary School,,
Helen M Hefferan Elementary School,Helen M Hefferan Elementary School,,
George W Curtis Elementary School,George W Curtis Elementary School,,
YCCS-West Town Acad Alternative HS,YCCS-West Town Acad Alternative HS,,
Jonathan Y Scammon Elementary School,Jonathan Y Scammon Elementary School,,
LaSalle Elementary Language Academy,LaSalle Elementary Language Academy,,
Washington Irving Elementary School,Washington Irving Elementary School,,
Hyde Park Academy High School,Hyde Park Academy High School,,
Frazier Prospective IB Magnet ES,Frazier Prospective IB Magnet ES,,
Charles H Wacker Elementary School,Charles H Wacker Elementary School,,
Benjamin E Mays Elementary Academy,Benjamin E Mays Elementary Academy,,
Chicago Academy High School,Chicago Academy High School,,
Henry R Clissold Elementary School,Henry R Clissold Elementary School,,
Rufus M Hitch Elementary School,Rufus M Hitch Elementary School,,
Lincoln Park High School,Lincoln Park High School,,
North River Elementary School,North River Elementary School,,
William K New Sullivan Elementary School,William K New Sullivan Elementary School,,
Salmon P Chase Elementary School,Salmon P Chase Elementary School,,
Thomas Kelly College Preparatory,Thomas Kelly College Preparatory,,
Joseph Kellman Corporate Community ES,Joseph Kellman Corporate Community ES,,
James Russell Lowell Elementary School,James Russell Lowell Elementary School,,
John C Burroughs Elementary School,John C Burroughs Elementary School,,
Kenwood Academy High School,Kenwood Academy High School,,
Charles Kozminski Elementary Community Academy,Charles Kozminski Elementary Community Academy,,
Francisco I Madero Middle School,Francisco I Madero Middle School,,
Henry Clay Elementary School,Henry Clay Elementary School,,
Noble - DRW College Prep,Noble - DRW College Prep,,
Frank I Bennett Elementary School,Frank I Bennett Elementary School,,
Ellen H Richards Career Academy High School,Ellen H Richards Career Academy High School,,
Instituto Health Sciences Career Academy,Instituto Health Sciences Career Academy,,
YCCS-Virtual HS,YCCS-Virtual HS,,
CICS - Washington Park,CICS - Washington Park,,
Whitney M Young Magnet High School,Whitney M Young Magnet High School,,
Bernhard Moos Elementary School,Bernhard Moos Elementary School,,
Phoebe Apperson Hearst Elementary School,Phoebe Apperson Hearst Elementary School,,
Rowe Elementary Charter School,Rowe Elementary Charter School,,
Lenart Elementary Regional Gifted Center,Lenart Elementary Regional Gifted Center,,
Gage Park High School,Gage Park High School,,
Minnie Mars Jamieson Elementary School,Minnie Mars Jamieson Elementary School,,
Chicago Technology Academy High School,Chicago Technology Academy High School,,
Jacqueline B Vaughn Occupational High School,Jacqueline B Vaughn Occupational High School,,
Chicago High School for the Arts (ChiArts),Chicago High School for the Arts (ChiArts),,
Emmett Louis Till Math and Science Academy,Emmett Louis Till Math and Science Academy,,
North-Grand High School,North-Grand High School,,
Sor Juana Ines de la Cruz ES,Sor Juana Ines de la Cruz ES,,
Cesar E Chavez Multicultural Academic Center ES,Cesar E Chavez Multicultural Academic Center ES,,
Acero Charter Schools - Sandra Cisneros,Acero Charter Schools - Sandra Cisneros,,
Morgan Park High School,Morgan Park High School,,
James Wadsworth Elementary School,James Wadsworth Elementary School,,
CICS - Wrightwood,CICS - Wrightwood,,
Spry Community Links High School,Spry Community Links High School,,
Daniel R Cameron Elementary School,Daniel R Cameron Elementary School,,
Noble - Noble College Prep,Noble - Noble College Prep,,
Ashburn Community Elementary School,Ashburn Community Elementary School,,
Theophilus Schmid Elementary School,Theophilus Schmid Elementary School,,
Acero Charter Schools - Rufino Tamayo,Acero Charter Schools - Rufino Tamayo,,
Eugene Field Elementary School,Eugene Field Elementary School,,
YCCS-Sullivan House Alternative HS,YCCS-Sullivan House Alternative HS,,
John Foster Dulles Elementary School,John Foster Dulles Elementary School,,
Mount Greenwood Elementary School,Mount Greenwood Elementary School,,
Legacy Charter School,Legacy Charter School,,
John M Harlan Community Academy High School,John M Harlan Community Academy High School,,
Noble - Pritzker College Prep,Noble - Pritzker College Prep,,
Jane A Neil Elementary School,Jane A Neil Elementary School,,
William Rainey Harper High School,William Rainey Harper High School,,
YCCS-Austin Career Education Center HS,YCCS-Austin Career Education Center HS,,
Charles R Henderson Elementary School,Charles R Henderson Elementary School,,
YCCS- McKinley Lakeside Leadership HS,YCCS- McKinley Lakeside Leadership HS,,
CICS - Bucktown,CICS - Bucktown,,
Marcus Moziah Garvey Elementary School,Marcus Moziah Garvey Elementary School,,
Lake View High School,Lake View High School,,
Walter Q Gresham Elementary School,Walter Q Gresham Elementary School,,
Harriet E Sayre Elementary Language Academy,Harriet E Sayre Elementary Language Academy,,
Al Raby High School,Al Raby High School,,
Ariel Elementary Community Academy,Ariel Elementary Community Academy,,
L.E.A.R.N. - Excel Campus,L.E.A.R.N. - Excel Campus,,
Lazaro Cardenas Elementary School,Lazaro Cardenas Elementary School,,
Durkin Park Elementary School,Durkin Park Elementary School,,
Medgar Evers Elementary School,Medgar Evers Elementary School,,
L.E.A.R.N. - Hunter Perkins Campus,L.E.A.R.N. - Hunter Perkins Campus,,
Noble - Hansberry College Prep,Noble - Hansberry College Prep,,
Franklin Elementary Fine Arts Center,Franklin Elementary Fine Arts Center,,
Richard Yates Elementary School,Richard Yates Elementary School,,
Francis W Parker Elementary Community Academy,Francis W Parker Elementary Community Academy,,
Isabelle C O'Keeffe Elementary School,Isabelle C O'Keeffe Elementary School,,
Carter G Woodson South Elementary School,Carter G Woodson South Elementary School,,
Ira F Aldridge Elementary School,Ira F Aldridge Elementary School,,
Friedrich W von Steuben Metropolitan Science HS,Friedrich W von Steuben Metropolitan Science HS,,
L.E.A.R.N. Charter School - 7th Campus,L.E.A.R.N. Charter School - 7th Campus,,
Harriet Beecher Stowe Elementary School,Harriet Beecher Stowe Elementary School,,
Great Lakes Academy Charter School,Great Lakes Academy Charter School,,
Edward Coles Elementary Language Academy,Edward Coles Elementary Language Academy,,
Skinner North,Skinner North,,
Mary E McDowell Elementary School,Mary E McDowell Elementary School,,
Sidney Sawyer Elementary School,Sidney Sawyer Elementary School,,
Peter A Reinberg Elementary School,Peter A Reinberg Elementary School,,
Jackie Robinson Elementary School,Jackie Robinson Elementary School,,
Mancel Talcott Elementary School,Mancel Talcott Elementary School,,
George Washington High School,George Washington High School,,
L.E.A.R.N. - Middle School Campus,L.E.A.R.N. - Middle School Campus,,
YCCS-West HS,YCCS-West HS,,
Charles S Brownell Elementary School,Charles S Brownell Elementary School,,
Ambrose Plamondon Elementary School,Ambrose Plamondon Elementary School,,
Roberto Clemente Community Academy High School,Roberto Clemente Community Academy High School,,
James Monroe Elementary School,James Monroe Elementary School,,
Frazier Preparatory Academy Charter School,Frazier Preparatory Academy Charter School,,
Columbia Explorers Elementary Academy,Columbia Explorers Elementary Academy,,
Pathways in Education- Avondale,Pathways in Education- Avondale,,
Thomas Chalmers Specialty Elementary School,Thomas Chalmers Specialty Elementary School,,
Camelot Excel - Southshore HS,Camelot Excel - Southshore HS,,
Socorro Sandoval Elementary School,Socorro Sandoval Elementary School,,
Ruben Salazar Elementary Bilingual Center,Ruben Salazar Elementary Bilingual Center,,
Amos Alonzo Stagg Elementary School,Amos Alonzo Stagg Elementary School,,
Francis M McKay Elementary School,Francis M McKay Elementary School,,
Edward N Hurley Elementary School,Edward N Hurley Elementary School,,
John Hancock College Preparatory High School,John Hancock College Preparatory High School,,
John J Audubon Elementary School,John J Audubon Elementary School,,
KIPP Chicago Charter School - KIPP Bloom,KIPP Chicago Charter School - KIPP Bloom,,
Lionel Hampton Fine & Performing Arts ES,Lionel Hampton Fine & Performing Arts ES,,
William E Dever Elementary School,William E Dever Elementary School,,
John H Vanderpoel Elementary Magnet School,John H Vanderpoel Elementary Magnet School,,
Johnnie Colemon Elementary Academy,Johnnie Colemon Elementary Academy,,
Chicago High School for Agricultural Sciences,Chicago High School for Agricultural Sciences,,
Pulaski International School of Chicago,Pulaski International School of Chicago,,
Michael Faraday Elementary School,Michael Faraday Elementary School,,
Friedrich L. Jahn Elementary of the Fine Arts,Friedrich L. Jahn Elementary of the Fine Arts,,
George Leland Elementary School,George Leland Elementary School,,
Andrew Carnegie Elementary School,Andrew Carnegie Elementary School,,
Foundations College Preparatory Charter School,Foundations College Preparatory Charter School,,
Ole A Thorp Elementary Scholastic Academy,Ole A Thorp Elementary Scholastic Academy,,
Arthur A Libby Elementary School,Arthur A Libby Elementary School,,
George Armstrong International Studies ES,George Armstrong International Studies ES,,
Brighton Park Elementary School,Brighton Park Elementary School,,
Frederick Stock Elementary School,Frederick Stock Elementary School,,
Mark Twain Elementary School,Mark Twain Elementary School,,
Mary Gage Peterson Elementary School,Mary Gage Peterson Elementary School,,
Thomas A Hendricks Elementary Community Academy,Thomas A Hendricks Elementary Community Academy,,
Marine Leadership Academy at Ames,Marine Leadership Academy at Ames,,
Mount Vernon Elementary School,Mount Vernon Elementary School,,
Alex Haley Elementary Academy,Alex Haley Elementary Academy,,
Stephen F Gale Elementary Community Academy,Stephen F Gale Elementary Community Academy,,
Donald Morrill Math & Science Elementary School,Donald Morrill Math & Science Elementary School,,
Daniel J Corkery Elementary School,Daniel J Corkery Elementary School,,
Legal Prep Charter Academy,Legal Prep Charter Academy,,
Urban Prep Academy for Young Men - Englewood,Urban Prep Academy for Young Men - Englewood,,
Acero Charter Schools - Sor Juana Inés de la Cruz,Acero Charter Schools - Sor Juana Inés de la Cruz,,
KIPP Academy Chicago Campus,KIPP Academy Chicago Campus,,
South Shore Intl College Prep High School,South Shore Intl College Prep High School,,
James Otis Elementary School,James Otis Elementary School,,
Acero Charter Schools - Octavio Paz Campus,Acero Charter Schools - Octavio Paz Campus,,
Gurdon S Hubbard High School,Gurdon S Hubbard High School,,
Charles Gates Dawes Elementary School,Charles Gates Dawes Elementary School,,
James R Doolittle Jr Elementary School,James R Doolittle Jr Elementary School,,
Fernwood Elementary School,Fernwood Elementary School,,
Chicago Academy Elementary School,Chicago Academy Elementary School,,
Alice L Barnard Computer Math & Science Ctr ES,Alice L Barnard Computer Math & Science Ctr ES,,
South Shore Fine Arts Academy,South Shore Fine Arts Academy,,
Acero Charter Schools - Jovita Idar,Acero Charter Schools - Jovita Idar,,
Consuella B York Alternative HS,Consuella B York Alternative HS,,
Paul Cuffe Math-Science Technology Academy ES,Paul Cuffe Math-Science Technology Academy ES,,
Foster Park Elementary School,Foster Park Elementary School,,
Frank W Reilly Elementary School,Frank W Reilly Elementary School,,
Hawthorne Elementary Scholastic Academy,Hawthorne Elementary Scholastic Academy,,
Noble - Butler College Prep,Noble - Butler College Prep,,
Edmond Burke Elementary School,Edmond Burke Elementary School,,
James N Thorp Elementary School,James N Thorp Elementary School,,
Daniel Hale Williams Prep School of Medicine,Daniel Hale Williams Prep School of Medicine,,
Charles Allen Prosser Career Academy High School,Charles Allen Prosser Career Academy High School,,
Englewood STEM High School,Englewood STEM High School,,
Dr Martin Luther King Jr College Prep HS,Dr Martin Luther King Jr College Prep HS,,
Mildred I Lavizzo Elementary School,Mildred I Lavizzo Elementary School,,
YCCS-Community Youth Development Institute HS,YCCS-Community Youth Development Institute HS,,
Back of the Yards IB HS,Back of the Yards IB HS,,
George H Corliss High School,George H Corliss High School,,
YCCS-Youth Connection Leadership Acad HS,YCCS-Youth Connection Leadership Acad HS,,
Robert Lindblom Math & Science Academy HS,Robert Lindblom Math & Science Academy HS,,
Percy L Julian High School,Percy L Julian High School,,
Frederick Funston Elementary School,Frederick Funston Elementary School,,
Eric Solorio Academy High School,Eric Solorio Academy High School,,
John A Walsh Elementary School,John A Walsh Elementary School,,
Florence Nightingale Elementary School,Florence Nightingale Elementary School,,
DeVry University Advantage Academy HS,DeVry University Advantage Academy HS,,
Northside Learning Center High School,Northside Learning Center High School,,
Lorenz Brentano Math & Science Academy ES,Lorenz Brentano Math & Science Academy ES,,
William H Brown Elementary School,William H Brown Elementary School,,
Plato Learning Academy,Plato Learning Academy,,
Alfred Nobel Elementary School,Alfred Nobel Elementary School,,
Erie Elementary Charter School,Erie Elementary Charter School,,
Chicago Military Academy High School,Chicago Military Academy High School,,
Velma F Thomas Early Childhood Center,Velma F Thomas Early Childhood Center,,
Robert A Black Magnet Elementary School,Robert A Black Magnet Elementary School,,
Asian Human Services - Passages Charter School,Asian Human Services - Passages Charter School,,
Sauganash Elementary School,Sauganash Elementary School,,
Horizon Science Academy Southwest Chicago Charter,Horizon Science Academy Southwest Chicago Charter,,
Bronzeville Scholastic Academy High School,Bronzeville Scholastic Academy High School,,
Alexander Hamilton Elementary School,Alexander Hamilton Elementary School,,
Ray Graham Training Center High School,Ray Graham Training Center High School,,
Hiram H Belding Elementary School,Hiram H Belding Elementary School,,
Mariano Azuela Elementary School,Mariano Azuela Elementary School,,
John W Garvy Elementary School,John W Garvy Elementary School,,
Catalyst Elementary Charter School - Circle Rock,Catalyst Elementary Charter School - Circle Rock,,
Acero Charter Schools - Victoria Soto,Acero Charter Schools - Victoria Soto,,
Phillip D Armour Elementary School,Phillip D Armour Elementary School,,
Sir Miles Davis Magnet Elementary Academy,Sir Miles Davis Magnet Elementary Academy,,
CICS - ChicagoQuest North,CICS - ChicagoQuest North,,
Rachel Carson Elementary School,Rachel Carson Elementary School,,
Maria Saucedo Elementary Scholastic Academy,Maria Saucedo Elementary Scholastic Academy,,
Wendell Smith Elementary School,Wendell Smith Elementary School,,
Leif Ericson Elementary Scholastic Academy,Leif Ericson Elementary Scholastic Academy,,
YCCS-Progressive Leadership Academy,YCCS-Progressive Leadership Academy,,
Jacob Beidler Elementary School,Jacob Beidler Elementary School,,
Roger C Sullivan High School,Roger C Sullivan High School,,
Suder Montessori Magnet ES,Suder Montessori Magnet ES,,
Northside College Preparatory High School,Northside College Preparatory High School,,
World Language Academy High School,World Language Academy High School,,
Julia Ward Howe Elementary School of Excellence,Julia Ward Howe Elementary School of Excellence,,
John T McCutcheon Elementary School,John T McCutcheon Elementary School,,
John C Dore Elementary School,John C Dore Elementary School,,
William P Gray Elementary School,William P Gray Elementary School,,
Dewey Elementary Academy of Fine Arts,Dewey Elementary Academy of Fine Arts,,
William F Finkl Elementary School,William F Finkl Elementary School,,
Christian Fenger Academy High School,Christian Fenger Academy High School,,
John C Coonley Elementary School,John C Coonley Elementary School,,
John F Kennedy High School,John F Kennedy High School,,
New Field Elementary School,New Field Elementary School,,
Alexander Graham Elementary School,Alexander Graham Elementary School,,
Burnside Elementary Scholastic Academy,Burnside Elementary Scholastic Academy,,
Alain Locke Charter School,Alain Locke Charter School,,
Chicago Vocational Career Academy High School,Chicago Vocational Career Academy High School,,
CICS - Basil,CICS - Basil,,
George B McClellan Elementary School,George B McClellan Elementary School,,
Frederic Chopin Elementary School,Frederic Chopin Elementary School,,
Douglas Taylor Elementary School,Douglas Taylor Elementary School,,
Abraham Lincoln Elementary School,Abraham Lincoln Elementary School,,
University of Chicago - North Kenwood/Oakland,University of Chicago - North Kenwood/Oakland,,
Daniel Webster Elementary School,Daniel Webster Elementary School,,
Daniel C Beard Elementary School,Daniel C Beard Elementary School,,
Noble - ITW David Speer Academy,Noble - ITW David Speer Academy,,
Walt Disney Magnet Elementary School,Walt Disney Magnet Elementary School,,
Philip Rogers Elementary School,Philip Rogers Elementary School,,
Avalon Park Elementary School,Avalon Park Elementary School,,
Manuel Perez Elementary School,Manuel Perez Elementary School,,
North Lawndale College Prep - Christiana,North Lawndale College Prep - Christiana,,
Jean Baptiste Beaubien Elementary School,Jean Baptiste Beaubien Elementary School,,
Galileo Math & Science Scholastic Academy ES,Galileo Math & Science Scholastic Academy ES,,
Edward E. Sadlowski Elementary School,Edward E. Sadlowski Elementary School,,
CICS - Ralph Ellison,CICS - Ralph Ellison,,
Asa Philip Randolph Elementary School,Asa Philip Randolph Elementary School,,
Walter L Newberry Math & Science Academy ES,Walter L Newberry Math & Science Academy ES,,
Jane Addams Elementary School,Jane Addams Elementary School,,
Uplift Community High School,Uplift Community High School,,
George Rogers Clark Elementary School,George Rogers Clark Elementary School,,
Richard T Crane Medical Preparatory HS,Richard T Crane Medical Preparatory HS,,
Federico Garcia Lorca Elementary School,Federico Garcia Lorca Elementary School,,
EPIC Academy Charter High School,EPIC Academy Charter High School,,
Charles Evans Hughes Elementary School,Charles Evans Hughes Elementary School,,
Camelot Excel - Englewood HS,Camelot Excel - Englewood HS,,
Edward White Elementary Career Academy,Edward White Elementary Career Academy,,
Arnold Mireles Elementary Academy,Arnold Mireles Elementary Academy,,
John Palmer Elementary School,John Palmer Elementary School,,
James Shields Middle School,James Shields Middle School,,
Norman A Bridge Elementary School,Norman A Bridge Elementary School,,
Agustin Lara Elementary Academy,Agustin Lara Elementary Academy,,
Little Black Pearl Art and Design Academy,Little Black Pearl Art and Design Academy,,
YCCS- Innovations HS of Arts Integration,YCCS- Innovations HS of Arts Integration,,
Jesse Sherwood Elementary School,Jesse Sherwood Elementary School,,
William H Seward Communication Arts Academy ES,William H Seward Communication Arts Academy ES,,
George F Cassell Elementary School,George F Cassell Elementary School,,
Noble - Chicago Bulls College Prep,Noble - Chicago Bulls College Prep,,
South Loop Elementary School,South Loop Elementary School,,
Charles R Darwin Elementary School,Charles R Darwin Elementary School,,
Bret Harte Elementary School,Bret Harte Elementary School,,
Willa Cather Elementary School,Willa Cather Elementary School,,
Nathanael Greene Elementary School,Nathanael Greene Elementary School,,
Hope Institute Learning Academy,Hope Institute Learning Academy,,
Laura S Ward Elementary School,Laura S Ward Elementary School,,
Ombudsman Chicago - Roseland HS,Ombudsman Chicago - Roseland HS,,
Arthur E Canty Elementary School,Arthur E Canty Elementary School,,
Joseph Warren Elementary School,Joseph Warren Elementary School,,
Robert L Grimes Elementary School,Robert L Grimes Elementary School,,
John Greenleaf Whittier Elementary School,John Greenleaf Whittier Elementary School,,
Edgebrook Elementary School,Edgebrook Elementary School,,
Newton Bateman Elementary School,Newton Bateman Elementary School,,
Walter Henri Dyett High School for the Arts,Walter Henri Dyett High School for the Arts,,
Michael M Byrne Elementary School,Michael M Byrne Elementary School,,
Charles S Deneen Elementary School,Charles S Deneen Elementary School,,
John Spry Elementary Community School,John Spry Elementary Community School,,
Telpochcalli Elementary School,Telpochcalli Elementary School,,
Franz Peter Schubert Elementary School,Franz Peter Schubert Elementary School,,
John Marshall Metropolitan High School,John Marshall Metropolitan High School,,
Charles P Steinmetz College Preparatory HS,Charles P Steinmetz College Preparatory HS,,
CICS - Avalon/South Shore,CICS - Avalon/South Shore,,
Gwendolyn Brooks College Preparatory Academy HS,Gwendolyn Brooks College Preparatory Academy HS,Chicago,
Brooks College Preparatory Academy HS,Brooks College Preparatory Academy HS,Chicago,
Hanson Park Elementary School,Hanson Park Elementary School,,
Nathan S Davis Elementary School,Nathan S Davis Elementary School,,
Wildwood IB World Magnet School,Wildwood IB World Magnet School,,
Charles P Caldwell Academy of Math & Science ES,Charles P Caldwell Academy of Math & Science ES,,
Infinity Math Science and Technology High School,Infinity Math Science and Technology High School,Chicago,
Infinity High School,Infinity High School,Chicago,
Scott Joplin Elementary School,Scott Joplin Elementary School,,
DeWitt Clinton Elementary School,DeWitt Clinton Elementary School,,
Noble - Rowe-Clark Math and Science Academy,Noble - Rowe-Clark Math and Science Academy,,
Louisa May Alcott College Preparatory ES,Louisa May Alcott College Preparatory ES,,
Ombudsman Chicago- Northwest,Ombudsman Chicago- Northwest,,
Lillian R. Nicholson STEM Academy,Lillian R. Nicholson STEM Academy,,
John Harvard Elementary School of Excellence,John Harvard Elementary School of Excellence,,
Perkins Bass Elementary School,Perkins Bass Elementary School,,
Ferdinand Peck Elementary School,Ferdinand Peck Elementary School,,
Noble - Golder College Prep,Noble - Golder College Prep,,
Louis A Agassiz Elementary School,Louis A Agassiz Elementary School,,
William E B Dubois Elementary School,William E B Dubois Elementary School,,
Ombudsman Chicago- West,Ombudsman Chicago- West,,
YCCS-Chatham AcademyHS,YCCS-Chatham AcademyHS,,
Ida B Wells Preparatory Elementary Academy,Ida B Wells Preparatory Elementary Academy,Chicago,
Perspectives - Math and Science Academy,Perspectives - Math and Science Academy,,
Lyman A Budlong Elementary School,Lyman A Budlong Elementary School,,
Daniel S Wentworth Elementary School,Daniel S Wentworth Elementary School,,
James B Farnsworth Elementary School,James B Farnsworth Elementary School,,
Oliver Wendell Holmes Elementary School,Oliver Wendell Holmes Elementary School,,
Intrinsic Charter School,Intrinsic Charter School,,
Elizabeth H Sutherland Elementary School,Elizabeth H Sutherland Elementary School,,
Camelot Safe HS,Camelot Safe HS,,
Countee Cullen Elementary School,Countee Cullen Elementary School,,
Acero Charter Schools - SPC Daniel Zizumbo,Acero Charter Schools - SPC Daniel Zizumbo,,
Woodlawn Community Elementary School,Woodlawn Community Elementary School,,
Dr Jorge Prieto Math and Science,Dr Jorge Prieto Math and Science,,
Richard Henry Lee Elementary School,Richard Henry Lee Elementary School,,
Neal F Simeon Career Academy High School,Neal F Simeon Career Academy High School,,
KIPP Ascend Charter School,KIPP Ascend Charter School,,
Wendell E Green Elementary School,Wendell E Green Elementary School,,
Thomas A Edison Regional Gifted Center ES,Thomas A Edison Regional Gifted Center ES,,
Park Manor Elementary School,Park Manor Elementary School,,
Pablo Casals Elementary School,Pablo Casals Elementary School,,
Acero Charter Schools - Roberto Clemente,Acero Charter Schools - Roberto Clemente,,
YCCS- Academy of Scholastic Achievement HS,YCCS- Academy of Scholastic Achievement HS,,
ASPIRA Business and Finance,ASPIRA Business and Finance,,
Pilsen Elementary Community Academy,Pilsen Elementary Community Academy,,
Acero Charter Schools - Brighton Park,Acero Charter Schools - Brighton Park,,
Pathways in Education- Ashburn,Pathways in Education- Ashburn,,
Northwest Middle School,Northwest Middle School,,
Stephen T Mather High School,Stephen T Mather High School,,
National Teachers Elementary Academy,National Teachers Elementary Academy,,
Morton School of Excellence,Morton School of Excellence,,
Benito Juarez Community Academy High School,Benito Juarez Community Academy High School,,
Louisa May Alcott College Preparatory HS,Louisa May Alcott College Preparatory HS,,
Oscar DePriest Elementary School,Oscar DePriest Elementary School,,
Everett McKinley Dirksen Elementary School,Everett McKinley Dirksen Elementary School,,
Ernst Prussing Elementary School,Ernst Prussing Elementary School,,
Ninos Heroes Elementary Academic Center,Ninos Heroes Elementary Academic Center,,
LaSalle II Magnet Elementary School,LaSalle II Magnet Elementary School,,
Perspectives - Leadership Academy,Perspectives - Leadership Academy,,
Frank L Gillespie Elementary School,Frank L Gillespie Elementary School,,
Horace Greeley Elementary School,Horace Greeley Elementary School,,
Parkside Elementary Community Academy,Parkside Elementary Community Academy,,
Henry D Lloyd Elementary School,Henry D Lloyd Elementary School,,
Helen Peirce International Studies ES,Helen Peirce International Studies ES,,
John L Marsh Elementary School,John L Marsh Elementary School,,
Calmeca Academy of Fine Arts and Dual Language,Calmeca Academy of Fine Arts and Dual Language,,
Manley Career Academy High School,Manley Career Academy High School,,
George Washington Elementary School,George Washington Elementary School,,
Charles Sumner Math & Science Community Acad ES,Charles Sumner Math & Science Community Acad ES,,
STEM Magnet Academy,STEM Magnet Academy,,
Thomas Drummond Elementary School,Thomas Drummond Elementary School,,
Phillip Murray Elementary Language Academy,Phillip Murray Elementary Language Academy,,
Robert J. Richardson Middle School,Robert J. Richardson Middle School,,
Edward A Bouchet Math & Science Academy ES,Edward A Bouchet Math & Science Academy ES,,
Luther Burbank Elementary School,Luther Burbank Elementary School,,
Robert Healy Elementary School,Robert Healy Elementary School,,
Ella Flagg Young Elementary School,Ella Flagg Young Elementary School,,
Orr Academy High School,Orr Academy High School,,
Noble - Muchin College Prep,Noble - Muchin College Prep,,
Alexander Graham Bell Elementary School,Alexander Graham Bell Elementary School,,
George B Swift Elementary Specialty School,George B Swift Elementary Specialty School,,
Multicultural Academy of Scholarship,Multicultural Academy of Scholarship,,
Virgil Grissom Elementary School,Virgil Grissom Elementary School,,
Harold Washington Elementary School,Harold Washington Elementary School,,
Jesse Owens Elementary Community Academy,Jesse Owens Elementary Community Academy,,
Joseph E Gary Elementary School,Joseph E Gary Elementary School,,
Daniel Boone Elementary School,Daniel Boone Elementary School,,
Marie Sklodowska Curie Metropolitan High School,Marie Sklodowska Curie Metropolitan High School,,
Matthew Gallistel Elementary Language Academy,Matthew Gallistel Elementary Language Academy,,
Irma C Ruiz Elementary School,Irma C Ruiz Elementary School,,
CICS - Longwood,CICS - Longwood,,
Phoenix Military Academy High School,Phoenix Military Academy High School,,
Turner-Drew Elementary Language Academy,Turner-Drew Elementary Language Academy,,
Christopher House Charter School,Christopher House Charter School,,
Langston Hughes Elementary School,Langston Hughes Elementary School,,
James Weldon Johnson Elementary School,James Weldon Johnson Elementary School,,
Andrew Jackson Elementary Language Academy,Andrew Jackson Elementary Language Academy,,
Fort Dearborn Elementary School,Fort Dearborn Elementary School,,
The Montessori School of Englewood Charter,The Montessori School of Englewood Charter,,
Sarah E. Goode STEM Academy,Sarah E. Goode STEM Academy,,
William C Reavis Math & Science Specialty ES,William C Reavis Math & Science Specialty ES,,
Chicago Math and Science Academy Charter School,Chicago Math and Science Academy Charter School,,
Orville T Bright Elementary School,Orville T Bright Elementary School,,
Charles W Earle Elementary School,Charles W Earle Elementary School,,
John J Pershing Elementary Humanities Magnet,John J Pershing Elementary Humanities Magnet,,
Spencer Technology Academy,Spencer Technology Academy,,
Acero Charter Schools - Esmeralda Santiago,Acero Charter Schools - Esmeralda Santiago,,
Ogden International High School,Ogden International High School,,
ASPIRA Charter School - Haugan Middle School,ASPIRA Charter School - Haugan Middle School,,
Washington D Smyser Elementary School,Washington D Smyser Elementary School,,
James Ward Elementary School,James Ward Elementary School,,
Joshua D Kershaw Elementary School,Joshua D Kershaw Elementary School,,
Orozco Fine Arts & Sciences Elementary School,Orozco Fine Arts & Sciences Elementary School,,
Thomas J Waters Elementary School,Thomas J Waters Elementary School,,
Gerald Delgado Kanoon Elementary Magnet School,Gerald Delgado Kanoon Elementary Magnet School,,
Camelot Safe Elementary,Camelot Safe Elementary,,
Thomas Hoyne Elementary School,Thomas Hoyne Elementary School,,
Ellen Mitchell Elementary School,Ellen Mitchell Elementary School,,
Clara Barton Elementary School,Clara Barton Elementary School,,
Acero Charter Schools - Bartolomé de las Casas,Acero Charter Schools - Bartolomé de las Casas,,
North Lawndale College Prep - Collins,North Lawndale College Prep - Collins,,
Joseph Jungman Elementary School,Joseph Jungman Elementary School,,
Kate S Kellogg Elementary School,Kate S Kellogg Elementary School,,
Richard J Daley Elementary Academy,Richard J Daley Elementary Academy,,
Oscar Mayer Magnet School,Oscar Mayer Magnet School,,
Eli Whitney Elementary School,Eli Whitney Elementary School,,
Christian Ebinger Elementary School,Christian Ebinger Elementary School,,
John T Pirie Fine Arts & Academic Center ES,John T Pirie Fine Arts & Academic Center ES,,
West Ridge Elementary School,West Ridge Elementary School,,
Arthur R Ashe Elementary School,Arthur R Ashe Elementary School,,
William W Carter Elementary School,William W Carter Elementary School,,
Emiliano Zapata Elementary Academy,Emiliano Zapata Elementary Academy,,
John Charles Haines Elementary School,John Charles Haines Elementary School,,
Claremont Academy Elementary School,Claremont Academy Elementary School,,
Edison Park Elementary School,Edison Park Elementary School,,
Air Force Academy High School,Air Force Academy High School,,
Marvin Camras Elementary School,Marvin Camras Elementary School,,
Josiah Pickard Elementary School,Josiah Pickard Elementary School,,
Edgar Allan Poe Elementary Classical School,Edgar Allan Poe Elementary Classical School,,
Jensen Elementary Scholastic Academy,Jensen Elementary Scholastic Academy,,
William J Onahan Elementary School,William J Onahan Elementary School,,
Crown Community Academy of Fine Arts Center ES,Crown Community Academy of Fine Arts Center ES,,
Little Village Elementary School,Little Village Elementary School,,
John Fiske Elementary School,John Fiske Elementary School,,
Belmont-Cragin Elementary School,Belmont-Cragin Elementary School,,
Collins Academy High School,Collins Academy High School,,
Augustus H Burley Elementary School,Augustus H Burley Elementary School,,
Walter Payton College Preparatory High School,Walter Payton College Preparatory High School,,
Urban Prep Academy for Young Men - Bronzeville,Urban Prep Academy for Young Men - Bronzeville,,
Christopher Columbus Elementary School,Christopher Columbus Elementary School,,
Garry Comer College Prep,Garry Comer College Prep,Chicago,
Homeschooled,Homeschooled,,
Monona Grove High School,Monona Grove High School,Monona Grove